"model","percentageerror","expression"
"REM",-0.3984210984,"3"
"REM",1.1831225971,"3"
"REM",0.3745137904,"3"
"REM",1.1236660672,"3"
"REM",0.8739486416,"3"
"REM",0.8739486416,"3"
"REM",-0.5648993822,"3"
"REM",0.1961442007,"3"
"REM",0.3269485665,"3"
"REM",-0.671921136,"3"
"REM",0.2793833425,"3"
"REM",1.2069052091,"3"
"REM",1.266361739,"3"
"REM",0.9690790895,"3"
"REM",-1.4329647188,"3"
"REM",0.3864050964,"3"
"REM",-2.7528996828,"3"
"REM",-1.1594646812,"3"
"REM",0.4458616263,"3"
"REM",-2.3129213614,"3"
"REM",0.6836877459,"3"
"REM",0.3507311784,"3"
"REM",0.0772311408,"3"
"REM",1.4804052467,"3"
"REM",-0.1368123668,"3"
"REM",-0.3627471805,"3"
"REM",0.2437094246,"3"
"REM",-0.4697689343,"3"
"REM",0.6599051339,"3"
"REM",-0.9216385616,"3"
"REM",1.2187965151,"3"
"REM",-0.006008001,"3"
"REM",2.586296703,"3"
"REM",0.0891224468,"3"
"REM",0.4101877083,"3"
"REM",1.0642095373,"3"
"REM",-0.1130297549,"3"
"REM",1.242579127,"3"
"REM",-0.4578776283,"3"
"REM",3.2522098379,"3"
"REM",-0.4816602403,"3"
"REM",0.0653398349,"3"
"REM",-1.1713559872,"3"
"REM",-0.5292254642,"3"
"REM",-0.3627471805,"3"
"REM",1.6944487543,"3"
"REM",2.8003402106,"3"
"REM",0.2437094246,"3"
"REM",0.600448604,"3"
"REM",0.1010137528,"3"
"REM",0.4815355442,"3"
"REM",-0.9692037855,"3"
"REM",-0.2081602027,"3"
"REM",1.4685139407,"3"
"REM",-0.1011384489,"3"
"REM",-0.8383994197,"3"
"REM",-0.006008001,"3"
"REM",1.0285356194,"3"
"REM",1.5279704706,"3"
"REM",1.5993183065,"3"
"REM",-0.4103124044,"3"
"REM",-0.1011384489,"3"
"REM",0.3864050964,"3"
"REM",1.1474486792,"3"
"REM",0.2080355066,"3"
"REM",-1.5162038607,"3"
"REM",1.3139269629,"3"
"REM",0.4815355442,"3"
"REM",0.0772311408,"3"
"REM",-0.1962688967,"3"
"REM",-1.1594646812,"3"
"REM",-0.5530080762,"3"
"REM",-0.0654645309,"3"
"REM",0.7312529698,"3"
"REM",0.0296659169,"3"
"REM",-0.5767906881,"3"
"REM",0.6717964399,"3"
"REM",-0.0654645309,"3"
"REM",-1.4567473308,"3"
"REM",-0.4222037104,"3"
"REM",0.3150572605,"3"
"REM",-0.695703748,"3"
"REM",-0.66002983,"3"
"REM",0.3507311784,"3"
"REM",1.1117747612,"3"
"REM",1.1712312912,"3"
"REM",-0.1962688967,"3"
"REM",0.5647746861,"3"
"REM",-0.2676167326,"3"
"REM",-1.2545951291,"3"
"REM",-1.1832472932,"3"
"REM",0.4339703203,"3"
"REM",-0.1724862848,"3"
"REM",1.3852747988,"3"
"REM",-0.4816602403,"3"
"REM",-0.6005733001,"3"
"REM",0.2793833425,"3"
"REM",-0.2319428147,"3"
"REM",0.2556007306,"3"
"NW5",-0.3289833591,"2"
"NW5",1.4456822714,"2"
"NW5",0.3470797382,"2"
"NW5",1.2283762759,"2"
"NW5",1.1800860546,"2"
"NW5",0.80583684,"2"
"NW5",-0.55836191,"2"
"NW5",0.1901365192,"2"
"NW5",0.262571851,"2"
"NW5",-0.6428697972,"2"
"NW5",0.0452658555,"2"
"NW5",1.2525213865,"2"
"NW5",1.312884163,"2"
"NW5",1.1076507228,"2"
"NW5",-1.5845291114,"2"
"NW5",0.298789517,"2"
"NW5",-2.9608004168,"2"
"NW5",-1.2827152287,"2"
"NW5",0.3832974042,"2"
"NW5",-2.3933903172,"2"
"NW5",0.7696191741,"2"
"NW5",0.4919504019,"2"
"NW5",-0.051314587,"2"
"NW5",1.7716412648,"2"
"NW5",-0.0030243658,"2"
"NW5",-0.6911600185,"2"
"NW5",-0.0875322529,"2"
"NW5",-0.5825070207,"2"
"NW5",0.3108620723,"2"
"NW5",-0.6670149078,"2"
"NW5",1.1800860546,"2"
"NW5",-0.1358224742,"2"
"NW5",2.4235592516,"2"
"NW5",0.1539188533,"2"
"NW5",0.0331933002,"2"
"NW5",0.8541270612,"2"
"NW5",-0.2565480273,"2"
"NW5",1.155940944,"2"
"NW5",-0.8843209034,"2"
"NW5",3.0996223489,"2"
"NW5",-0.401418691,"2"
"NW5",0.0452658555,"2"
"NW5",-1.3672231158,"2"
"NW5",-0.4979991335,"2"
"NW5",-0.4859265782,"2"
"NW5",1.5784803799,"2"
"NW5",2.906461464,"2"
"NW5",-0.0150969211,"2"
"NW5",0.5885308444,"2"
"NW5",0.0694109661,"2"
"NW5",0.3953699595,"2"
"NW5",-1.0654092331,"2"
"NW5",-0.401418691,"2"
"NW5",1.6267706011,"2"
"NW5",-0.2324029167,"2"
"NW5",-1.0654092331,"2"
"NW5",0.0211207448,"2"
"NW5",0.998997725,"2"
"NW5",1.4456822714,"2"
"NW5",1.7112784883,"2"
"NW5",-0.5221442441,"2"
"NW5",-0.1358224742,"2"
"NW5",0.455732736,"2"
"NW5",1.2766664971,"2"
"NW5",0.5160955126,"2"
"NW5",-1.451731003,"2"
"NW5",1.2525213865,"2"
"NW5",0.4798778466,"2"
"NW5",0.1539188533,"2"
"NW5",-0.2927656932,"2"
"NW5",-1.4396584477,"2"
"NW5",-0.5342167994,"2"
"NW5",-0.2203303614,"2"
"NW5",0.7454740635,"2"
"NW5",0.1659914086,"2"
"NW5",-0.3169108038,"2"
"NW5",0.7816917294,"2"
"NW5",-0.0754596976,"2"
"NW5",-1.644891888,"2"
"NW5",-0.2806931379,"2"
"NW5",-0.0633871423,"2"
"NW5",-0.7635953503,"2"
"NW5",-0.7877404609,"2"
"NW5",0.2142816298,"2"
"NW5",0.962780059,"2"
"NW5",1.1921586099,"2"
"NW5",-0.1841126954,"2"
"NW5",0.7454740635,"2"
"NW5",-0.1720401401,"2"
"NW5",-1.258570118,"2"
"NW5",-0.9809013459,"2"
"NW5",0.4195150701,"2"
"NW5",-0.2806931379,"2"
"NW5",1.0955781675,"2"
"NW5",-0.5100716888,"2"
"NW5",-0.8843209034,"2"
"NW5",0.3591522935,"2"
"NW5",-0.2203303614,"2"
"NW5",0.0935560767,"2"
"NW6",-0.5144774728,"2"
"NW6",1.4438989549,"2"
"NW6",-0.1480715605,"2"
"NW6",1.4438989549,"2"
"NW6",0.5721055774,"2"
"NW6",1.064858356,"2"
"NW6",-0.4260346664,"2"
"NW6",-0.2744184268,"2"
"NW6",0.3699505913,"2"
"NW6",-0.6408243391,"2"
"NW6",-0.0090900076,"2"
"NW6",0.963780863,"2"
"NW6",1.2922827154,"2"
"NW6",1.5070723881,"2"
"NW6",-1.6515992695,"2"
"NW6",0.4457587111,"2"
"NW6",-4.0774591025,"2"
"NW6",-1.120942431,"2"
"NW6",0.142526232,"2"
"NW6",-2.864529186,"2"
"NW6",0.6479136972,"2"
"NW6",0.0540834256,"2"
"NW6",-0.0090900076,"2"
"NW6",2.1767107795,"2"
"NW6",-0.1354368739,"2"
"NW6",-1.1083077444,"2"
"NW6",0.0161793657,"2"
"NW6",-0.5776509059,"2"
"NW6",0.382585278,"2"
"NW6",-0.198610307,"2"
"NW6",1.4312642683,"2"
"NW6",-0.097532814,"2"
"NW6",2.1767107795,"2"
"NW6",-0.3502265466,"2"
"NW6",-0.2870531134,"2"
"NW6",0.622644324,"2"
"NW6",-0.3881306065,"2"
"NW6",1.8482089271,"2"
"NW6",-1.2346546107,"2"
"NW6",3.8571241013,"2"
"NW6",-1.0704036845,"2"
"NW6",0.382585278,"2"
"NW6",-1.6515992695,"2"
"NW6",-0.2870531134,"2"
"NW6",-1.1083077444,"2"
"NW6",1.9619211068,"2"
"NW6",3.0106000971,"2"
"NW6",-0.1101675006,"2"
"NW6",0.3194118448,"2"
"NW6",-0.1354368739,"2"
"NW6",0.0793527989,"2"
"NW6",-1.1083077444,"2"
"NW6",-1.1462118043,"2"
"NW6",2.1767107795,"2"
"NW6",-0.1480715605,"2"
"NW6",-1.3230974171,"2"
"NW6",-0.0090900076,"2"
"NW6",1.2417439688,"2"
"NW6",0.7110871304,"2"
"NW6",2.1135373463,"2"
"NW6",-0.7292671455,"2"
"NW6",-0.3502265466,"2"
"NW6",1.0522236694,"2"
"NW6",1.2164745956,"2"
"NW6",0.382585278,"2"
"NW6",-1.702138016,"2"
"NW6",1.7092273742,"2"
"NW6",0.963780863,"2"
"NW6",-0.2365143669,"2"
"NW6",-0.3628612332,"2"
"NW6",-1.2472892973,"2"
"NW6",-0.8177099519,"2"
"NW6",-0.9187874449,"2"
"NW6",1.4186295817,"2"
"NW6",0.5594708908,"2"
"NW6",-0.097532814,"2"
"NW6",1.1153971025,"2"
"NW6",0.1298915454,"2"
"NW6",-1.1967505508,"2"
"NW6",-0.438669353,"2"
"NW6",0.3320465315,"2"
"NW6",-0.9693261915,"2"
"NW6",-0.5271121594,"2"
"NW6",0.2815077849,"2"
"NW6",1.0395889828,"2"
"NW6",0.7110871304,"2"
"NW6",-0.5650162193,"2"
"NW6",0.9258768031,"2"
"NW6",-0.6534590257,"2"
"NW6",-0.7419018321,"2"
"NW6",-1.4368095968,"2"
"NW6",0.2056996652,"2"
"NW6",-0.0217246942,"2"
"NW6",0.9385114897,"2"
"NW6",-0.0596287541,"2"
"NW6",-1.3104627305,"2"
"NW6",0.7868952501,"2"
"NW6",-0.0343593808,"2"
"NW6",-0.2365143669,"2"
"NW7",-2.3760084124,"2"
"NW7",0.1517556555,"2"
"NW7",0.709607036,"2"
"NW7",2.1216683429,"2"
"NW7",-0.0225729009,"2"
"NW7",1.7555783744,"2"
"NW7",-1.6089627642,"2"
"NW7",2.8189825685,"2"
"NW7",1.1279955714,"2"
"NW7",0.0471585216,"2"
"NW7",1.3546226947,"2"
"NW7",0.6747413247,"2"
"NW7",2.1216683429,"2"
"NW7",1.7207126631,"2"
"NW7",-1.8704555988,"2"
"NW7",-2.445739835,"2"
"NW7",-4.7991753465,"2"
"NW7",-1.0685442394,"2"
"NW7",-1.3126042183,"2"
"NW7",-3.8403682862,"2"
"NW7",-0.3014985912,"2"
"NW7",-0.9813799612,"2"
"NW7",1.2500255608,"2"
"NW7",2.5923554452,"2"
"NW7",-0.6850214153,"2"
"NW7",-1.3649027853,"2"
"NW7",0.6224427578,"2"
"NW7",-1.6612613311,"2"
"NW7",-0.1446028904,"2"
"NW7",-1.2428727958,"2"
"NW7",0.6050099021,"2"
"NW7",-1.1731413732,"2"
"NW7",1.337189839,"2"
"NW7",-0.7024542709,"2"
"NW7",-1.9924855883,"2"
"NW7",-0.3363643025,"2"
"NW7",-0.0923043235,"2"
"NW7",1.4940855398,"2"
"NW7",-0.8070514048,"2"
"NW7",3.0630425475,"2"
"NW7",1.3197569834,"2"
"NW7",-0.4758271476,"2"
"NW7",-1.6612613311,"2"
"NW7",-1.6612613311,"2"
"NW7",-1.330037074,"2"
"NW7",2.1565340542,"2"
"NW7",1.7555783744,"2"
"NW7",1.5986826737,"2"
"NW7",-1.9053213101,"2"
"NW7",-0.3014985912,"2"
"NW7",0.3260842119,"2"
"NW7",-0.3537971581,"2"
"NW7",-1.9227541658,"2"
"NW7",2.4703254557,"2"
"NW7",0.3958156344,"2"
"NW7",-1.7135598981,"2"
"NW7",0.0820242329,"2"
"NW7",3.4639982272,"2"
"NW7",0.0820242329,"2"
"NW7",1.6509812406,"2"
"NW7",0.5875770465,"2"
"NW7",-0.6675885596,"2"
"NW7",0.0820242329,"2"
"NW7",-0.2492000243,"2"
"NW7",-0.8244842604,"2"
"NW7",-1.4172013522,"2"
"NW7",1.9124740752,"2"
"NW7",0.1168899442,"2"
"NW7",2.1913997654,"2"
"NW7",0.2389199337,"2"
"NW7",-1.0162456724,"2"
"NW7",-0.4932600032,"2"
"NW7",-1.765858465,"2"
"NW7",3.9346853295,"2"
"NW7",-0.214334313,"2"
"NW7",-0.7373199822,"2"
"NW7",0.0122928104,"2"
"NW7",0.4306813457,"2"
"NW7",-1.6612613311,"2"
"NW7",-1.5915299086,"2"
"NW7",-0.8767828273,"2"
"NW7",-0.5978571371,"2"
"NW7",0.3435170675,"2"
"NW7",0.3783827788,"2"
"NW7",1.2500255608,"2"
"NW7",1.4069212616,"2"
"NW7",0.6398756134,"2"
"NW7",1.8078769413,"2"
"NW7",-0.5106928589,"2"
"NW7",-1.521798486,"2"
"NW7",-2.0273512996,"2"
"NW7",1.1279955714,"2"
"NW7",0.3958156344,"2"
"NW7",1.4940855398,"2"
"NW7",0.9362341593,"2"
"NW7",-0.406095725,"2"
"NW7",1.8601755083,"2"
"NW7",-0.0225729009,"2"
"NW7",-1.8181570319,"2"
"SW6",-1.4090623142,"1"
"SW6",-0.0831913304,"1"
"SW6",0.5797441615,"1"
"SW6",2.195649423,"1"
"SW6",-0.1246247987,"1"
"SW6",3.0657522561,"1"
"SW6",-1.8233969967,"1"
"SW6",3.4593702044,"1"
"SW6",1.2841131216,"1"
"SW6",1.180529451,"1"
"SW6",2.4235334983,"1"
"SW6",0.2482764155,"1"
"SW6",2.5478339031,"1"
"SW6",0.9940788439,"1"
"SW6",-2.217014945,"1"
"SW6",-3.2321349169,"1"
"SW6",-2.5277659568,"1"
"SW6",0.0203923402,"1"
"SW6",-2.0927145402,"1"
"SW6",-5.6559928092,"1"
"SW6",0.4140102885,"1"
"SW6",-1.6783798578,"1"
"SW6",1.4084135264,"1"
"SW6",2.3406665618,"1"
"SW6",-0.0417578622,"1"
"SW6",-0.6011096835,"1"
"SW6",0.3932935544,"1"
"SW6",-1.4919292507,"1"
"SW6",1.2012461851,"1"
"SW6",-0.7046933541,"1"
"SW6",-0.7461268223,"1"
"SW6",-0.1453415328,"1"
"SW6",0.5175939591,"1"
"SW6",-0.4560925446,"1"
"SW6",-2.5484826909,"1"
"SW6",0.0825425426,"1"
"SW6",-1.3469121119,"1"
"SW6",1.014795578,"1"
"SW6",0.165409479,"1"
"SW6",3.210769395,"1"
"SW6",0.5383106932,"1"
"SW6",-0.9118606953,"1"
"SW6",-1.9476974014,"1"
"SW6",0.3104266179,"1"
"SW6",-1.9476974014,"1"
"SW6",1.3255465899,"1"
"SW6",2.1542159547,"1"
"SW6",2.3199498277,"1"
"SW6",-1.3054786436,"1"
"SW6",-0.9532941635,"1"
"SW6",-0.7875602906,"1"
"SW6",0.0411090743,"1"
"SW6",-1.719813326,"1"
"SW6",5.0752754659,"1"
"SW6",-0.186775001,"1"
"SW6",0.4554437567,"1"
"SW6",0.3518600861,"1"
"SW6",2.7342845101,"1"
"SW6",-1.2226117071,"1"
"SW6",3.1279024585,"1"
"SW6",0.662611098,"1"
"SW6",-1.3469121119,"1"
"SW6",-1.3054786436,"1"
"SW6",0.7869115027,"1"
"SW6",-1.5333627189,"1"
"SW6",-1.9062639331,"1"
"SW6",1.9263318794,"1"
"SW6",0.1861262132,"1"
"SW6",2.7550012443,"1"
"SW6",-1.3261953777,"1"
"SW6",-0.9532941635,"1"
"SW6",0.3725768203,"1"
"SW6",-1.9062639331,"1"
"SW6",3.397220002,"1"
"SW6",-0.1453415328,"1"
"SW6",-0.7254100882,"1"
"SW6",1.4084135264,"1"
"SW6",-0.8497104929,"1"
"SW6",-1.4090623142,"1"
"SW6",-1.6783798578,"1"
"SW6",-0.3939423422,"1"
"SW6",-1.2640451754,"1"
"SW6",0.8076282368,"1"
"SW6",0.4140102885,"1"
"SW6",1.346263324,"1"
"SW6",-0.0831913304,"1"
"SW6",1.8434649429,"1"
"SW6",2.8585849149,"1"
"SW6",-1.8441137308,"1"
"SW6",-3.5221691946,"1"
"SW6",-2.3413153497,"1"
"SW6",0.7247613003,"1"
"SW6",-0.2489252034,"1"
"SW6",1.6155808676,"1"
"SW6",1.5741473993,"1"
"SW6",0.4554437567,"1"
"SW6",1.9884820818,"1"
"SW6",-1.3469121119,"1"
"SW6",-0.9118606953,"1"
"SW9",-5.4107972556,"1"
"SW9",1.3902142126,"1"
"SW9",0.4343963847,"1"
"SW9",-1.1096170297,"1"
"SW9",1.9784097991,"1"
"SW9",2.0519342474,"1"
"SW9",-1.0360925814,"1"
"SW9",1.2064030919,"1"
"SW9",1.6475497817,"1"
"SW9",0.9123052986,"1"
"SW9",-1.4404770471,"1"
"SW9",-1.0728548056,"1"
"SW9",1.6107875575,"1"
"SW9",1.8681231266,"1"
"SW9",-4.1608816344,"1"
"SW9",0.5814452813,"1"
"SW9",0.9858297469,"1"
"SW9",-0.1170369776,"1"
"SW9",-0.447896995,"1"
"SW9",-4.3814549793,"1"
"SW9",0.4343963847,"1"
"SW9",-1.4772392713,"1"
"SW9",4.9561499554,"1"
"SW9",4.5150032656,"1"
"SW9",-0.3376103225,"1"
"SW9",2.4195564889,"1"
"SW9",2.456318713,"1"
"SW9",-0.0802747535,"1"
"SW9",-0.0802747535,"1"
"SW9",-3.6829727204,"1"
"SW9",-0.7419947882,"1"
"SW9",-0.3743725467,"1"
"SW9",-0.8890436848,"1"
"SW9",-3.7564971687,"1"
"SW9",-4.6387905484,"1"
"SW9",0.765256402,"1"
"SW9",-3.7564971687,"1"
"SW9",3.0077520753,"1"
"SW9",-0.5214214433,"1"
"SW9",3.9635699033,"1"
"SW9",0.6182075054,"1"
"SW9",2.456318713,"1"
"SW9",-0.4111347708,"1"
"SW9",1.7945986783,"1"
"SW9",-1.8448615128,"1"
"SW9",-1.7713370645,"1"
"SW9",1.6107875575,"1"
"SW9",2.5298431614,"1"
"SW9",-2.61686822,"1"
"SW9",-3.1683015823,"1"
"SW9",-2.1021970819,"1"
"SW9",0.3241097122,"1"
"SW9",-1.9551481853,"1"
"SW9",3.4856609893,"1"
"SW9",1.9416475749,"1"
"SW9",4.2209054724,"1"
"SW9",-2.1021970819,"1"
"SW9",4.1473810241,"1"
"SW9",-0.3376103225,"1"
"SW9",3.8532832308,"1"
"SW9",3.6327098859,"1"
"SW9",1.5372631092,"1"
"SW9",-0.0067503052,"1"
"SW9",-1.7345748403,"1"
"SW9",-1.0360925814,"1"
"SW9",-2.9844904615,"1"
"SW9",-0.3743725467,"1"
"SW9",2.8974654029,"1"
"SW9",5.9487300075,"1"
"SW9",-2.4698193234,"1"
"SW9",-1.8816237369,"1"
"SW9",0.9490675228,"1"
"SW9",-0.0067503052,"1"
"SW9",4.2209054724,"1"
"SW9",0.5446830571,"1"
"SW9",-1.0360925814,"1"
"SW9",-0.447896995,"1"
"SW9",-0.9625681331,"1"
"SW9",1.0225919711,"1"
"SW9",1.0593541953,"1"
"SW9",2.3092698164,"1"
"SW9",-2.6536304442,"1"
"SW9",0.8020186262,"1"
"SW9",1.3534519885,"1"
"SW9",-0.4111347708,"1"
"SW9",-0.4846592192,"1"
"SW9",0.5446830571,"1"
"SW9",6.3531144732,"1"
"SW9",-5.3005105831,"1"
"SW9",0.287347488,"1"
"SW9",-3.2050638064,"1"
"SW9",-0.5949458916,"1"
"SW9",0.8020186262,"1"
"SW9",4.4782410414,"1"
"SW9",1.4637386609,"1"
"SW9",-2.6536304442,"1"
"SW9",2.934227627,"1"
"SW9",-3.0212526857,"1"
"SW9",-1.5140014954,"1"
"SW8",-5.1566364405,"1"
"SW8",1.8444194184,"1"
"SW8",0.6476577331,"1"
"SW8",0.5279815646,"1"
"SW8",-1.0278086263,"1"
"SW8",0.6476577331,"1"
"SW8",0.6476577331,"1"
"SW8",1.1862004915,"1"
"SW8",3.8190761992,"1"
"SW8",1.6050670814,"1"
"SW8",-7.1911313055,"1"
"SW8",1.1862004915,"1"
"SW8",-1.0278086263,"1"
"SW8",3.4002096093,"1"
"SW8",-3.7205224182,"1"
"SW8",3.2805334408,"1"
"SW8",-0.3695896994,"1"
"SW8",-1.0278086263,"1"
"SW8",-2.8229511542,"1"
"SW8",-8.9862738335,"1"
"SW8",1.4255528286,"1"
"SW8",-0.4294277836,"1"
"SW8",5.5543806428,"1"
"SW8",6.2125995697,"1"
"SW8",1.4255528286,"1"
"SW8",3.1608572722,"1"
"SW8",4.6568093789,"1"
"SW8",0.8271719859,"1"
"SW8",-0.8482943735,"1"
"SW8",-6.4132362101,"1"
"SW8",-0.1302373623,"1"
"SW8",-1.2073228791,"1"
"SW8",0.5279815646,"1"
"SW8",-4.797607935,"1"
"SW8",-9.105950002,"1"
"SW8",0.7673339017,"1"
"SW8",-5.5755030304,"1"
"SW8",0.5878196489,"1"
"SW8",-0.0105611938,"1"
"SW8",4.7166474631,"1"
"SW8",1.2460385758,"1"
"SW8",1.30587666,"1"
"SW8",-0.967970542,"1"
"SW8",2.2632860083,"1"
"SW8",-3.4213319969,"1"
"SW8",-1.6261894689,"1"
"SW8",1.30587666,"1"
"SW8",2.3829621768,"1"
"SW8",0.168953059,"1"
"SW8",1.3657147443,"1"
"SW8",-0.2499135308,"1"
"SW8",1.7247432499,"1"
"SW8",-4.139389008,"1"
"SW8",-0.3097516151,"1"
"SW8",-0.4294277836,"1"
"SW8",2.8018287667,"1"
"SW8",-4.139389008,"1"
"SW8",3.4600476936,"1"
"SW8",1.2460385758,"1"
"SW8",7.409361255,"1"
"SW8",0.1091149747,"1"
"SW8",3.6395619464,"1"
"SW8",-2.2245703116,"1"
"SW8",-2.7032749857,"1"
"SW8",-0.0105611938,"1"
"SW8",2.5026383453,"1"
"SW8",-1.2671609633,"1"
"SW8",5.8535710642,"1"
"SW8",7.170008918,"1"
"SW8",-1.5065133004,"1"
"SW8",1.8444194184,"1"
"SW8",-3.4213319969,"1"
"SW8",1.2460385758,"1"
"SW8",6.3322757383,"1"
"SW8",2.4428002611,"1"
"SW8",2.2632860083,"1"
"SW8",0.2886292275,"1"
"SW8",-1.1474847948,"1"
"SW8",1.7247432499,"1"
"SW8",0.8271719859,"1"
"SW8",1.6050670814,"1"
"SW8",-3.7205224182,"1"
"SW8",-0.1302373623,"1"
"SW8",0.2287911433,"1"
"SW8",0.5279815646,"1"
"SW8",-2.7032749857,"1"
"SW8",0.7673339017,"1"
"SW8",7.9479040134,"1"
"SW8",-10.6019021086,"1"
"SW8",2.4428002611,"1"
"SW8",-2.6434369014,"1"
"SW8",3.6994000306,"1"
"SW8",2.3829621768,"1"
"SW8",5.0158378844,"1"
"SW8",2.0239336712,"1"
"SW8",-1.0876467105,"1"
"SW8",1.2460385758,"1"
"SW8",-1.9852179745,"1"
"SW8",-2.8827892385,"1"
"SW7",-5.5839359227,"1"
"SW7",5.7784557428,"1"
"SW7",1.5851921519,"1"
"SW7",7.9427208219,"1"
"SW7",-2.8786045738,"1"
"SW7",-0.9848726295,"1"
"SW7",1.5851921519,"1"
"SW7",1.8557252868,"1"
"SW7",8.2132539568,"1"
"SW7",-0.7143394946,"1"
"SW7",-10.7240654856,"1"
"SW7",4.6963232032,"1"
"SW7",-1.5259388993,"1"
"SW7",8.0779873894,"1"
"SW7",1.4499255845,"1"
"SW7",1.9909918543,"1"
"SW7",-0.3085397923,"1"
"SW7",4.9668563381,"1"
"SW7",-3.8254705459,"1"
"SW7",-2.2022717365,"1"
"SW7",2.5320581241,"1"
"SW7",6.9958548498,"1"
"SW7",-0.3085397923,"1"
"SW7",12.1359844127,"1"
"SW7",0.9088593147,"1"
"SW7",2.9378578264,"1"
"SW7",1.4499255845,"1"
"SW7",1.5851921519,"1"
"SW7",-3.1491377087,"1"
"SW7",-3.554937411,"1"
"SW7",-6.5308018948,"1"
"SW7",-8.8303335414,"1"
"SW7",3.2083909613,"1"
"SW7",-5.4486693552,"1"
"SW7",-10.9945986205,"1"
"SW7",1.4499255845,"1"
"SW7",-6.9366015972,"1"
"SW7",-1.5259388993,"1"
"SW7",-4.3665368157,"1"
"SW7",10.106985901,"1"
"SW7",-2.8786045738,"1"
"SW7",-3.4196708436,"1"
"SW7",1.5851921519,"1"
"SW7",3.8847237985,"1"
"SW7",-4.2312702482,"1"
"SW7",-3.6902039784,"1"
"SW7",4.2905235009,"1"
"SW7",4.2905235009,"1"
"SW7",3.8847237985,"1"
"SW7",0.6383261798,"1"
"SW7",1.5851921519,"1"
"SW7",0.7735927473,"1"
"SW7",-5.5839359227,"1"
"SW7",-1.120139197,"1"
"SW7",1.1793924496,"1"
"SW7",10.9185853057,"1"
"SW7",-0.8496060621,"1"
"SW7",9.2953864964,"1"
"SW7",3.7494572311,"1"
"SW7",10.6480521708,"1"
"SW7",2.1262584217,"1"
"SW7",8.3485205242,"1"
"SW7",-8.5598004065,"1"
"SW7",-0.5790729272,"1"
"SW7",2.3967915566,"1"
"SW7",7.8074542545,"1"
"SW7",-0.4438063597,"1"
"SW7",10.3775190359,"1"
"SW7",9.8364527662,"1"
"SW7",-1.7964720342,"1"
"SW7",-0.9848726295,"1"
"SW7",-6.1250021925,"1"
"SW7",0.6383261798,"1"
"SW7",3.3436575287,"1"
"SW7",-2.6080714389,"1"
"SW7",-0.0380066574,"1"
"SW7",0.6383261798,"1"
"SW7",-0.3085397923,"1"
"SW7",1.9909918543,"1"
"SW7",7.4016545521,"1"
"SW7",4.019990366,"1"
"SW7",-2.2022717365,"1"
"SW7",-3.8254705459,"1"
"SW7",2.2615249892,"1"
"SW7",-6.1250021925,"1"
"SW7",-0.5790729272,"1"
"SW7",2.3967915566,"1"
"SW7",10.9185853057,"1"
"SW7",-11.2651317554,"1"
"SW7",4.2905235009,"1"
"SW7",-4.9076030855,"1"
"SW7",13.4886500872,"1"
"SW7",2.1262584217,"1"
"SW7",2.1262584217,"1"
"SW7",7.2663879847,"1"
"SW7",-2.6080714389,"1"
"SW7",1.9909918543,"1"
"SW7",-0.3085397923,"1"
"SW7",-7.8834675693,"1"
"SW5",-3.0389973702,"1"
"SW5",1.9327742675,"1"
"SW5",-2.3287442791,"1"
"SW5",-0.2208963959,"1"
"SW5",0.0769516746,"1"
"SW5",1.8869514874,"1"
"SW5",-2.6953265197,"1"
"SW5",4.7050524617,"1"
"SW5",0.970495886,"1"
"SW5",-0.1979850058,"1"
"SW5",-0.4270989062,"1"
"SW5",1.1079642262,"1"
"SW5",2.0244198276,"1"
"SW5",1.4516350767,"1"
"SW5",-3.4284910008,"1"
"SW5",-0.335453346,"1"
"SW5",0.2602427949,"1"
"SW5",-0.5874786364,"1"
"SW5",-0.1979850058,"1"
"SW5",-1.9163392585,"1"
"SW5",0.5810022554,"1"
"SW5",-1.618491188,"1"
"SW5",1.1766983963,"1"
"SW5",5.3007486027,"1"
"SW5",0.1456858447,"1"
"SW5",2.3910020682,"1"
"SW5",2.7346729187,"1"
"SW5",0.1685972347,"1"
"SW5",-0.4041875161,"1"
"SW5",-3.1535543204,"1"
"SW5",-0.5187444663,"1"
"SW5",-2.4662126193,"1"
"SW5",-1.4122886777,"1"
"SW5",-1.1831747773,"1"
"SW5",-2.0996303788,"1"
"SW5",0.6955592056,"1"
"SW5",-2.260010109,"1"
"SW5",-1.9163392585,"1"
"SW5",-1.1373519973,"1"
"SW5",4.7050524617,"1"
"SW5",0.0998630646,"1"
"SW5",0.1685972347,"1"
"SW5",-0.8853267069,"1"
"SW5",1.1996097863,"1"
"SW5",-1.3435545076,"1"
"SW5",1.7953059273,"1"
"SW5",0.1915086248,"1"
"SW5",2.9637868191,"1"
"SW5",-1.1373519973,"1"
"SW5",-0.8165925368,"1"
"SW5",-0.7478583667,"1"
"SW5",1.5891034169,"1"
"SW5",-2.7182379097,"1"
"SW5",3.1470779393,"1"
"SW5",2.1160653877,"1"
"SW5",1.0392300561,"1"
"SW5",-0.6333014165,"1"
"SW5",4.7966980219,"1"
"SW5",0.1227744547,"1"
"SW5",3.6969513002,"1"
"SW5",3.9718879806,"1"
"SW5",0.6497364255,"1"
"SW5",-1.5039342378,"1"
"SW5",1.9327742675,"1"
"SW5",0.7184705956,"1"
"SW5",-1.2977317275,"1"
"SW5",1.0850528362,"1"
"SW5",0.5580908653,"1"
"SW5",1.1537870063,"1"
"SW5",-1.5497570179,"1"
"SW5",-0.976972267,"1"
"SW5",-1.1602633873,"1"
"SW5",-1.2519089475,"1"
"SW5",3.7198626902,"1"
"SW5",1.2454325664,"1"
"SW5",-0.312541956,"1"
"SW5",1.4974578568,"1"
"SW5",-2.5578581795,"1"
"SW5",-0.1063394457,"1"
"SW5",1.7494831472,"1"
"SW5",0.0998630646,"1"
"SW5",-1.1144406072,"1"
"SW5",0.328976965,"1"
"SW5",1.1308756162,"1"
"SW5",-0.2667191759,"1"
"SW5",-0.1750736158,"1"
"SW5",1.1308756162,"1"
"SW5",3.8344196404,"1"
"SW5",-1.2289975574,"1"
"SW5",-0.0605166656,"1"
"SW5",-3.0160859802,"1"
"SW5",0.9017617159,"1"
"SW5",1.7494831472,"1"
"SW5",3.9031538105,"1"
"SW5",1.4745464668,"1"
"SW5",-2.0767189887,"1"
"SW5",0.2144200148,"1"
"SW5",-1.595579798,"1"
"SW5",0.0540402846,"1"
"SW4",-7.3437600141,"1"
"SW4",2.7870499444,"1"
"SW4",1.0123095138,"1"
"SW4",2.3433648368,"1"
"SW4",-2.2413812759,"1"
"SW4",0.5686244061,"1"
"SW4",-2.019538722,"1"
"SW4",1.6778371753,"1"
"SW4",3.1567875342,"1"
"SW4",-2.6850663835,"1"
"SW4",-7.4177075321,"1"
"SW4",3.7483676777,"1"
"SW4",1.7517846932,"1"
"SW4",7.6675861289,"1"
"SW4",-0.2447982913,"1"
"SW4",2.4912598727,"1"
"SW4",2.4173123547,"1"
"SW4",2.9349449803,"1"
"SW4",-2.7590139015,"1"
"SW4",-4.2379642604,"1"
"SW4",0.716519442,"1"
"SW4",-0.2447982913,"1"
"SW4",-0.7624309169,"1"
"SW4",8.0373237186,"1"
"SW4",-0.0969032554,"1"
"SW4",-0.9842734708,"1"
"SW4",1.0123095138,"1"
"SW4",0.8644144779,"1"
"SW4",-1.5758536143,"1"
"SW4",-5.9387571731,"1"
"SW4",-1.6498011323,"1"
"SW4",-7.7134976038,"1"
"SW4",1.0862570317,"1"
"SW4",-6.160599727,"1"
"SW4",-9.7100805884,"1"
"SW4",1.7517846932,"1"
"SW4",-3.2766465271,"1"
"SW4",-2.9808564553,"1"
"SW4",-3.6463841168,"1"
"SW4",5.7449506623,"1"
"SW4",1.0123095138,"1"
"SW4",-0.0229557375,"1"
"SW4",1.2341520676,"1"
"SW4",1.6778371753,"1"
"SW4",0.1249392984,"1"
"SW4",-1.7976961682,"1"
"SW4",0.642571924,"1"
"SW4",4.1920527854,"1"
"SW4",-0.0229557375,"1"
"SW4",-0.3187458093,"1"
"SW4",-3.7942791527,"1"
"SW4",2.7870499444,"1"
"SW4",-0.9103259528,"1"
"SW4",-0.7624309169,"1"
"SW4",1.8996797291,"1"
"SW4",2.4173123547,"1"
"SW4",-2.1674337579,"1"
"SW4",7.519691093,"1"
"SW4",1.4559946214,"1"
"SW4",12.6220698312,"1"
"SW4",-1.5019060964,"1"
"SW4",2.7131024265,"1"
"SW4",-3.6463841168,"1"
"SW4",-4.6816493681,"1"
"SW4",1.3820471035,"1"
"SW4",2.047574765,"1"
"SW4",0.0509917805,"1"
"SW4",4.9315279649,"1"
"SW4",4.6357378931,"1"
"SW4",-0.4666408452,"1"
"SW4",2.3433648368,"1"
"SW4",-4.6816493681,"1"
"SW4",0.5686244061,"1"
"SW4",4.1920527854,"1"
"SW4",3.8962627136,"1"
"SW4",-2.9069089374,"1"
"SW4",0.1988868164,"1"
"SW4",-1.8716436861,"1"
"SW4",1.4559946214,"1"
"SW4",1.7517846932,"1"
"SW4",4.1920527854,"1"
"SW4",-1.0582209887,"1"
"SW4",-1.4279585785,"1"
"SW4",-1.5019060964,"1"
"SW4",-3.5724365989,"1"
"SW4",0.0509917805,"1"
"SW4",1.6038896573,"1"
"SW4",8.9246939339,"1"
"SW4",-8.1571827115,"1"
"SW4",2.7131024265,"1"
"SW4",-2.1674337579,"1"
"SW4",3.452577606,"1"
"SW4",3.5265251239,"1"
"SW4",3.5265251239,"1"
"SW4",4.9315279649,"1"
"SW4",-4.9774394398,"1"
"SW4",2.1954698009,"1"
"SW4",0.1249392984,"1"
"SW4",-3.1287514912,"1"
"NW1",-0.6768587116,"3"
"NW1",0.6004329673,"3"
"NW1",0.0283943627,"3"
"NW1",-0.7160394379,"3"
"NW1",0.0048859269,"3"
"NW1",0.5455799504,"3"
"NW1",-0.2772153028,"3"
"NW1",0.1224281059,"3"
"NW1",-0.0813116711,"3"
"NW1",-0.6063334042,"3"
"NW1",-0.222362286,"3"
"NW1",0.9138787781,"3"
"NW1",-0.1126562522,"3"
"NW1",-0.0264586542,"3"
"NW1",-0.9432876507,"3"
"NW1",1.6269679976,"3"
"NW1",0.1224281059,"3"
"NW1",-0.8570900528,"3"
"NW1",1.4153920753,"3"
"NW1",-1.1705358635,"3"
"NW1",-0.1675092691,"3"
"NW1",0.5769245315,"3"
"NW1",0.2321341397,"3"
"NW1",1.8620523557,"3"
"NW1",1.1646354267,"3"
"NW1",0.8120088896,"3"
"NW1",0.561252241,"3"
"NW1",0.2634787207,"3"
"NW1",0.3340040282,"3"
"NW1",-2.8866516775,"3"
"NW1",1.2116522983,"3"
"NW1",-0.4417743535,"3"
"NW1",1.2665053152,"3"
"NW1",-1.0294852487,"3"
"NW1",0.357512464,"3"
"NW1",1.3291944774,"3"
"NW1",0.9060426328,"3"
"NW1",-0.0578032353,"3"
"NW1",-0.9824683771,"3"
"NW1",2.3322210718,"3"
"NW1",-0.4104297724,"3"
"NW1",-0.0264586542,"3"
"NW1",-1.3664394953,"3"
"NW1",-0.6220056947,"3"
"NW1",-0.136164688,"3"
"NW1",0.475054643,"3"
"NW1",1.2586691699,"3"
"NW1",-0.3242321745,"3"
"NW1",0.6631221295,"3"
"NW1",0.0597389437,"3"
"NW1",-0.3242321745,"3"
"NW1",-0.0264586542,"3"
"NW1",0.6631221295,"3"
"NW1",0.8668619065,"3"
"NW1",0.6944667105,"3"
"NW1",-0.7003671474,"3"
"NW1",-0.4182659177,"3"
"NW1",2.2225150381,"3"
"NW1",0.6082691126,"3"
"NW1",1.5172619638,"3"
"NW1",0.4515462072,"3"
"NW1",0.8120088896,"3"
"NW1",-0.5201358062,"3"
"NW1",0.0283943627,"3"
"NW1",-0.3242321745,"3"
"NW1",-0.5749888231,"3"
"NW1",1.3840474942,"3"
"NW1",0.0519027985,"3"
"NW1",0.357512464,"3"
"NW1",-0.0107863637,"3"
"NW1",-0.1988538502,"3"
"NW1",-0.6455141305,"3"
"NW1",-0.7865647453,"3"
"NW1",2.2930403455,"3"
"NW1",0.1381003964,"3"
"NW1",0.0832473795,"3"
"NW1",0.2791510113,"3"
"NW1",-0.7865647453,"3"
"NW1",-0.4652827893,"3"
"NW1",0.4828907883,"3"
"NW1",0.5455799504,"3"
"NW1",0.4358739167,"3"
"NW1",-0.4966273704,"3"
"NW1",-0.0734755258,"3"
"NW1",-0.661186421,"3"
"NW1",0.4437100619,"3"
"NW1",-0.3320683197,"3"
"NW1",0.4437100619,"3"
"NW1",-0.8884346338,"3"
"NW1",-0.5749888231,"3"
"NW1",0.153772687,"3"
"NW1",0.1381003964,"3"
"NW1",0.7963365991,"3"
"NW1",1.1567992814,"3"
"NW1",0.3496763187,"3"
"NW1",-0.9276153602,"3"
"NW1",0.0910835248,"3"
"NW1",-0.0578032353,"3"
"NW1",0.882534197,"3"
"NW2",-0.649948316,"2"
"NW2",0.7429943349,"2"
"NW2",0.204811947,"2"
"NW2",-0.4916593784,"2"
"NW2",-0.0642792469,"2"
"NW2",0.6084487379,"2"
"NW2",-0.3333704408,"2"
"NW2",0.3076997565,"2"
"NW2",-0.0563648,"2"
"NW2",-0.6895205504,"2"
"NW2",-0.1829959501,"2"
"NW2",1.0041710819,"2"
"NW2",0.006950775,"2"
"NW2",0.0306941157,"2"
"NW2",-0.8636383818,"2"
"NW2",1.6689846198,"2"
"NW2",-0.0167925656,"2"
"NW2",-0.8715528286,"2"
"NW2",1.2495189352,"2"
"NW2",-1.1406440226,"2"
"NW2",-0.1829959501,"2"
"NW2",0.6875932067,"2"
"NW2",0.2997853096,"2"
"NW2",1.8114446637,"2"
"NW2",1.0991444445,"2"
"NW2",0.7509087817,"2"
"NW2",0.5688765035,"2"
"NW2",0.1810686064,"2"
"NW2",0.402673119,"2"
"NW2",-2.7472767392,"2"
"NW2",1.328663404,"2"
"NW2",-0.5074882722,"2"
"NW2",1.5027812353,"2"
"NW2",-1.0852428944,"2"
"NW2",0.4105875659,"2"
"NW2",1.3049200633,"2"
"NW2",0.9566844006,"2"
"NW2",0.1177530313,"2"
"NW2",-0.8794672755,"2"
"NW2",2.2863114765,"2"
"NW2",-0.4046004627,"2"
"NW2",-0.0801081407,"2"
"NW2",-1.3543340883,"2"
"NW2",-0.7053494442,"2"
"NW2",-0.190910397,"2"
"NW2",0.6559354192,"2"
"NW2",1.1782889133,"2"
"NW2",-0.2700548658,"2"
"NW2",0.6163631848,"2"
"NW2",0.1177530313,"2"
"NW2",-0.3017126533,"2"
"NW2",0.0306941157,"2"
"NW2",0.6638498661,"2"
"NW2",0.9645988475,"2"
"NW2",0.4818175878,"2"
"NW2",-0.7449216786,"2"
"NW2",-0.3096271002,"2"
"NW2",2.4050281797,"2"
"NW2",0.537218716,"2"
"NW2",1.5027812353,"2"
"NW2",0.4976464816,"2"
"NW2",0.8854543787,"2"
"NW2",-0.4837449315,"2"
"NW2",0.1177530313,"2"
"NW2",-0.3808571221,"2"
"NW2",-0.5945471878,"2"
"NW2",1.4790378947,"2"
"NW2",0.1256674782,"2"
"NW2",0.4264164597,"2"
"NW2",-0.0959370344,"2"
"NW2",-0.1434237157,"2"
"NW2",-0.6578627629,"2"
"NW2",-0.8240661474,"2"
"NW2",2.2625681358,"2"
"NW2",0.0227796688,"2"
"NW2",0.1256674782,"2"
"NW2",0.5213898222,"2"
"NW2",-0.9902695318,"2"
"NW2",-0.4995738253,"2"
"NW2",0.5451331629,"2"
"NW2",0.537218716,"2"
"NW2",0.4105875659,"2"
"NW2",-0.4837449315,"2"
"NW2",-0.2304826314,"2"
"NW2",-0.7449216786,"2"
"NW2",0.5530476097,"2"
"NW2",-0.2858837595,"2"
"NW2",0.4185020128,"2"
"NW2",-0.911125063,"2"
"NW2",-0.6103760816,"2"
"NW2",0.1731541595,"2"
"NW2",0.1573252657,"2"
"NW2",0.7667376755,"2"
"NW2",1.130802232,"2"
"NW2",0.2839564158,"2"
"NW2",-0.784493913,"2"
"NW2",-0.0484503531,"2"
"NW2",-0.0009636719,"2"
"NW2",0.6955076536,"2"
"NW3",-0.9015601537,"2"
"NW3",0.7451891758,"2"
"NW3",0.1337723455,"2"
"NW3",-0.3390566699,"2"
"NW3",-0.2086210794,"2"
"NW3",0.7044280537,"2"
"NW3",-0.2249255282,"2"
"NW3",0.5495357901,"2"
"NW3",-0.1678599574,"2"
"NW3",-0.6080800752,"2"
"NW3",-0.1352510598,"2"
"NW3",0.7859502978,"2"
"NW3",-0.0863377134,"2"
"NW3",0.0604023259,"2"
"NW3",-1.2602580275,"2"
"NW3",1.5767160649,"2"
"NW3",-0.0292721426,"2"
"NW3",-1.2684102519,"2"
"NW3",1.3810626792,"2"
"NW3",-1.129822437,"2"
"NW3",-0.118946611,"2"
"NW3",0.7451891758,"2"
"NW3",0.5169268925,"2"
"NW3",2.0576973047,"2"
"NW3",0.9408425614,"2"
"NW3",0.9082336638,"2"
"NW3",0.1826856919,"2"
"NW3",-0.1270988354,"2"
"NW3",-0.0211199182,"2"
"NW3",-2.564613932,"2"
"NW3",0.8593203174,"2"
"NW3",-0.5999278508,"2"
"NW3",1.4218238012,"2"
"NW3",-1.0727568662,"2"
"NW3",0.1174678967,"2"
"NW3",1.2995404352,"2"
"NW3",1.2587793132,"2"
"NW3",0.0440978771,"2"
"NW3",-0.8037334609,"2"
"NW3",2.4816129737,"2"
"NW3",-0.0700332646,"2"
"NW3",-0.0211199182,"2"
"NW3",-1.2928669251,"2"
"NW3",-0.6162322996,"2"
"NW3",0.0522501015,"2"
"NW3",0.427252424,"2"
"NW3",1.0957348251,"2"
"NW3",-0.1760121818,"2"
"NW3",0.6147535853,"2"
"NW3",-0.0048154693,"2"
"NW3",-0.2575344258,"2"
"NW3",0.0277934283,"2"
"NW3",0.4924702193,"2"
"NW3",1.2832359864,"2"
"NW3",0.3375779556,"2"
"NW3",-0.8281901341,"2"
"NW3",-0.200468855,"2"
"NW3",2.7017230325,"2"
"NW3",0.6962758293,"2"
"NW3",1.6989994309,"2"
"NW3",0.4517090972,"2"
"NW3",0.8593203174,"2"
"NW3",-0.7303634412,"2"
"NW3",0.0440978771,"2"
"NW3",-0.1923166306,"2"
"NW3",-0.583623402,"2"
"NW3",1.6582383089,"2"
"NW3",0.1093156723,"2"
"NW3",0.8756247662,"2"
"NW3",0.0604023259,"2"
"NW3",-0.0455765914,"2"
"NW3",-0.7385156656,"2"
"NW3",-0.6732978704,"2"
"NW3",2.1555239975,"2"
"NW3",-0.1678599574,"2"
"NW3",0.2315990383,"2"
"NW3",0.7859502978,"2"
"NW3",-0.8037334609,"2"
"NW3",-0.3635133431,"2"
"NW3",0.5250791169,"2"
"NW3",0.4517090972,"2"
"NW3",0.2560557116,"2"
"NW3",-0.6080800752,"2"
"NW3",0.0033367551,"2"
"NW3",-0.7385156656,"2"
"NW3",0.3946435264,"2"
"NW3",-0.1270988354,"2"
"NW3",0.4761657704,"2"
"NW3",-0.6406889728,"2"
"NW3",-0.6814500948,"2"
"NW3",0.0522501015,"2"
"NW3",0.2234468139,"2"
"NW3",0.7777980734,"2"
"NW3",1.3239971084,"2"
"NW3",0.3946435264,"2"
"NW3",-0.7385156656,"2"
"NW3",-0.0455765914,"2"
"NW3",-0.2086210794,"2"
"NW3",0.9245381126,"2"
"NW4",-2.4698849242,"2"
"NW4",1.2076913227,"2"
"NW4",-0.0214716278,"2"
"NW4",0.176780461,"2"
"NW4",-0.1899859032,"2"
"NW4",0.8111871451,"2"
"NW4",-0.6757035207,"2"
"NW4",0.3651199454,"2"
"NW4",1.0887400694,"2"
"NW4",-0.0809472544,"2"
"NW4",-0.9730816539,"2"
"NW4",1.0689148605,"2"
"NW4",1.078827465,"2"
"NW4",0.5633720341,"2"
"NW4",-1.9742547023,"2"
"NW4",0.1073922299,"2"
"NW4",-2.7276126396,"2"
"NW4",-0.9433438406,"2"
"NW4",0.6624980785,"2"
"NW4",-1.9346042845,"2"
"NW4",0.7021484963,"2"
"NW4",-0.3485875742,"2"
"NW4",1.3563803893,"2"
"NW4",2.7441450107,"2"
"NW4",1.2076913227,"2"
"NW4",-1.0028194672,"2"
"NW4",0.7318863096,"2"
"NW4",0.0776544166,"2"
"NW4",0.265993901,"2"
"NW4",-2.0039925156,"2"
"NW4",1.3563803893,"2"
"NW4",-1.2704597871,"2"
"NW4",-0.140422881,"2"
"NW4",-1.042469885,"2"
"NW4",-1.3398480182,"2"
"NW4",-0.0512094411,"2"
"NW4",-0.3981505964,"2"
"NW4",0.9400510028,"2"
"NW4",-1.5480127114,"2"
"NW4",3.9733079612,"2"
"NW4",-1.5083622936,"2"
"NW4",0.2164308788,"2"
"NW4",-1.1713337427,"2"
"NW4",-0.1106850677,"2"
"NW4",-0.5964026852,"2"
"NW4",1.802447589,"2"
"NW4",1.2275165316,"2"
"NW4",0.3750325498,"2"
"NW4",-0.3485875742,"2"
"NW4",0.0578292078,"2"
"NW4",-0.1602480899,"2"
"NW4",-0.2593741343,"2"
"NW4",-1.4885370847,"2"
"NW4",1.2671669493,"2"
"NW4",0.5237216164,"2"
"NW4",-1.855303449,"2"
"NW4",-0.3188497609,"2"
"NW4",3.675929828,"2"
"NW4",0.8904879806,"2"
"NW4",1.8222727979,"2"
"NW4",1.2572543449,"2"
"NW4",1.1878661138,"2"
"NW4",0.5336342208,"2"
"NW4",1.2572543449,"2"
"NW4",0.7021484963,"2"
"NW4",-0.8243925873,"2"
"NW4",1.1184778827,"2"
"NW4",0.1569552521,"2"
"NW4",0.1073922299,"2"
"NW4",0.1272174388,"2"
"NW4",-0.0908598588,"2"
"NW4",-0.7847421696,"2"
"NW4",-1.8751286579,"2"
"NW4",3.0712609572,"2"
"NW4",0.3651199454,"2"
"NW4",-0.6558783119,"2"
"NW4",0.7021484963,"2"
"NW4",-1.4389740625,"2"
"NW4",-0.6162278941,"2"
"NW4",0.6129350563,"2"
"NW4",0.8210997496,"2"
"NW4",-0.953256445,"2"
"NW4",-0.3783253876,"2"
"NW4",-0.2692867387,"2"
"NW4",0.265993901,"2"
"NW4",0.8012745407,"2"
"NW4",-0.7054413341,"2"
"NW4",1.554632478,"2"
"NW4",-1.5083622936,"2"
"NW4",0.5435468253,"2"
"NW4",-0.7450917518,"2"
"NW4",-0.5567522675,"2"
"NW4",1.0391770472,"2"
"NW4",1.5348072692,"2"
"NW4",0.7021484963,"2"
"NW4",-1.2308093693,"2"
"NW4",-0.2791993432,"2"
"NW4",-0.0313842322,"2"
"NW4",-0.2791993432,"2"
"SW1",-2.787132301,"1"
"SW1",0.8255080526,"1"
"SW1",-0.4115475836,"1"
"SW1",0.4532966223,"1"
"SW1",0.7926658676,"1"
"SW1",1.7779314186,"1"
"SW1",-0.6742850639,"1"
"SW1",0.4861388073,"1"
"SW1",1.7560366286,"1"
"SW1",-0.0940731283,"1"
"SW1",-1.75807717,"1"
"SW1",0.9240346077,"1"
"SW1",0.3328752771,"1"
"SW1",1.2524564581,"1"
"SW1",-2.3601838956,"1"
"SW1",-0.2363892634,"1"
"SW1",-2.0864990203,"1"
"SW1",-0.9041803591,"1"
"SW1",0.5737179674,"1"
"SW1",-1.5938662448,"1"
"SW1",0.4751914123,"1"
"SW1",-0.8932329641,"1"
"SW1",1.197719483,"1"
"SW1",2.7741443646,"1"
"SW1",0.201506537,"1"
"SW1",-0.9151277541,"1"
"SW1",1.219614273,"1"
"SW1",-0.6304954838,"1"
"SW1",-0.4662845587,"1"
"SW1",-2.4477630557,"1"
"SW1",1.142982508,"1"
"SW1",-2.1083938103,"1"
"SW1",-0.2363892634,"1"
"SW1",-0.8822855691,"1"
"SW1",-1.9222880951,"1"
"SW1",-0.4772319537,"1"
"SW1",-0.5319689287,"1"
"SW1",0.2452961171,"1"
"SW1",-1.3311287645,"1"
"SW1",4.5695171465,"1"
"SW1",-0.6414428788,"1"
"SW1",0.3985596472,"1"
"SW1",-1.1231282593,"1"
"SW1",-0.2363892634,"1"
"SW1",0.2562435121,"1"
"SW1",1.3290882232,"1"
"SW1",1.5480361234,"1"
"SW1",0.7488762876,"1"
"SW1",-0.3896527936,"1"
"SW1",0.5737179674,"1"
"SW1",0.168664352,"1"
"SW1",0.4095070422,"1"
"SW1",-2.3930260806,"1"
"SW1",1.153929903,"1"
"SW1",0.3547700672,"1"
"SW1",-1.4187079246,"1"
"SW1",0.0263482168,"1"
"SW1",4.5585697514,"1"
"SW1",0.8145606576,"1"
"SW1",1.6903522585,"1"
"SW1",1.3400356182,"1"
"SW1",1.3290882232,"1"
"SW1",0.5846653624,"1"
"SW1",1.132035113,"1"
"SW1",0.4423492273,"1"
"SW1",-0.5429163237,"1"
"SW1",1.3509830132,"1"
"SW1",0.4532966223,"1"
"SW1",0.8474028427,"1"
"SW1",-0.1707048934,"1"
"SW1",0.223401327,"1"
"SW1",-1.1997600244,"1"
"SW1",-2.2507099455,"1"
"SW1",3.9345682358,"1"
"SW1",-0.2692314485,"1"
"SW1",-0.6852324589,"1"
"SW1",0.8036132626,"1"
"SW1",-1.3968131346,"1"
"SW1",-0.8713381741,"1"
"SW1",0.6612971275,"1"
"SW1",0.1248747719,"1"
"SW1",-0.772811619,"1"
"SW1",-0.2254418684,"1"
"SW1",-0.3568106086,"1"
"SW1",0.6065601524,"1"
"SW1",1.5042465433,"1"
"SW1",-0.3677580036,"1"
"SW1",2.150142849,"1"
"SW1",-0.805653804,"1"
"SW1",0.8802450277,"1"
"SW1",-1.5719714548,"1"
"SW1",0.5408757824,"1"
"SW1",1.6137204935,"1"
"SW1",1.7779314186,"1"
"SW1",0.6831919175,"1"
"SW1",-2.2288151555,"1"
"SW1",-0.0174413632,"1"
"SW1",0.2562435121,"1"
"SW1",-0.0612309433,"1"
"SW2",-3.679555348,"1"
"SW2",0.3476643489,"1"
"SW2",0.1479675045,"1"
"SW2",0.3643057526,"1"
"SW2",-1.299834618,"1"
"SW2",1.3794313787,"1"
"SW2",-1.2499104069,"1"
"SW2",3.1600615753,"1"
"SW2",1.0299619009,"1"
"SW2",-0.0683707437,"1"
"SW2",0.0148362748,"1"
"SW2",1.0965275157,"1"
"SW2",1.479279801,"1"
"SW2",2.0950117381,"1"
"SW2",-2.7975609516,"1"
"SW2",-1.1167791772,"1"
"SW2",-0.8671581216,"1"
"SW2",-0.5842542586,"1"
"SW2",-0.8172339105,"1"
"SW2",-2.8974093738,"1"
"SW2",-0.0184465326,"1"
"SW2",-1.1334205809,"1"
"SW2",1.4626383973,"1"
"SW2",5.3900096719,"1"
"SW2",0.1313261008,"1"
"SW2",1.6290524343,"1"
"SW2",2.1782187566,"1"
"SW2",-1.2166275995,"1"
"SW2",-1.1999861957,"1"
"SW2",-3.1803132368,"1"
"SW2",0.4475127712,"1"
"SW2",-1.7990767292,"1"
"SW2",-2.0320563811,"1"
"SW2",-2.3316016478,"1"
"SW2",-2.43145007,"1"
"SW2",-0.617537066,"1"
"SW2",-1.2831932143,"1"
"SW2",-0.2680675882,"1"
"SW2",-1.299834618,"1"
"SW2",5.2568784423,"1"
"SW2",0.1313261008,"1"
"SW2",-1.0834963698,"1"
"SW2",-1.4496072513,"1"
"SW2",-0.6341784697,"1"
"SW2",-1.0335721587,"1"
"SW2",0.514078386,"1"
"SW2",1.1797345343,"1"
"SW2",2.8105920975,"1"
"SW2",-2.3482430515,"1"
"SW2",0.5473611934,"1"
"SW2",-0.7007440846,"1"
"SW2",1.0133204972,"1"
"SW2",-2.3482430515,"1"
"SW2",2.5276882345,"1"
"SW2",1.1298103231,"1"
"SW2",0.3476643489,"1"
"SW2",-0.734026892,"1"
"SW2",5.9225345905,"1"
"SW2",-0.1848605697,"1"
"SW2",1.8620320862,"1"
"SW2",1.4626383973,"1"
"SW2",1.7954664714,"1"
"SW2",-1.4496072513,"1"
"SW2",0.796982249,"1"
"SW2",0.1978917156,"1"
"SW2",-0.7839511031,"1"
"SW2",2.0783703344,"1"
"SW2",-0.2514261845,"1"
"SW2",2.3446327937,"1"
"SW2",-0.1349363585,"1"
"SW2",-0.4344816253,"1"
"SW2",-1.2332690032,"1"
"SW2",-1.9987735736,"1"
"SW2",2.9770061345,"1"
"SW2",-0.168219166,"1"
"SW2",0.2810987341,"1"
"SW2",1.2962243602,"1"
"SW2",-2.148546207,"1"
"SW2",-0.5010472401,"1"
"SW2",-0.2347847808,"1"
"SW2",0.3143815415,"1"
"SW2",-0.5676128549,"1"
"SW2",0.5806440008,"1"
"SW2",-0.4011988178,"1"
"SW2",-1.016930755,"1"
"SW2",1.5125626084,"1"
"SW2",1.6789766454,"1"
"SW2",1.6124110306,"1"
"SW2",-1.3331174254,"1"
"SW2",-0.6841026809,"1"
"SW2",-1.6825869032,"1"
"SW2",0.5307197897,"1"
"SW2",1.762183664,"1"
"SW2",2.3612741974,"1"
"SW2",1.6290524343,"1"
"SW2",-1.3664002328,"1"
"SW2",0.796982249,"1"
"SW2",-0.9503651402,"1"
"SW2",-0.0184465326,"1"
"SW3",-4.240653414,"1"
"SW3",-0.0174728791,"1"
"SW3",-0.4245264246,"1"
"SW3",0.3386989732,"1"
"SW3",-1.2895152089,"1"
"SW3",1.5089779166,"1"
"SW3",-3.986244948,"1"
"SW3",-0.0174728791,"1"
"SW3",2.5774934737,"1"
"SW3",-0.8315799702,"1"
"SW3",-2.7650843114,"1"
"SW3",3.2389554851,"1"
"SW3",0.9492792915,"1"
"SW3",5.7321584515,"1"
"SW3",0.8475159051,"1"
"SW3",1.3054511439,"1"
"SW3",2.6283751668,"1"
"SW3",0.542225746,"1"
"SW3",-2.1036222999,"1"
"SW3",-1.0859884361,"1"
"SW3",3.1371920988,"1"
"SW3",-0.6789348906,"1"
"SW3",3.6460090307,"1"
"SW3",7.0550824745,"1"
"SW3",1.3563328371,"1"
"SW3",-0.4245264246,"1"
"SW3",1.5089779166,"1"
"SW3",-0.8824616634,"1"
"SW3",-2.7142026182,"1"
"SW3",-3.8335998685,"1"
"SW3",-0.4245264246,"1"
"SW3",-4.4950618799,"1"
"SW3",-0.780698277,"1"
"SW3",-3.9353632548,"1"
"SW3",-7.2426733123,"1"
"SW3",0.2369355869,"1"
"SW3",-2.4597941523,"1"
"SW3",-3.4774280161,"1"
"SW3",-2.1545039931,"1"
"SW3",6.0883303038,"1"
"SW3",3.747772417,"1"
"SW3",0.28781728,"1"
"SW3",-0.0174728791,"1"
"SW3",0.2369355869,"1"
"SW3",-2.0527406068,"1"
"SW3",-3.0703744706,"1"
"SW3",1.0001609847,"1"
"SW3",6.8515557017,"1"
"SW3",-0.3227630383,"1"
"SW3",-1.6965687544,"1"
"SW3",-4.6985886527,"1"
"SW3",1.5089779166,"1"
"SW3",-1.0859884361,"1"
"SW3",-1.1368701293,"1"
"SW3",5.0198147468,"1"
"SW3",3.1880737919,"1"
"SW3",-0.0174728791,"1"
"SW3",8.5815332702,"1"
"SW3",-0.9333433565,"1"
"SW3",8.2253614179,"1"
"SW3",0.28781728,"1"
"SW3",2.933665326,"1"
"SW3",-3.0194927774,"1"
"SW3",-3.6809547889,"1"
"SW3",-1.7474504476,"1"
"SW3",-0.2718813451,"1"
"SW3",1.2545694507,"1"
"SW3",1.610741303,"1"
"SW3",4.6127612013,"1"
"SW3",-2.8668476978,"1"
"SW3",1.5089779166,"1"
"SW3",-2.5106758455,"1"
"SW3",0.1351722005,"1"
"SW3",1.3563328371,"1"
"SW3",4.1548259626,"1"
"SW3",-3.9353632548,"1"
"SW3",1.1528060643,"1"
"SW3",-0.7298165838,"1"
"SW3",1.6616229962,"1"
"SW3",2.7301385532,"1"
"SW3",2.5266117805,"1"
"SW3",0.8475159051,"1"
"SW3",-0.8315799702,"1"
"SW3",-1.4421602885,"1"
"SW3",-1.0351067429,"1"
"SW3",-0.9842250497,"1"
"SW3",1.5598596098,"1"
"SW3",6.0883303038,"1"
"SW3",-5.309168971,"1"
"SW3",0.796634212,"1"
"SW3",-0.2209996519,"1"
"SW3",-1.1368701293,"1"
"SW3",3.3916005647,"1"
"SW3",1.0510426779,"1"
"SW3",2.7810202464,"1"
"SW3",-5.2074055846,"1"
"SW3",-0.3227630383,"1"
"SW3",-1.4930419817,"1"
"SW3",-2.6124392319,"1"
"NE3",-0.8449605241,"2"
"NE3",0.3946505994,"2"
"NE3",0.5123790302,"2"
"NE3",-0.0624127198,"2"
"NE3",0.2907725723,"2"
"NE3",0.6578082681,"2"
"NE3",-0.0070111054,"2"
"NE3",0.8309383133,"2"
"NE3",-0.1593655451,"2"
"NE3",-0.3186451867,"2"
"NE3",0.8655643223,"2"
"NE3",0.699359479,"2"
"NE3",0.1868945452,"2"
"NE3",-0.1524403433,"2"
"NE3",-0.7964841114,"2"
"NE3",1.1979740091,"2"
"NE3",1.0525447711,"2"
"NE3",-0.8172597168,"2"
"NE3",1.3849544579,"2"
"NE3",-0.7895589096,"2"
"NE3",-0.2493931686,"2"
"NE3",0.4500522139,"2"
"NE3",1.0525447711,"2"
"NE3",1.3018520362,"2"
"NE3",0.6024066537,"2"
"NE3",0.3253985814,"2"
"NE3",0.0968669217,"2"
"NE3",-0.0762631235,"2"
"NE3",0.7893871025,"2"
"NE3",-2.2023000783,"2"
"NE3",0.4916034247,"2"
"NE3",-1.2950986415,"2"
"NE3",1.0386943675,"2"
"NE3",-0.4571492228,"2"
"NE3",-0.7549329006,"2"
"NE3",0.8378635151,"2"
"NE3",0.9071155332,"2"
"NE3",0.3600245904,"2"
"NE3",-1.4197522741,"2"
"NE3",2.7630696175,"2"
"NE3",-0.6164288644,"2"
"NE3",-0.0070111054,"2"
"NE3",-1.2396970271,"2"
"NE3",-1.170445009,"2"
"NE3",0.0553157109,"2"
"NE3",-0.0762631235,"2"
"NE3",0.58855625,"2"
"NE3",0.3184733796,"2"
"NE3",0.2422961597,"2"
"NE3",-0.595653259,"2"
"NE3",-0.450224021,"2"
"NE3",0.4708278193,"2"
"NE3",-0.1662907469,"2"
"NE3",1.5719349067,"2"
"NE3",0.0345401055,"2"
"NE3",-0.6787556807,"2"
"NE3",0.1037921235,"2"
"NE3",3.4486645964,"2"
"NE3",0.3946505994,"2"
"NE3",1.2256748163,"2"
"NE3",0.5331546356,"2"
"NE3",1.0594699729,"2"
"NE3",-0.415598012,"2"
"NE3",-0.2147671596,"2"
"NE3",-0.8657361295,"2"
"NE3",-0.955763753,"2"
"NE3",1.6619625302,"2"
"NE3",0.3115481778,"2"
"NE3",1.668887732,"2"
"NE3",-0.4779248283,"2"
"NE3",0.2630717651,"2"
"NE3",-0.4987004337,"2"
"NE3",-0.2978695813,"2"
"NE3",2.2229038766,"2"
"NE3",0.8378635151,"2"
"NE3",0.2215205543,"2"
"NE3",0.8309383133,"2"
"NE3",-0.415598012,"2"
"NE3",-0.3117199849,"2"
"NE3",0.4292766085,"2"
"NE3",0.9417415422,"2"
"NE3",0.553930241,"2"
"NE3",0.0345401055,"2"
"NE3",0.4085010031,"2"
"NE3",-0.1455151415,"2"
"NE3",0.6231822591,"2"
"NE3",-0.6856808825,"2"
"NE3",0.6578082681,"2"
"NE3",-0.990389762,"2"
"NE3",-0.2078419578,"2"
"NE3",-0.1039639307,"2"
"NE3",-0.0416371144,"2"
"NE3",0.7547610934,"2"
"NE3",1.2810764308,"2"
"NE3",1.0802455784,"2"
"NE3",-0.810334515,"2"
"NE3",-0.6164288644,"2"
"NE3",-1.0527165783,"2"
"NE3",0.8101627079,"2"
"SE3",-0.8566047089,"1"
"SE3",0.8916280437,"1"
"SE3",0.4229528802,"1"
"SE3",0.1551385011,"1"
"SE3",0.2072135193,"1"
"SE3",0.5568600698,"1"
"SE3",-0.5962296181,"1"
"SE3",0.8097958723,"1"
"SE3",0.4303921686,"1"
"SE3",0.0286705999,"1"
"SE3",-0.01596513,"1"
"SE3",0.7949172957,"1"
"SE3",0.489906475,"1"
"SE3",0.4527100335,"1"
"SE3",-1.2657655658,"1"
"SE3",0.7502815658,"1"
"SE3",0.4006350153,"1"
"SE3",-0.908679727,"1"
"SE3",1.0478530982,"1"
"SE3",-0.930997592,"1"
"SE3",0.3485599972,"1"
"SE3",0.4006350153,"1"
"SE3",1.2040781527,"1"
"SE3",1.6727533161,"1"
"SE3",0.1848956544,"1"
"SE3",-0.1796294728,"1"
"SE3",-0.0531615715,"1"
"SE3",-0.1201151663,"1"
"SE3",0.7279637009,"1"
"SE3",-1.8981050721,"1"
"SE3",0.8693101788,"1"
"SE3",-1.8757872072,"1"
"SE3",0.3857564387,"1"
"SE3",-0.0531615715,"1"
"SE3",-1.5038227917,"1"
"SE3",0.6163743763,"1"
"SE3",0.1179420596,"1"
"SE3",0.3039242673,"1"
"SE3",-1.6898049994,"1"
"SE3",3.2424431493,"1"
"SE3",-0.6557439245,"1"
"SE3",-0.2317044909,"1"
"SE3",-1.920422937,"1"
"SE3",-0.8640439972,"1"
"SE3",-0.425125987,"1"
"SE3",0.1923349427,"1"
"SE3",0.8618708905,"1"
"SE3",-0.1052365897,"1"
"SE3",0.4601493218,"1"
"SE3",-0.5069581584,"1"
"SE3",-0.4772010051,"1"
"SE3",-0.1870687611,"1"
"SE3",-0.6631832128,"1"
"SE3",1.3007889007,"1"
"SE3",-0.1052365897,"1"
"SE3",-1.1169797997,"1"
"SE3",0.4303921686,"1"
"SE3",3.7483147543,"1"
"SE3",0.393195727,"1"
"SE3",1.2784710358,"1"
"SE3",0.9288244852,"1"
"SE3",1.1891995761,"1"
"SE3",-0.1201151663,"1"
"SE3",-0.1275544546,"1"
"SE3",-0.6706225011,"1"
"SE3",-1.2136905477,"1"
"SE3",1.1594424228,"1"
"SE3",-0.0234044183,"1"
"SE3",1.1668817111,"1"
"SE3",-0.5441545999,"1"
"SE3",0.1476992128,"1"
"SE3",-0.3135366623,"1"
"SE3",-0.5069581584,"1"
"SE3",1.9703248485,"1"
"SE3",0.7502815658,"1"
"SE3",0.4750278984,"1"
"SE3",1.1445638462,"1"
"SE3",-0.6036689064,"1"
"SE3",-0.2168259143,"1"
"SE3",0.5642993581,"1"
"SE3",0.6907672594,"1"
"SE3",-0.1498723195,"1"
"SE3",-0.0382829949,"1"
"SE3",0.3262421322,"1"
"SE3",-0.5143974467,"1"
"SE3",0.6461315295,"1"
"SE3",-0.9756333218,"1"
"SE3",0.8395530255,"1"
"SE3",-1.0351476283,"1"
"SE3",-0.0829187247,"1"
"SE3",0.2816064024,"1"
"SE3",-0.1870687611,"1"
"SE3",0.9139459086,"1"
"SE3",1.3379853422,"1"
"SE3",0.5419814932,"1"
"SE3",-1.221129836,"1"
"SE3",-0.5813510414,"1"
"SE3",-0.8938011504,"1"
"SE3",0.1328206362,"1"
"SE4",-2.0492206521,"1"
"SE4",-0.2005015281,"1"
"SE4",0.3321802534,"1"
"SE4",2.3062362671,"1"
"SE4",-1.547873093,"1"
"SE4",-1.046525534,"1"
"SE4",-3.678600219,"1"
"SE4",2.2749020447,"1"
"SE4",0.3008460309,"1"
"SE4",-1.2345308686,"1"
"SE4",-0.1691673057,"1"
"SE4",-0.0124961935,"1"
"SE4",0.9275304797,"1"
"SE4",5.6276638458,"1"
"SE4",1.9302255978,"1"
"SE4",-3.2085868824,"1"
"SE4",1.0528673695,"1"
"SE4",-1.9865522072,"1"
"SE4",-2.613236656,"1"
"SE4",-2.331228654,"1"
"SE4",0.9275304797,"1"
"SE4",-0.1691673057,"1"
"SE4",2.9642549384,"1"
"SE4",4.4996318379,"1"
"SE4",-1.1091939789,"1"
"SE4",-0.1378330832,"1"
"SE4",-1.1405282013,"1"
"SE4",0.5515198105,"1"
"SE4",-2.2998944316,"1"
"SE4",-1.7358784277,"1"
"SE4",-2.0805548745,"1"
"SE4",-3.4905948843,"1"
"SE4",-0.8898544218,"1"
"SE4",-2.0805548745,"1"
"SE4",-3.6472659965,"1"
"SE4",0.5828540329,"1"
"SE4",1.7108860408,"1"
"SE4",-3.1772526599,"1"
"SE4",-3.8352713312,"1"
"SE4",4.9383109521,"1"
"SE4",2.8389180486,"1"
"SE4",-0.6391806423,"1"
"SE4",-1.6105415379,"1"
"SE4",-2.5505682111,"1"
"SE4",-2.895244658,"1"
"SE4",0.6455224778,"1"
"SE4",1.5228807061,"1"
"SE4",4.5309660604,"1"
"SE4",-0.764517532,"1"
"SE4",-1.7045442052,"1"
"SE4",-3.1459184375,"1"
"SE4",0.3321802534,"1"
"SE4",-2.8325762131,"1"
"SE4",1.1468700368,"1"
"SE4",4.1862896135,"1"
"SE4",2.2435678222,"1"
"SE4",1.585549151,"1"
"SE4",6.6930274087,"1"
"SE4",-2.0178864296,"1"
"SE4",6.0663429599,"1"
"SE4",0.80219359,"1"
"SE4",1.3975438164,"1"
"SE4",-2.6445708784,"1"
"SE4",-2.4565655438,"1"
"SE4",-0.5138437525,"1"
"SE4",-1.8612153174,"1"
"SE4",1.4288780388,"1"
"SE4",1.2408727042,"1"
"SE4",2.2122335998,"1"
"SE4",-2.331228654,"1"
"SE4",0.4888513656,"1"
"SE4",-0.3258384179,"1"
"SE4",-0.3571726403,"1"
"SE4",3.2462629403,"1"
"SE4",3.935615834,"1"
"SE4",-2.1118890969,"1"
"SE4",1.3662095939,"1"
"SE4",-0.0751646383,"1"
"SE4",0.1441749187,"1"
"SE4",-1.4538704257,"1"
"SE4",2.2122335998,"1"
"SE4",2.0555624876,"1"
"SE4",-1.2031966462,"1"
"SE4",-1.7358784277,"1"
"SE4",1.2408727042,"1"
"SE4",0.0815064739,"1"
"SE4",2.2435678222,"1"
"SE4",-0.0751646383,"1"
"SE4",-2.0178864296,"1"
"SE4",-2.2998944316,"1"
"SE4",-0.4825095301,"1"
"SE4",-0.1378330832,"1"
"SE4",3.2775971628,"1"
"SE4",-0.3885068627,"1"
"SE4",2.1808993774,"1"
"SE4",-2.6759051009,"1"
"SE4",-0.2945041954,"1"
"SE4",-0.2005015281,"1"
"SE4",-3.2399211048,"1"
"NE1",0.7603219897,"7"
"NE1",0.7603219897,"7"
"NE1",0.5914327868,"7"
"NE1",-0.2018346811,"7"
"NE1",0.1768865617,"7"
"NE1",0.6784363156,"7"
"NE1",-0.2837203552,"7"
"NE1",0.2894793636,"7"
"NE1",-0.4730809766,"7"
"NE1",0.0489401959,"7"
"NE1",0.2383008173,"7"
"NE1",0.171768707,"7"
"NE1",0.074529469,"7"
"NE1",-0.022709769,"7"
"NE1",-0.4372559941,"7"
"NE1",1.1748682149,"7"
"NE1",-0.4730809766,"7"
"NE1",-1.0667521138,"7"
"NE1",1.2669895982,"7"
"NE1",-0.1711275533,"7"
"NE1",0.2331829626,"7"
"NE1",0.1922401256,"7"
"NE1",0.0694116144,"7"
"NE1",0.9752718842,"7"
"NE1",0.7807934082,"7"
"NE1",0.0489401959,"7"
"NE1",0.4327792933,"7"
"NE1",0.0540580505,"7"
"NE1",0.4430150025,"7"
"NE1",-1.8856088549,"7"
"NE1",0.6016684961,"7"
"NE1",-0.6214987609,"7"
"NE1",1.1236896685,"7"
"NE1",0.074529469,"7"
"NE1",0.4839578396,"7"
"NE1",1.159514651,"7"
"NE1",0.7040255887,"7"
"NE1",0.3406579099,"7"
"NE1",-1.2612305898,"7"
"NE1",1.5075287659,"7"
"NE1",-0.6522058887,"7"
"NE1",0.5095471127,"7"
"NE1",-0.6982665804,"7"
"NE1",-1.2151698982,"7"
"NE1",-0.6624415979,"7"
"NE1",0.2945972182,"7"
"NE1",1.3181681446,"7"
"NE1",0.2229472534,"7"
"NE1",-0.1148311523,"7"
"NE1",-0.4270202849,"7"
"NE1",-0.1762454079,"7"
"NE1",0.2945972182,"7"
"NE1",0.7398505712,"7"
"NE1",1.7173608058,"7"
"NE1",0.2536543812,"7"
"NE1",-0.5856737785,"7"
"NE1",0.9752718842,"7"
"NE1",2.0807284847,"7"
"NE1",0.269007945,"7"
"NE1",1.6252394225,"7"
"NE1",0.2024758348,"7"
"NE1",0.2485365265,"7"
"NE1",0.3713650377,"7"
"NE1",0.2485365265,"7"
"NE1",-0.5703202146,"7"
"NE1",-0.5600845053,"7"
"NE1",1.4307609465,"7"
"NE1",0.1461794339,"7"
"NE1",0.4890756942,"7"
"NE1",0.1001187422,"7"
"NE1",-0.1813632625,"7"
"NE1",-0.3348989015,"7"
"NE1",-0.258131082,"7"
"NE1",1.4614680742,"7"
"NE1",0.9957433028,"7"
"NE1",0.5095471127,"7"
"NE1",-0.2018346811,"7"
"NE1",0.171768707,"7"
"NE1",-0.3297810469,"7"
"NE1",-0.0585347514,"7"
"NE1",-0.1045954431,"7"
"NE1",0.2434186719,"7"
"NE1",-0.0380633329,"7"
"NE1",-0.3400167561,"7"
"NE1",0.6579648971,"7"
"NE1",0.3713650377,"7"
"NE1",-0.1813632625,"7"
"NE1",0.3713650377,"7"
"NE1",-0.8569200739,"7"
"NE1",0.1359437246,"7"
"NE1",-0.2120703903,"7"
"NE1",0.9394469018,"7"
"NE1",0.5044292581,"7"
"NE1",1.1902217788,"7"
"NE1",1.3386395631,"7"
"NE1",-1.1844627704,"7"
"NE1",0.3201864914,"7"
"NE1",0.1205901607,"7"
"NE1",0.7091434434,"7"
"NE2",0.6604638687,"6"
"NE2",0.6091666848,"6"
"NE2",0.4604048517,"6"
"NE2",-0.2936637509,"6"
"NE2",0.1269731566,"6"
"NE2",0.5527397826,"6"
"NE2",-0.3706095267,"6"
"NE2",0.1577514669,"6"
"NE2",-0.5757982621,"6"
"NE2",0.0089896338,"6"
"NE2",0.1577514669,"6"
"NE2",0.0500273809,"6"
"NE2",-0.0730858604,"6"
"NE2",-0.0217886765,"6"
"NE2",-0.5142416415,"6"
"NE2",1.091360213,"6"
"NE2",-0.6527440379,"6"
"NE2",-1.1092889742,"6"
"NE2",1.1272682417,"6"
"NE2",-0.2628854406,"6"
"NE2",0.1372325934,"6"
"NE2",0.0500273809,"6"
"NE2",0.0243787889,"6"
"NE2",0.824614857,"6"
"NE2",0.6553341503,"6"
"NE2",-0.0320481133,"6"
"NE2",0.3475510472,"6"
"NE2",-0.0269183949,"6"
"NE2",0.3424213288,"6"
"NE2",-1.9762113812,"6"
"NE2",0.5117020355,"6"
"NE2",-0.7143006585,"6"
"NE2",1.0195441556,"6"
"NE2",-0.0730858604,"6"
"NE2",0.4347562597,"6"
"NE2",1.0349333108,"6"
"NE2",0.6707233054,"6"
"NE2",0.2449566795,"6"
"NE2",-1.3914234853,"6"
"NE2",1.4401810632,"6"
"NE2",-0.7758572791,"6"
"NE2",0.4604048517,"6"
"NE2",-0.7553384056,"6"
"NE2",-1.3042182728,"6"
"NE2",-0.7758572791,"6"
"NE2",0.2193080876,"6"
"NE2",1.1734357072,"6"
"NE2",0.0602868176,"6"
"NE2",-0.1756802281,"6"
"NE2",-0.5809279805,"6"
"NE2",-0.2782745958,"6"
"NE2",0.2244378059,"6"
"NE2",0.6040369664,"6"
"NE2",1.6094617699,"6"
"NE2",0.0910651279,"6"
"NE2",-0.6527440379,"6"
"NE2",0.8502634489,"6"
"NE2",2.0095798039,"6"
"NE2",0.2244378059,"6"
"NE2",1.4966079654,"6"
"NE2",0.0910651279,"6"
"NE2",0.1782703405,"6"
"NE2",0.3116430185,"6"
"NE2",0.0859354095,"6"
"NE2",-0.7296898137,"6"
"NE2",-0.6630034747,"6"
"NE2",1.3068083852,"6"
"NE2",-0.0063995214,"6"
"NE2",0.3475510472,"6"
"NE2",-0.1089938891,"6"
"NE2",-0.2782745958,"6"
"NE2",-0.3962581186,"6"
"NE2",-0.3552203716,"6"
"NE2",1.3375866955,"6"
"NE2",0.9066903511,"6"
"NE2",0.2706052714,"6"
"NE2",-0.2936637509,"6"
"NE2",0.0500273809,"6"
"NE2",-0.4783336128,"6"
"NE2",-0.0884750155,"6"
"NE2",-0.2423665671,"6"
"NE2",0.132102875,"6"
"NE2",-0.1243830442,"6"
"NE2",-0.3859986819,"6"
"NE2",0.5835180929,"6"
"NE2",0.1936594956,"6"
"NE2",-0.3398312164,"6"
"NE2",0.3372916104,"6"
"NE2",-0.9092299571,"6"
"NE2",0.0910651279,"6"
"NE2",-0.2834043142,"6"
"NE2",0.891301196,"6"
"NE2",0.4296265413,"6"
"NE2",1.0657116211,"6"
"NE2",1.2093437359,"6"
"NE2",-1.3093479912,"6"
"NE2",0.2141783692,"6"
"NE2",0.0192490705,"6"
"NE2",0.6194261216,"6"
"SE2",0.5937912885,"4"
"SE2",0.661820175,"4"
"SE2",0.4472675327,"4"
"SE2",-0.3062832109,"4"
"SE2",0.2693458294,"4"
"SE2",0.3635396723,"4"
"SE2",-0.5156028619,"4"
"SE2",0.0547931871,"4"
"SE2",-0.4685059405,"4"
"SE2",-0.0969635599,"4"
"SE2",-0.0446336472,"4"
"SE2",-0.0289346733,"4"
"SE2",-0.0446336472,"4"
"SE2",-0.0184686908,"4"
"SE2",-0.4475739754,"4"
"SE2",1.1484883637,"4"
"SE2",-0.5103698707,"4"
"SE2",-1.0755329284,"4"
"SE2",0.9810326428,"4"
"SE2",-0.3690791062,"4"
"SE2",0.2536468556,"4"
"SE2",-0.212089368,"4"
"SE2",0.1646860039,"4"
"SE2",0.8606738435,"4"
"SE2",0.4943644542,"4"
"SE2",-0.0080027082,"4"
"SE2",0.3792386462,"4"
"SE2",-0.1806914203,"4"
"SE2",0.3897046287,"4"
"SE2",-2.0227043493,"4"
"SE2",0.4158695851,"4"
"SE2",-0.6935245653,"4"
"SE2",0.9182367475,"4"
"SE2",-0.0969635599,"4"
"SE2",0.510063428,"4"
"SE2",0.7978779482,"4"
"SE2",0.4943644542,"4"
"SE2",0.1175890824,"4"
"SE2",-1.4941722305,"4"
"SE2",1.4624678402,"4"
"SE2",-0.7301555042,"4"
"SE2",0.3792386462,"4"
"SE2",-1.0075040418,"4"
"SE2",-1.1697267714,"4"
"SE2",-0.8923782338,"4"
"SE2",0.1071230998,"4"
"SE2",1.2426822066,"4"
"SE2",-0.060332621,"4"
"SE2",-0.1283615076,"4"
"SE2",-0.4685059405,"4"
"SE2",-0.421409019,"4"
"SE2",0.2170159166,"4"
"SE2",0.7089170965,"4"
"SE2",1.6613215087,"4"
"SE2",0.0495601958,"4"
"SE2",-0.63072867,"4"
"SE2",0.7978779482,"4"
"SE2",1.9753009852,"4"
"SE2",0.3321417247,"4"
"SE2",1.478166814,"4"
"SE2",0.243180873,"4"
"SE2",0.2274818992,"4"
"SE2",0.2798118119,"4"
"SE2",0.2222489079,"4"
"SE2",-0.9447081465,"4"
"SE2",-0.688291574,"4"
"SE2",1.2060512677,"4"
"SE2",-0.1283615076,"4"
"SE2",0.3269087334,"4"
"SE2",-0.2382543243,"4"
"SE2",-0.2434873156,"4"
"SE2",-0.3115162022,"4"
"SE2",-0.3795450888,"4"
"SE2",1.1380223811,"4"
"SE2",0.7612470093,"4"
"SE2",0.2484138643,"4"
"SE2",-0.1859244116,"4"
"SE2",-0.1021965512,"4"
"SE2",-0.4266420103,"4"
"SE2",-0.1492934727,"4"
"SE2",-0.4266420103,"4"
"SE2",0.0757251522,"4"
"SE2",-0.2748852633,"4"
"SE2",-0.573165766,"4"
"SE2",0.6147232536,"4"
"SE2",0.1123560911,"4"
"SE2",-0.2644192807,"4"
"SE2",0.2588798468,"4"
"SE2",-0.9813390855,"4"
"SE2",-0.0864975774,"4"
"SE2",-0.3429141499,"4"
"SE2",0.8083439308,"4"
"SE2",0.3426077072,"4"
"SE2",0.8816058086,"4"
"SE2",1.0281295643,"4"
"SE2",-1.2743865969,"4"
"SE2",0.1542200213,"4"
"SE2",0.0024632743,"4"
"SE2",0.7664800005,"4"
"gas",0.5343511634,"8"
"gas",0.5803085568,"8"
"gas",0.4322236226,"8"
"gas",-0.3643711956,"8"
"gas",0.0186070824,"8"
"gas",0.5292447864,"8"
"gas",-0.5073497528,"8"
"gas",0.100309115,"8"
"gas",-0.6860729492,"8"
"gas",-0.0682013273,"8"
"gas",0.1156282461,"8"
"gas",-0.0069248028,"8"
"gas",-0.0937332125,"8"
"gas",-0.14990336,"8"
"gas",-0.5686262772,"8"
"gas",0.9632868348,"8"
"gas",-0.6452219328,"8"
"gas",-1.2069234072,"8"
"gas",1.0143506052,"8"
"gas",-0.3694775727,"8"
"gas",0.0747772298,"8"
"gas",0.0390325905,"8"
"gas",-0.1243714748,"8"
"gas",0.7845636384,"8"
"gas",0.6415850812,"8"
"gas",-0.155009737,"8"
"gas",0.2637131803,"8"
"gas",-0.155009737,"8"
"gas",0.2688195573,"8"
"gas",-1.942241701,"8"
"gas",0.35052159,"8"
"gas",-0.8699025226,"8"
"gas",1.0756271296,"8"
"gas",-0.2009671304,"8"
"gas",0.4015853604,"8"
"gas",0.9837123429,"8"
"gas",0.5292447864,"8"
"gas",0.1156282461,"8"
"gas",-1.4775613904,"8"
"gas",1.3309459816,"8"
"gas",-0.8545833915,"8"
"gas",0.3300960818,"8"
"gas",-0.8341578833,"8"
"gas",-1.3907529807,"8"
"gas",-0.8647961456,"8"
"gas",0.1717983936,"8"
"gas",1.1573291623,"8"
"gas",-0.0018184258,"8"
"gas",-0.28777554,"8"
"gas",-0.5226688839,"8"
"gas",-0.277562786,"8"
"gas",0.2126494099,"8"
"gas",0.5241384093,"8"
"gas",1.5505201944,"8"
"gas",0.0543517216,"8"
"gas",-0.7269239655,"8"
"gas",0.7692445072,"8"
"gas",1.9130729642,"8"
"gas",0.0645644757,"8"
"gas",1.4075416372,"8"
"gas",0.0032879512,"8"
"gas",0.0135007053,"8"
"gas",0.1717983936,"8"
"gas",-0.0018184258,"8"
"gas",-0.7677749818,"8"
"gas",-0.7320303425,"8"
"gas",1.2747758342,"8"
"gas",0.0390325905,"8"
"gas",0.35052159,"8"
"gas",-0.1396906059,"8"
"gas",-0.3745839497,"8"
"gas",-0.4920306216,"8"
"gas",-0.4256477201,"8"
"gas",1.2952013424,"8"
"gas",0.7998827695,"8"
"gas",0.3454152129,"8"
"gas",-0.3235201793,"8"
"gas",0.0186070824,"8"
"gas",-0.5533071461,"8"
"gas",-0.1958607533,"8"
"gas",-0.2724564089,"8"
"gas",-0.0120311799,"8"
"gas",-0.2469245237,"8"
"gas",-0.4562859824,"8"
"gas",0.4424363767,"8"
"gas",0.1717983936,"8"
"gas",-0.3592648186,"8"
"gas",0.1666920165,"8"
"gas",-1.0333065879,"8"
"gas",0.0032879512,"8"
"gas",-0.3235201793,"8"
"gas",0.861159294,"8"
"gas",0.3352024588,"8"
"gas",1.0347761133,"8"
"gas",1.1675419164,"8"
"gas",-1.3243700792,"8"
"gas",0.1462665084,"8"
"gas",-0.155009737,"8"
"gas",0.5854149338,"8"
"SE1",0.1764870271,"5"
"SE1",0.3214864655,"5"
"SE1",-0.7478843929,"5"
"SE1",-0.5666350949,"5"
"SE1",-0.6935096035,"5"
"SE1",-1.382256936,"5"
"SE1",-1.1466328486,"5"
"SE1",0.1583620973,"5"
"SE1",-0.0772619901,"5"
"SE1",-0.6572597439,"5"
"SE1",-1.0922580592,"5"
"SE1",1.8802304287,"5"
"SE1",-1.0560081996,"5"
"SE1",2.224604095,"5"
"SE1",1.0102337981,"5"
"SE1",1.3364825346,"5"
"SE1",0.7021099914,"5"
"SE1",-1.7810053917,"5"
"SE1",-0.0047622709,"5"
"SE1",-1.5816311639,"5"
"SE1",0.3033615357,"5"
"SE1",-0.2947611478,"5"
"SE1",0.466485904,"5"
"SE1",2.2789788844,"5"
"SE1",-0.6753846737,"5"
"SE1",1.0102337981,"5"
"SE1",-0.6391348141,"5"
"SE1",1.2277329558,"5"
"SE1",-1.9622546898,"5"
"SE1",-2.3247532858,"5"
"SE1",0.1039873079,"5"
"SE1",-1.1466328486,"5"
"SE1",2.0614797267,"5"
"SE1",-1.4728815851,"5"
"SE1",-0.8747589015,"5"
"SE1",1.2096080259,"5"
"SE1",1.3727323942,"5"
"SE1",-3.3034994953,"5"
"SE1",-3.1947499164,"5"
"SE1",2.2608539546,"5"
"SE1",1.6083564816,"5"
"SE1",-0.548510165,"5"
"SE1",-0.9472586207,"5"
"SE1",-1.7628804619,"5"
"SE1",-1.9622546898,"5"
"SE1",-0.1316367796,"5"
"SE1",1.9346052181,"5"
"SE1",1.481481973,"5"
"SE1",0.4302360444,"5"
"SE1",-1.4366317254,"5"
"SE1",-1.8353801811,"5"
"SE1",-0.8203841121,"5"
"SE1",0.3396113954,"5"
"SE1",0.5933604126,"5"
"SE1",2.5146029718,"5"
"SE1",1.5177318326,"5"
"SE1",2.1158545162,"5"
"SE1",2.3877284632,"5"
"SE1",-0.3491359372,"5"
"SE1",3.6020987601,"5"
"SE1",0.5752354828,"5"
"SE1",0.5933604126,"5"
"SE1",-0.6572597439,"5"
"SE1",-2.1435039878,"5"
"SE1",-0.8022591823,"5"
"SE1",-0.9653835505,"5"
"SE1",0.3396113954,"5"
"SE1",0.5933604126,"5"
"SE1",-1.1285079188,"5"
"SE1",-0.2585112882,"5"
"SE1",-0.3128860776,"5"
"SE1",-0.5303852352,"5"
"SE1",1.2277329558,"5"
"SE1",1.1008584471,"5"
"SE1",2.6052276209,"5"
"SE1",-2.3972530051,"5"
"SE1",-0.2403863584,"5"
"SE1",1.2096080259,"5"
"SE1",-0.9835084803,"5"
"SE1",-1.3641320062,"5"
"SE1",0.466485904,"5"
"SE1",0.6839850616,"5"
"SE1",-1.6722558129,"5"
"SE1",-1.291632287,"5"
"SE1",0.738359851,"5"
"SE1",-0.1135118497,"5"
"SE1",0.2489867463,"5"
"SE1",-2.1978787772,"5"
"SE1",-2.5966272329,"5"
"SE1",-0.9291336909,"5"
"SE1",-1.2735073572,"5"
"SE1",0.6658601318,"5"
"SE1",1.9889800075,"5"
"SE1",0.2489867463,"5"
"SE1",-0.0953869199,"5"
"SE1",-1.8535051109,"5"
"SE1",-1.0560081996,"5"
"SE1",0.6839850616,"5"
"SE1",-0.3128860776,"5"
