"model","percentageerror","count"
"NW1",15.0009440369,10
"NW1",-26.6248125963,10
"NW1",65.1343424124,10
"NW1",-24.2977097315,10
"NW1",-19.3976166215,10
"NW1",16.832889335,10
"NW1",-39.1154188276,10
"NW1",2.389422889,10
"NW1",-31.2676544528,10
"NW1",-46.0284171292,10
"NW1",-30.2122560094,10
"NW1",11.4421068365,10
"NW1",-29.1454367286,10
"NW1",-15.4269290337,10
"NW1",6.7521094276,10
"NW1",42.2110623663,10
"NW1",-0.1333338498,10
"NW1",2.5855771197,10
"NW1",-5.2691364494,10
"NW1",-12.6225262911,10
"NW1",-35.4183487407,10
"NW1",-35.0868982451,10
"NW1",1.990624856,10
"NW1",-28.7117384017,10
"NW1",-17.4428409233,10
"NW1",53.5316878329,10
"NW1",-4.182758483,10
"NW1",-15.7346751934,10
"NW1",-30.1363457222,10
"NW1",20.9256630675,10
"NW1",-36.6355840938,10
"NW1",-34.6604250422,10
"NW1",-26.1872830195,10
"NW1",4.4672953853,10
"NW1",11.7876807785,10
"NW1",8.093980431,10
"NW1",67.7240104321,10
"NW1",34.1739196614,10
"NW1",-14.8904538908,10
"NW1",-0.0579397044,10
"NW1",12.7957208997,10
"NW1",-38.4226743069,10
"NW1",22.79259608,10
"NW1",-30.8860927205,10
"NW1",-10.7806381182,10
"NW1",4.6535713004,10
"NW1",-9.1796991695,10
"NW1",43.9168324139,10
"NW1",10.3628556282,10
"NW1",25.4951079904,10
"NW1",61.0473338432,10
"NW1",-47.9779990785,10
"NW1",-16.5050102487,10
"NW1",93.4555357021,10
"NW1",6.8459275589,10
"NW1",-18.0673384905,10
"NW1",-36.0294938225,10
"NW1",35.1594741415,10
"NW1",-40.9159677909,10
"NW1",-12.7706209935,10
"NW1",65.5623031822,10
"NW1",-18.0061606298,10
"NW1",1.8611392485,10
"NW1",-47.0072351737,10
"NW1",-20.5547570685,10
"NW1",21.5914561046,10
"NW1",-42.5135385136,10
"NW1",-25.3787273703,10
"NW1",-29.0023043,10
"NW1",36.6429204424,10
"NW1",1.9858232225,10
"NW1",-50.8970301718,10
"NW1",-29.1081259926,10
"NW1",-19.3665234954,10
"NW1",-14.2136097847,10
"NW1",33.9664793228,10
"NW1",-0.5306160874,10
"NW1",-12.565136662,10
"NW1",-14.7464254431,10
"NW1",-17.8212274279,10
"NW1",61.5616248456,10
"NW1",-31.2638874495,10
"NW1",36.882324007,10
"NW1",9.5057333969,10
"NW1",9.4770565701,10
"NW1",-27.0531664016,10
"NW1",-48.3865759615,10
"NW1",9.338914223,10
"NW1",2.2133051234,10
"NW1",-19.9897737579,10
"NW1",-29.8808076587,10
"NW1",12.6517447423,10
"NW1",-37.7983674633,10
"NW1",-1.1348014716,10
"NW1",-9.7004187016,10
"NW1",-26.1525128531,10
"NW1",-26.4465652054,10
"NW1",-34.0557588091,10
"NW1",-27.2158195854,10
"NW1",5.9212226188,10
"NW1",53.298586667,20
"NW1",-25.5242593174,20
"NW1",-19.3706160667,20
"NW1",26.6745996252,20
"NW1",46.4050479854,20
"NW1",-28.9375151418,20
"NW1",-40.6286836664,20
"NW1",-11.0958679467,20
"NW1",25.690383208,20
"NW1",23.2980304513,20
"NW1",-10.5003254136,20
"NW1",6.7769838913,20
"NW1",-9.0429380539,20
"NW1",-7.4421268327,20
"NW1",-10.8205395175,20
"NW1",8.8792887109,20
"NW1",3.2693475919,20
"NW1",-22.1885990677,20
"NW1",-21.3412371753,20
"NW1",42.3810086646,20
"NW1",-6.7267682422,20
"NW1",22.6721730675,20
"NW1",13.4260535603,20
"NW1",21.5458705887,20
"NW1",-0.6885625629,20
"NW1",35.1115763666,20
"NW1",7.3559406028,20
"NW1",5.4788517189,20
"NW1",-13.7058233726,20
"NW1",-17.0919751156,20
"NW1",-15.6562322443,20
"NW1",-2.6265674358,20
"NW1",-41.9389694475,20
"NW1",-6.4556267232,20
"NW1",3.142177125,20
"NW1",-16.0369355744,20
"NW1",1.3361242546,20
"NW1",-21.7586072509,20
"NW1",1.9838590481,20
"NW1",-13.2968544167,20
"NW1",-35.797415314,20
"NW1",36.9720215102,20
"NW1",-2.9985727541,20
"NW1",29.3273394396,20
"NW1",-28.8981817609,20
"NW1",-33.6676949348,20
"NW1",-6.1760703925,20
"NW1",8.1781395945,20
"NW1",16.3673219131,20
"NW1",-0.2627042917,20
"NW1",8.7525756813,20
"NW1",2.2615563971,20
"NW1",-10.200313503,20
"NW1",-26.1737905936,20
"NW1",24.9207641865,20
"NW1",27.4401442398,20
"NW1",8.9659213383,20
"NW1",4.6774773002,20
"NW1",-12.5391422706,20
"NW1",21.5031071174,20
"NW1",18.513933922,20
"NW1",-11.4136536045,20
"NW1",2.1922642889,20
"NW1",-26.8370332761,20
"NW1",-11.9577998023,20
"NW1",26.1662083778,20
"NW1",11.2584304969,20
"NW1",13.6020671971,20
"NW1",13.3567174493,20
"NW1",12.1332938524,20
"NW1",-47.5777831821,20
"NW1",4.4670663903,20
"NW1",-8.0650881386,20
"NW1",21.7704068748,20
"NW1",-11.0877406532,20
"NW1",14.4645451232,20
"NW1",-10.99641388,20
"NW1",1.6950780784,20
"NW1",-3.6461484553,20
"NW1",14.1755098613,20
"NW1",16.1458330069,20
"NW1",-2.072335024,20
"NW1",1.8670178248,20
"NW1",-31.7719489995,20
"NW1",0.9670734073,20
"NW1",7.6420659846,20
"NW1",-21.7285380319,20
"NW1",-12.4846965556,20
"NW1",16.8452064996,20
"NW1",-4.2099134709,20
"NW1",24.3068933305,20
"NW1",16.8764407184,20
"NW1",6.0945350082,20
"NW1",43.9920574672,20
"NW1",5.9843511662,20
"NW1",-7.3065693265,20
"NW1",35.4287153568,20
"NW1",-20.4661920112,20
"NW1",-17.4303969102,20
"NW1",-20.3123260488,20
"NW1",28.750271201,30
"NW1",31.4397394071,30
"NW1",11.5541010889,30
"NW1",11.7219913517,30
"NW1",15.7740524276,30
"NW1",9.3916183193,30
"NW1",-1.2815673747,30
"NW1",0.0367431897,30
"NW1",-17.2746014202,30
"NW1",-20.6778187873,30
"NW1",10.8146737182,30
"NW1",-13.6327913168,30
"NW1",1.8145700776,30
"NW1",-13.1238394638,30
"NW1",-10.6357585811,30
"NW1",27.2781374225,30
"NW1",-1.3114132492,30
"NW1",-16.9569956399,30
"NW1",18.6928019391,30
"NW1",1.0527803612,30
"NW1",-5.2281949955,30
"NW1",-23.1360156915,30
"NW1",0.5708380596,30
"NW1",9.9980871075,30
"NW1",49.4955034867,30
"NW1",-21.273843247,30
"NW1",-15.5488203213,30
"NW1",1.8508352334,30
"NW1",6.0958734067,30
"NW1",-11.5407565973,30
"NW1",6.8384224273,30
"NW1",14.6418686589,30
"NW1",-7.8193375289,30
"NW1",-31.3374344892,30
"NW1",-16.6139932319,30
"NW1",87.5340230023,30
"NW1",-1.4911961748,30
"NW1",-3.0241008652,30
"NW1",14.9245886946,30
"NW1",-18.9940964226,30
"NW1",23.3028155034,30
"NW1",-22.7393454095,30
"NW1",-20.9519200323,30
"NW1",-23.052038554,30
"NW1",21.2881969313,30
"NW1",1.9216993024,30
"NW1",23.1842557167,30
"NW1",47.6948217214,30
"NW1",-14.5413699001,30
"NW1",-2.8760088443,30
"NW1",1.4398013825,30
"NW1",14.7509949569,30
"NW1",-7.0511823212,30
"NW1",-1.9127741222,30
"NW1",8.9566208155,30
"NW1",-3.9223697968,30
"NW1",8.5313301597,30
"NW1",4.02870976,30
"NW1",7.3471546648,30
"NW1",-15.7283177054,30
"NW1",13.433972803,30
"NW1",-24.3154223879,30
"NW1",-22.1142499452,30
"NW1",15.2397221323,30
"NW1",22.1397006426,30
"NW1",-13.4392153219,30
"NW1",68.3552200573,30
"NW1",-20.7095800369,30
"NW1",9.3832491975,30
"NW1",3.8402752213,30
"NW1",-9.335544145,30
"NW1",4.1323599345,30
"NW1",15.0140807217,30
"NW1",4.5721277602,30
"NW1",5.0511199662,30
"NW1",-0.8901355074,30
"NW1",4.9715229296,30
"NW1",-2.7511504301,30
"NW1",-15.6748371214,30
"NW1",-29.9631068577,30
"NW1",5.0929722022,30
"NW1",15.8453456811,30
"NW1",-0.07218954,30
"NW1",-11.4146964671,30
"NW1",-5.8544978602,30
"NW1",17.7665593066,30
"NW1",-21.5539208081,30
"NW1",-22.0684847936,30
"NW1",-24.5858496327,30
"NW1",9.7911380176,30
"NW1",-27.7396516196,30
"NW1",-3.9905009001,30
"NW1",-28.5254938357,30
"NW1",-21.202772824,30
"NW1",-7.9516819268,30
"NW1",-3.5551526942,30
"NW1",-19.1889614914,30
"NW1",-11.4609967633,30
"NW1",-9.5135390097,30
"NW1",6.3889275785,30
"NW1",-15.3036819204,40
"NW1",-16.2517639261,40
"NW1",13.0790112365,40
"NW1",-13.034851152,40
"NW1",-15.3247495332,40
"NW1",-3.9809258029,40
"NW1",-2.6050759307,40
"NW1",14.843814314,40
"NW1",15.3671629273,40
"NW1",-16.9276591535,40
"NW1",3.9754496946,40
"NW1",-12.7274919056,40
"NW1",61.1295527996,40
"NW1",11.8493348108,40
"NW1",-11.3286051739,40
"NW1",-7.3157630467,40
"NW1",0.5465787463,40
"NW1",1.5596317177,40
"NW1",-5.1454506693,40
"NW1",17.2677050164,40
"NW1",7.7738796006,40
"NW1",10.7300514415,40
"NW1",15.4354858889,40
"NW1",-0.1176361182,40
"NW1",-8.6875934622,40
"NW1",-21.7403628747,40
"NW1",-28.7083258984,40
"NW1",-29.2444251469,40
"NW1",3.7976813663,40
"NW1",-23.632709643,40
"NW1",-28.9750056331,40
"NW1",-13.8616385848,40
"NW1",41.3577360948,40
"NW1",-9.0057733817,40
"NW1",-1.9553857211,40
"NW1",-22.563091089,40
"NW1",-0.8577655961,40
"NW1",-24.5545307864,40
"NW1",9.7409964198,40
"NW1",11.9097429436,40
"NW1",-4.235609863,40
"NW1",-3.244248194,40
"NW1",9.4803259758,40
"NW1",-15.6514553367,40
"NW1",11.9002834506,40
"NW1",-5.4709393442,40
"NW1",-33.6039298668,40
"NW1",-25.0934862861,40
"NW1",62.0026284004,40
"NW1",5.2150125403,40
"NW1",18.5754142812,40
"NW1",-2.2814609662,40
"NW1",-12.0064046303,40
"NW1",6.88043279,40
"NW1",-0.2833641183,40
"NW1",-14.0937672344,40
"NW1",13.9320373421,40
"NW1",-1.552447112,40
"NW1",-6.1392984339,40
"NW1",-32.4764680676,40
"NW1",-12.7881798847,40
"NW1",-3.0763980801,40
"NW1",-0.7765416526,40
"NW1",-10.0329959503,40
"NW1",15.8099695036,40
"NW1",-20.0721644581,40
"NW1",-32.3499468112,40
"NW1",-12.5585592951,40
"NW1",-18.1658203201,40
"NW1",-4.0175716474,40
"NW1",-15.181584644,40
"NW1",15.6177962213,40
"NW1",-11.8925297045,40
"NW1",11.6394650149,40
"NW1",31.4184152123,40
"NW1",-1.4171253449,40
"NW1",-5.3188214558,40
"NW1",12.7614265489,40
"NW1",-16.7018776684,40
"NW1",1.532044957,40
"NW1",-6.7618045541,40
"NW1",5.5501025877,40
"NW1",-2.5897474896,40
"NW1",-5.1114560076,40
"NW1",-6.749033948,40
"NW1",16.2179156618,40
"NW1",-2.6482483215,40
"NW1",-20.9078411773,40
"NW1",-13.9160954803,40
"NW1",-14.0317819123,40
"NW1",-12.1936560907,40
"NW1",19.1149471011,40
"NW1",19.9263478384,40
"NW1",-19.6659538299,40
"NW1",14.577098463,40
"NW1",16.8482145739,40
"NW1",-15.0038411996,40
"NW1",-9.4827756238,40
"NW1",-7.8774259753,40
"NW1",2.9184360681,40
"NW1",-16.9377941645,50
"NW1",-6.2076453983,50
"NW1",5.5356110107,50
"NW1",-0.4558208284,50
"NW1",26.0999766633,50
"NW1",16.8242975021,50
"NW1",-13.4577633429,50
"NW1",-6.4249534259,50
"NW1",8.9719010843,50
"NW1",-11.4589131933,50
"NW1",-2.2252264554,50
"NW1",-7.6857775596,50
"NW1",-12.2188861257,50
"NW1",-17.5915920468,50
"NW1",-10.6381044863,50
"NW1",21.9624934236,50
"NW1",20.1271885803,50
"NW1",-17.4419828359,50
"NW1",13.1830754657,50
"NW1",6.2281475856,50
"NW1",-25.4928221809,50
"NW1",-10.5206581523,50
"NW1",-6.8441820431,50
"NW1",-3.7450088459,50
"NW1",-7.5704769862,50
"NW1",-12.8653551,50
"NW1",14.1514438946,50
"NW1",-4.4880850625,50
"NW1",-7.5518300003,50
"NW1",4.3460686015,50
"NW1",-20.7732019028,50
"NW1",10.5564064013,50
"NW1",0.9664316892,50
"NW1",-15.6977088725,50
"NW1",2.9494500614,50
"NW1",3.6435053851,50
"NW1",18.4868261653,50
"NW1",13.4017627832,50
"NW1",-8.7253680646,50
"NW1",2.7665266917,50
"NW1",-15.4806245075,50
"NW1",0.431101001,50
"NW1",-3.5338088313,50
"NW1",-5.4041428409,50
"NW1",-26.4168109472,50
"NW1",-8.5270531124,50
"NW1",9.4091976441,50
"NW1",14.6766266752,50
"NW1",-10.8514010412,50
"NW1",4.9249929993,50
"NW1",10.5061614129,50
"NW1",22.0162013659,50
"NW1",-5.2318384606,50
"NW1",21.1913499512,50
"NW1",-12.8825573799,50
"NW1",6.1467575843,50
"NW1",-17.0794250962,50
"NW1",5.100852182,50
"NW1",18.6768412958,50
"NW1",-16.9041943546,50
"NW1",0.9570207605,50
"NW1",-9.6418662117,50
"NW1",15.3248684088,50
"NW1",-11.8819406475,50
"NW1",1.0066617924,50
"NW1",-14.3517471547,50
"NW1",5.6788313588,50
"NW1",14.4046436635,50
"NW1",13.7340970537,50
"NW1",-7.9916072293,50
"NW1",-9.1325985933,50
"NW1",-15.0182396216,50
"NW1",-28.2175996804,50
"NW1",35.5256891494,50
"NW1",3.2957596478,50
"NW1",-12.0478145274,50
"NW1",8.9390206006,50
"NW1",7.8327704322,50
"NW1",-14.5709864408,50
"NW1",-17.5162842512,50
"NW1",0.2949880049,50
"NW1",5.5458949457,50
"NW1",10.4129703549,50
"NW1",-7.8642466782,50
"NW1",16.7121469089,50
"NW1",12.2743599643,50
"NW1",-4.2724461679,50
"NW1",4.0371879834,50
"NW1",22.2246104587,50
"NW1",13.584468326,50
"NW1",-12.0029926656,50
"NW1",1.1498667548,50
"NW1",23.9230237701,50
"NW1",13.8210189922,50
"NW1",17.6514313862,50
"NW1",29.7093873604,50
"NW1",-21.4817168395,50
"NW1",1.5395081308,50
"NW1",-18.3813696332,50
"NW1",-6.2268385196,50
"NW1",46.3371660977,60
"NW1",0.8388207842,60
"NW1",27.1382452186,60
"NW1",-27.0492210359,60
"NW1",-12.0413214348,60
"NW1",12.0831872535,60
"NW1",-7.8744579941,60
"NW1",24.2252403821,60
"NW1",1.4938089009,60
"NW1",-5.7569435421,60
"NW1",-2.5808534552,60
"NW1",-0.8183571201,60
"NW1",9.7422599309,60
"NW1",-1.992518741,60
"NW1",3.306656691,60
"NW1",4.1502619982,60
"NW1",-0.8527467108,60
"NW1",9.2592017703,60
"NW1",9.072492322,60
"NW1",24.1454193604,60
"NW1",-8.7994273955,60
"NW1",12.7994585094,60
"NW1",1.0140836105,60
"NW1",11.5497492866,60
"NW1",12.9081353734,60
"NW1",-12.1963522992,60
"NW1",-12.9151381371,60
"NW1",-3.6054815834,60
"NW1",-3.5489066877,60
"NW1",7.7693709471,60
"NW1",-20.5902337412,60
"NW1",-7.694240685,60
"NW1",-10.697493029,60
"NW1",-15.9835498812,60
"NW1",-13.6352955308,60
"NW1",-4.8088406744,60
"NW1",3.6812357489,60
"NW1",-5.8804038941,60
"NW1",11.0955550846,60
"NW1",-3.3023254649,60
"NW1",8.5293529233,60
"NW1",31.861357098,60
"NW1",-4.2356419348,60
"NW1",2.2794062829,60
"NW1",-5.814681383,60
"NW1",4.8014731098,60
"NW1",-8.9498534261,60
"NW1",14.6051106271,60
"NW1",-7.6167033939,60
"NW1",-6.2476222054,60
"NW1",-2.8258397886,60
"NW1",0.3525725661,60
"NW1",26.12547298,60
"NW1",5.832467512,60
"NW1",-20.4935250405,60
"NW1",1.2465662939,60
"NW1",-5.0654615074,60
"NW1",13.6341201731,60
"NW1",6.5430489374,60
"NW1",31.3597942509,60
"NW1",-6.098612456,60
"NW1",-4.1213301721,60
"NW1",20.5102104354,60
"NW1",16.5891818157,60
"NW1",-0.1694547672,60
"NW1",-9.6249597594,60
"NW1",-0.6156627944,60
"NW1",10.3853504892,60
"NW1",2.3042894683,60
"NW1",11.0515465926,60
"NW1",-1.3099145719,60
"NW1",10.9489955772,60
"NW1",0.2526513436,60
"NW1",15.8504145955,60
"NW1",10.6810194313,60
"NW1",-20.6708648708,60
"NW1",-11.8091059225,60
"NW1",2.9547876868,60
"NW1",-17.5618466937,60
"NW1",-3.9390243888,60
"NW1",-5.0389787058,60
"NW1",-21.624531353,60
"NW1",-15.9800937551,60
"NW1",-10.5292813718,60
"NW1",11.1223223931,60
"NW1",-10.8784081904,60
"NW1",-4.0499076153,60
"NW1",6.8607812463,60
"NW1",-6.8171034519,60
"NW1",14.5151529909,60
"NW1",-26.6604186468,60
"NW1",12.6696772638,60
"NW1",-10.6841040127,60
"NW1",-7.0751053493,60
"NW1",1.4880453592,60
"NW1",-9.4670134618,60
"NW1",10.4100713248,60
"NW1",-10.469332427,60
"NW1",7.6654921613,60
"NW1",26.9350678391,60
"NW1",36.6402340144,70
"NW1",-0.7283400957,70
"NW1",21.7978819063,70
"NW1",-24.1328842902,70
"NW1",-13.4933102009,70
"NW1",23.7019617558,70
"NW1",-1.8094379013,70
"NW1",4.4289036805,70
"NW1",14.1651946332,70
"NW1",-8.6645936117,70
"NW1",7.3076299806,70
"NW1",3.265831267,70
"NW1",1.6200503651,70
"NW1",-6.1247717755,70
"NW1",-5.0550142753,70
"NW1",-7.6287259407,70
"NW1",0.1628521241,70
"NW1",13.0985051061,70
"NW1",7.1057425841,70
"NW1",16.5251100412,70
"NW1",-17.7090058754,70
"NW1",4.6339423961,70
"NW1",11.1599664597,70
"NW1",7.7276098547,70
"NW1",8.7828605802,70
"NW1",0.0505040072,70
"NW1",-12.7270352851,70
"NW1",7.03632595,70
"NW1",-0.2086740308,70
"NW1",-3.2172307782,70
"NW1",-22.4247980324,70
"NW1",-2.4137652867,70
"NW1",-17.0913775818,70
"NW1",-9.0693913123,70
"NW1",-9.3801207865,70
"NW1",3.2811769879,70
"NW1",-5.6521964588,70
"NW1",-0.6508834267,70
"NW1",5.422886369,70
"NW1",5.9768094734,70
"NW1",1.7192021555,70
"NW1",20.7241903123,70
"NW1",1.4803273554,70
"NW1",-3.2172307782,70
"NW1",-0.9546943348,70
"NW1",7.5185958764,70
"NW1",-12.744383506,70
"NW1",9.4021652362,70
"NW1",-0.1573044799,70
"NW1",5.313061849,70
"NW1",6.98415095,70
"NW1",-5.1942416658,70
"NW1",31.0585900157,70
"NW1",-3.2430555355,70
"NW1",-18.6616411452,70
"NW1",-2.5625482533,70
"NW1",-6.4511935892,70
"NW1",15.1471760808,70
"NW1",-2.5773447007,70
"NW1",9.9176282821,70
"NW1",-3.6354607177,70
"NW1",-2.3920654979,70
"NW1",2.762601357,70
"NW1",-5.9522216123,70
"NW1",7.257948925,70
"NW1",-12.8924751837,70
"NW1",-0.1513278437,70
"NW1",12.1238719,70
"NW1",6.3911668882,70
"NW1",12.2710349064,70
"NW1",-9.6931343483,70
"NW1",4.200576763,70
"NW1",13.5574037843,70
"NW1",-0.3517517246,70
"NW1",19.6598199895,70
"NW1",-19.1681410029,70
"NW1",-3.6966604482,70
"NW1",5.0557073032,70
"NW1",-20.3115836809,70
"NW1",-0.0765594736,70
"NW1",-3.5708385002,70
"NW1",-25.7128227104,70
"NW1",-19.7306105924,70
"NW1",-9.5981837112,70
"NW1",9.5710489718,70
"NW1",-1.2414524238,70
"NW1",-0.2576050955,70
"NW1",6.6237530496,70
"NW1",-4.8996560522,70
"NW1",18.5777955845,70
"NW1",-20.2433791542,70
"NW1",-21.3768303823,70
"NW1",-8.2637441589,70
"NW1",5.7068253964,70
"NW1",-10.358989633,70
"NW1",-16.137235848,70
"NW1",6.866258302,70
"NW1",-2.5397757096,70
"NW1",5.5576504687,70
"NW1",3.5125536922,70
"NW1",2.4920347109,80
"NW1",-13.225656218,80
"NW1",-4.9562825914,80
"NW1",-6.1379119924,80
"NW1",5.4935612277,80
"NW1",9.5927361412,80
"NW1",-4.8196137081,80
"NW1",-1.82764194,80
"NW1",1.3509941415,80
"NW1",3.2520080383,80
"NW1",-9.1977818145,80
"NW1",1.3720133798,80
"NW1",-7.2034207046,80
"NW1",-13.3097081475,80
"NW1",-15.2102563378,80
"NW1",0.1339900412,80
"NW1",-13.2592176034,80
"NW1",-7.1129884759,80
"NW1",-9.9169325334,80
"NW1",-6.9892636074,80
"NW1",9.9555778537,80
"NW1",15.1598956607,80
"NW1",-2.5253950602,80
"NW1",-3.7581295566,80
"NW1",0.2640759068,80
"NW1",-4.1351519804,80
"NW1",4.6061364491,80
"NW1",20.5381504147,80
"NW1",6.4876994257,80
"NW1",-7.2499246439,80
"NW1",-4.2579266227,80
"NW1",8.242389848,80
"NW1",-10.1059667075,80
"NW1",32.0150725278,80
"NW1",-12.7817956513,80
"NW1",-11.3620011992,80
"NW1",-1.8235971815,80
"NW1",-9.5308878951,80
"NW1",15.121646032,80
"NW1",-4.9463304193,80
"NW1",-9.146716575,80
"NW1",0.931897899,80
"NW1",4.40390212,80
"NW1",-1.9952060126,80
"NW1",9.4216321489,80
"NW1",-0.7662114174,80
"NW1",0.56715951,80
"NW1",-12.3869581351,80
"NW1",-7.1695292613,80
"NW1",3.9155972705,80
"NW1",25.5953175481,80
"NW1",16.0233986274,80
"NW1",-16.1393966713,80
"NW1",0.7579850002,80
"NW1",-8.9792706729,80
"NW1",3.9694386679,80
"NW1",4.095475305,80
"NW1",5.7792231993,80
"NW1",-7.974817944,80
"NW1",-7.4305308616,80
"NW1",-5.9174099028,80
"NW1",-6.8929566284,80
"NW1",-10.3781346644,80
"NW1",-3.3252100124,80
"NW1",-4.1679226627,80
"NW1",2.5653760462,80
"NW1",-2.2269314824,80
"NW1",2.1208777325,80
"NW1",-1.7446577185,80
"NW1",-10.0164337762,80
"NW1",-3.22410937,80
"NW1",1.3941199302,80
"NW1",-10.0673748386,80
"NW1",4.1899187718,80
"NW1",9.6665007253,80
"NW1",8.0130120749,80
"NW1",9.0148998272,80
"NW1",-15.3559554733,80
"NW1",2.2934930702,80
"NW1",12.0173257027,80
"NW1",10.1226314675,80
"NW1",17.9691602911,80
"NW1",-4.9325835166,80
"NW1",-4.8129600635,80
"NW1",-19.7109539694,80
"NW1",-19.4010244967,80
"NW1",0.1276786777,80
"NW1",-2.7491659622,80
"NW1",-5.0334595956,80
"NW1",5.2030512082,80
"NW1",13.9838110072,80
"NW1",4.1586082837,80
"NW1",12.2911582958,80
"NW1",0.393442776,80
"NW1",-1.0654310265,80
"NW1",-17.9121015206,80
"NW1",-5.5734832151,80
"NW1",14.3441190046,80
"NW1",3.4385736274,80
"NW1",16.9946513323,80
"NW1",-8.2268992486,90
"NW1",-8.4810695456,90
"NW1",-2.44857899,90
"NW1",1.3008466888,90
"NW1",1.3104175481,90
"NW1",10.8371813112,90
"NW1",9.7043672488,90
"NW1",20.832729803,90
"NW1",24.7309905262,90
"NW1",-7.0503363321,90
"NW1",-5.1695679033,90
"NW1",0.4383443973,90
"NW1",9.9580443252,90
"NW1",19.7959851028,90
"NW1",-13.6777059781,90
"NW1",-1.7523098285,90
"NW1",25.8051096914,90
"NW1",-4.8324958993,90
"NW1",-13.6380778204,90
"NW1",-4.9493320875,90
"NW1",-3.1210465373,90
"NW1",-3.7009229864,90
"NW1",3.4135096711,90
"NW1",-7.9480075325,90
"NW1",-3.3432920385,90
"NW1",15.0869728843,90
"NW1",0.6660551213,90
"NW1",-7.9934229871,90
"NW1",17.5316328662,90
"NW1",11.8196216146,90
"NW1",21.8301050326,90
"NW1",-14.5846643921,90
"NW1",14.0459409036,90
"NW1",8.2354929752,90
"NW1",-7.4734144623,90
"NW1",0.3340275331,90
"NW1",-8.9245268114,90
"NW1",-6.327269098,90
"NW1",-1.0195411014,90
"NW1",9.7251348111,90
"NW1",-4.7251081801,90
"NW1",-5.969540506,90
"NW1",-13.242593705,90
"NW1",-6.9709059598,90
"NW1",1.6836505274,90
"NW1",-10.6584305064,90
"NW1",7.8729077758,90
"NW1",0.5188445866,90
"NW1",2.3211290779,90
"NW1",-5.3908723792,90
"NW1",17.3104743023,90
"NW1",-6.5790347352,90
"NW1",-6.5212118808,90
"NW1",-22.8494652449,90
"NW1",-4.3661029423,90
"NW1",-2.3957462585,90
"NW1",13.4438734116,90
"NW1",-4.8780835052,90
"NW1",-1.4307977134,90
"NW1",-5.3173584171,90
"NW1",-5.0187914138,90
"NW1",-17.3363974719,90
"NW1",10.7364550961,90
"NW1",-7.7504234848,90
"NW1",8.5367679314,90
"NW1",26.7082038882,90
"NW1",-5.6908410733,90
"NW1",-0.3383225408,90
"NW1",-0.5652054716,90
"NW1",16.9088706463,90
"NW1",0.549006508,90
"NW1",-0.1569060597,90
"NW1",1.9548417341,90
"NW1",7.3894585915,90
"NW1",0.2435135674,90
"NW1",2.1904625832,90
"NW1",-6.1653764407,90
"NW1",-16.0921904257,90
"NW1",-12.2608321881,90
"NW1",4.1963096889,90
"NW1",-12.1965320406,90
"NW1",-1.0387241576,90
"NW1",7.6681947983,90
"NW1",7.6936062202,90
"NW1",0.1802976966,90
"NW1",-13.0745062193,90
"NW1",-7.246916091,90
"NW1",-6.59327586,90
"NW1",19.0267238458,90
"NW1",-12.3730416149,90
"NW1",-6.046573459,90
"NW1",2.274772517,90
"NW1",0.4609279221,90
"NW1",15.1518572661,90
"NW1",-8.9427015349,90
"NW1",-4.6899643616,90
"NW1",-7.2107982265,90
"NW1",2.6625293162,90
"NW1",3.6388974489,90
"NW1",-0.9367861078,90
"NW1",-8.8918327244,100
"NW1",2.4488510407,100
"NW1",5.7186838012,100
"NW1",-2.1762567835,100
"NW1",-14.6997325602,100
"NW1",18.4709208654,100
"NW1",17.7054785749,100
"NW1",-14.3369680048,100
"NW1",1.2818538893,100
"NW1",-2.9412830023,100
"NW1",-6.5731742686,100
"NW1",-1.5969638989,100
"NW1",-14.0589114938,100
"NW1",0.9040101379,100
"NW1",20.0731942077,100
"NW1",12.9427420827,100
"NW1",-4.5898106518,100
"NW1",3.624124764,100
"NW1",1.6638392164,100
"NW1",-1.144645008,100
"NW1",-1.6457032058,100
"NW1",-10.3020601373,100
"NW1",-5.2359841319,100
"NW1",0.6827378286,100
"NW1",-9.9869465143,100
"NW1",0.4010567678,100
"NW1",-4.2612924723,100
"NW1",8.8514362397,100
"NW1",15.2222622437,100
"NW1",-6.4345065491,100
"NW1",-10.4163761481,100
"NW1",-12.2308491497,100
"NW1",-3.1893133144,100
"NW1",1.1752056509,100
"NW1",0.302164869,100
"NW1",0.081839988,100
"NW1",3.7951946637,100
"NW1",16.5665586069,100
"NW1",3.9899697577,100
"NW1",3.2053879375,100
"NW1",1.2323721265,100
"NW1",-6.1537149976,100
"NW1",12.5426747497,100
"NW1",0.6274650663,100
"NW1",14.4024466374,100
"NW1",-0.0172634158,100
"NW1",3.8137347686,100
"NW1",0.4645516411,100
"NW1",0.0347833812,100
"NW1",-9.3996615727,100
"NW1",8.2639055434,100
"NW1",1.2637766828,100
"NW1",9.2161352735,100
"NW1",6.013585367,100
"NW1",-10.3067869278,100
"NW1",-3.2463107222,100
"NW1",-7.0534784996,100
"NW1",16.550024505,100
"NW1",28.517186459,100
"NW1",-3.272624791,100
"NW1",0.9181123666,100
"NW1",-12.3238553916,100
"NW1",2.0286173474,100
"NW1",-17.3348680345,100
"NW1",1.9709846677,100
"NW1",5.5627275269,100
"NW1",-3.6313408524,100
"NW1",-1.488345439,100
"NW1",3.1571352322,100
"NW1",-8.1356186386,100
"NW1",0.9565930327,100
"NW1",1.9932441194,100
"NW1",11.7483626674,100
"NW1",-13.9499795604,100
"NW1",-6.3407281235,100
"NW1",-5.5357692075,100
"NW1",1.0040929557,100
"NW1",-4.9122877182,100
"NW1",8.5642947096,100
"NW1",-2.8364060017,100
"NW1",32.4842691069,100
"NW1",5.3815921197,100
"NW1",16.1313989059,100
"NW1",10.1119451868,100
"NW1",17.0618969046,100
"NW1",14.2526987534,100
"NW1",-11.1489076357,100
"NW1",35.2361812585,100
"NW1",7.8688926969,100
"NW1",8.3106548038,100
"NW1",11.0629336812,100
"NW1",8.5722091815,100
"NW1",10.5810328654,100
"NW1",20.03690242,100
"NW1",-12.1528692292,100
"NW1",5.9678551072,100
"NW1",-12.2124182683,100
"NW1",9.6382440962,100
"NW1",8.9474879188,100
"NW1",2.0176970669,100
"SW1",113.3828964688,10
"SW1",42.1969308495,10
"SW1",20.8659456486,10
"SW1",-13.9111601013,10
"SW1",-31.234061941,10
"SW1",-11.167803394,10
"SW1",-18.8799943513,10
"SW1",-1.1360470947,10
"SW1",16.8676454641,10
"SW1",-12.0513964358,10
"SW1",4.7615419995,10
"SW1",-23.791124851,10
"SW1",-4.9629423121,10
"SW1",-12.2741209507,10
"SW1",-9.223898894,10
"SW1",-5.0139221844,10
"SW1",0.4549480164,10
"SW1",31.2138241282,10
"SW1",-21.3137613353,10
"SW1",0.39708331,10
"SW1",-3.378246585,10
"SW1",-19.919689208,10
"SW1",67.7696757386,10
"SW1",-14.5076512543,10
"SW1",-1.0622971885,10
"SW1",-25.0763178584,10
"SW1",-32.2945986408,10
"SW1",-14.5543908078,10
"SW1",25.854371569,10
"SW1",11.2774247917,10
"SW1",-15.629157915,10
"SW1",-29.5313878116,10
"SW1",-27.9103094128,10
"SW1",-24.2368678723,10
"SW1",-28.2269115066,10
"SW1",-33.931113276,10
"SW1",-34.0786906813,10
"SW1",-6.1077701053,10
"SW1",63.2600434419,10
"SW1",25.0257852286,10
"SW1",8.3037516978,10
"SW1",-2.2177604337,10
"SW1",-19.0695127909,10
"SW1",12.7197627021,10
"SW1",-29.5051242335,10
"SW1",-1.4725439717,10
"SW1",1.4146492151,10
"SW1",-16.0821745667,10
"SW1",46.32329129,10
"SW1",-20.2821251207,10
"SW1",-46.9742791912,10
"SW1",-23.9827238041,10
"SW1",-10.7924054578,10
"SW1",-31.0237580951,10
"SW1",-44.9966117543,10
"SW1",-19.2366004073,10
"SW1",9.1460270165,10
"SW1",7.6390945155,10
"SW1",-0.4352701684,10
"SW1",17.7764455997,10
"SW1",-15.1229926644,10
"SW1",-20.6197226374,10
"SW1",0.963128681,10
"SW1",43.2179454578,10
"SW1",-17.2566949817,10
"SW1",6.8716112609,10
"SW1",-22.0998135487,10
"SW1",2.3028708167,10
"SW1",-19.2585394247,10
"SW1",9.0659269268,10
"SW1",-17.1527052324,10
"SW1",31.9989281362,10
"SW1",-7.1013331303,10
"SW1",2.3220519761,10
"SW1",-9.5113602487,10
"SW1",-43.4734096792,10
"SW1",-12.2815179704,10
"SW1",-31.1532839787,10
"SW1",-13.2699229141,10
"SW1",-7.6620409348,10
"SW1",-14.9021186925,10
"SW1",-22.5417176354,10
"SW1",0.7266803575,10
"SW1",47.9102568028,10
"SW1",14.1682580031,10
"SW1",-11.0341468889,10
"SW1",-12.9751794535,10
"SW1",-12.4994002463,10
"SW1",-12.7313044531,10
"SW1",5.4788571803,10
"SW1",-24.5837461842,10
"SW1",-25.8935755368,10
"SW1",-0.5987815072,10
"SW1",217.8819151111,10
"SW1",29.5935661463,10
"SW1",-34.1924543841,10
"SW1",-7.5042561603,10
"SW1",7.7477923689,10
"SW1",26.5283642013,10
"SW1",5.3513434901,10
"SW1",5.8075708121,20
"SW1",-35.9730241701,20
"SW1",4.4874731541,20
"SW1",-17.82937944,20
"SW1",-15.9128114684,20
"SW1",16.6164818326,20
"SW1",36.7760962494,20
"SW1",1.3732666992,20
"SW1",-9.0638353743,20
"SW1",41.1709119665,20
"SW1",40.8859288208,20
"SW1",-13.9048147081,20
"SW1",-13.7639737688,20
"SW1",-6.1321270278,20
"SW1",-5.0377663158,20
"SW1",-26.9155317128,20
"SW1",-5.9036825244,20
"SW1",-12.959820747,20
"SW1",-23.1501286921,20
"SW1",-44.981794374,20
"SW1",24.5950482835,20
"SW1",-1.0792018016,20
"SW1",11.2298336327,20
"SW1",-19.6076584867,20
"SW1",-6.6799755609,20
"SW1",-2.4304108898,20
"SW1",54.1957755935,20
"SW1",55.406166219,20
"SW1",-1.5490321864,20
"SW1",5.9277647945,20
"SW1",15.16553834,20
"SW1",-2.5736131812,20
"SW1",7.9567447395,20
"SW1",60.6552951702,20
"SW1",-10.9869269293,20
"SW1",28.3511711392,20
"SW1",-22.2982771386,20
"SW1",-15.2726970876,20
"SW1",25.2685464353,20
"SW1",-12.8775879946,20
"SW1",-10.5445393305,20
"SW1",-3.1137721372,20
"SW1",-5.3419442141,20
"SW1",18.0330546294,20
"SW1",3.0480098501,20
"SW1",2.5591070578,20
"SW1",-9.784295309,20
"SW1",-35.0390944111,20
"SW1",-16.450222734,20
"SW1",-36.0425251141,20
"SW1",47.892843575,20
"SW1",-6.1355677479,20
"SW1",-18.7005077805,20
"SW1",-34.9896192355,20
"SW1",22.5978989165,20
"SW1",2.4358717103,20
"SW1",-16.8505860244,20
"SW1",15.1619527384,20
"SW1",6.4848058719,20
"SW1",7.5309630927,20
"SW1",-9.6122169856,20
"SW1",-15.2008271631,20
"SW1",16.3783962443,20
"SW1",-12.3661480881,20
"SW1",-6.3530112506,20
"SW1",-13.0020157321,20
"SW1",-5.94369404,20
"SW1",-9.6390823319,20
"SW1",-9.2214235084,20
"SW1",-25.9883108679,20
"SW1",-26.9722866978,20
"SW1",-1.8291995815,20
"SW1",-4.6239501771,20
"SW1",-16.2349465034,20
"SW1",-24.5680246031,20
"SW1",1.3778973917,20
"SW1",-6.3244196871,20
"SW1",-0.7922180789,20
"SW1",27.7568797803,20
"SW1",38.4908047313,20
"SW1",33.7382819969,20
"SW1",7.5698792721,20
"SW1",-13.3881634051,20
"SW1",5.1359071936,20
"SW1",-2.6066769021,20
"SW1",-15.7883755664,20
"SW1",29.3548770681,20
"SW1",11.1138151114,20
"SW1",2.1324434514,20
"SW1",-9.7364731517,20
"SW1",8.7895219095,20
"SW1",-10.854038154,20
"SW1",9.3852376258,20
"SW1",5.8121110002,20
"SW1",-12.7651497382,20
"SW1",-18.7937179452,20
"SW1",-14.3502707842,20
"SW1",11.2311344121,20
"SW1",-10.4047796562,20
"SW1",59.612334061,20
"SW1",-13.5043589802,30
"SW1",2.0947521576,30
"SW1",-20.9992429484,30
"SW1",-3.5300055694,30
"SW1",11.9284303331,30
"SW1",44.3479701074,30
"SW1",46.4535385885,30
"SW1",8.3186699259,30
"SW1",19.1648961903,30
"SW1",-12.4212103107,30
"SW1",19.2603808828,30
"SW1",2.0267485795,30
"SW1",-11.2774981039,30
"SW1",-3.3544969475,30
"SW1",-16.7281484222,30
"SW1",-2.7862817483,30
"SW1",19.5019797829,30
"SW1",-18.3631721073,30
"SW1",-14.811746563,30
"SW1",-20.9348229919,30
"SW1",-7.7391548641,30
"SW1",-6.7371437056,30
"SW1",2.591977756,30
"SW1",-21.5884953329,30
"SW1",14.5422272621,30
"SW1",24.7909796191,30
"SW1",-10.2287687671,30
"SW1",-4.1595360693,30
"SW1",17.5165938693,30
"SW1",5.2322315543,30
"SW1",30.4511234546,30
"SW1",-21.6973122521,30
"SW1",5.9229899892,30
"SW1",-1.9627197339,30
"SW1",-8.5485123993,30
"SW1",-9.8698653193,30
"SW1",-14.003378023,30
"SW1",23.0346918506,30
"SW1",-10.988077297,30
"SW1",-1.5257826259,30
"SW1",-5.5972653304,30
"SW1",-2.8760957392,30
"SW1",-17.2662228823,30
"SW1",-3.8596857553,30
"SW1",14.6543960607,30
"SW1",-8.7482209767,30
"SW1",-10.5423758415,30
"SW1",18.6046200223,30
"SW1",16.2116242747,30
"SW1",2.2196262416,30
"SW1",21.6356967978,30
"SW1",-14.5573880016,30
"SW1",4.2594407887,30
"SW1",-4.9738840935,30
"SW1",15.7237509088,30
"SW1",-4.0370544779,30
"SW1",9.6212875304,30
"SW1",-14.5815041018,30
"SW1",8.679363607,30
"SW1",-18.0288118896,30
"SW1",3.1859949107,30
"SW1",-17.2902042831,30
"SW1",10.3081694141,30
"SW1",-9.5334918254,30
"SW1",14.3538893696,30
"SW1",15.186658079,30
"SW1",15.2950350716,30
"SW1",1.4136193895,30
"SW1",-4.9775006572,30
"SW1",19.4959743494,30
"SW1",-13.122876748,30
"SW1",3.1313316607,30
"SW1",21.3830418374,30
"SW1",-9.951944391,30
"SW1",20.2075047656,30
"SW1",10.4032848446,30
"SW1",-16.8605537372,30
"SW1",-20.6142961342,30
"SW1",-4.8299023859,30
"SW1",-20.1420153413,30
"SW1",-21.7880688269,30
"SW1",-9.5539743755,30
"SW1",-2.7436802767,30
"SW1",16.6560531084,30
"SW1",-8.2064035788,30
"SW1",-15.417791356,30
"SW1",-8.5150029457,30
"SW1",-2.1950651406,30
"SW1",-7.2516233267,30
"SW1",-13.1606477681,30
"SW1",-11.2301811186,30
"SW1",9.8451877608,30
"SW1",-22.5090223898,30
"SW1",21.9508763651,30
"SW1",8.4021468143,30
"SW1",-20.2364108762,30
"SW1",-19.6931513073,30
"SW1",-2.8137162598,30
"SW1",23.1981528644,30
"SW1",3.7067466607,30
"SW1",-12.2137423939,40
"SW1",-4.2851455119,40
"SW1",-5.8444668818,40
"SW1",-18.3035696549,40
"SW1",-2.7898301864,40
"SW1",34.3598334646,40
"SW1",21.0023560046,40
"SW1",-29.1546714094,40
"SW1",26.6328077985,40
"SW1",-14.4823950213,40
"SW1",-18.0920067955,40
"SW1",-6.7536884734,40
"SW1",-3.666794924,40
"SW1",13.8806136308,40
"SW1",19.3516682164,40
"SW1",1.1112430996,40
"SW1",2.6846980308,40
"SW1",-4.5369761468,40
"SW1",4.6818203141,40
"SW1",-14.1471659215,40
"SW1",-14.2124322172,40
"SW1",0.9487390548,40
"SW1",-17.5192094347,40
"SW1",-10.5339612784,40
"SW1",-6.5226199097,40
"SW1",-9.8806416446,40
"SW1",-14.1925309875,40
"SW1",17.5987907238,40
"SW1",17.3831652965,40
"SW1",-15.33820178,40
"SW1",-7.3550850461,40
"SW1",-15.7852865801,40
"SW1",-6.4004057833,40
"SW1",-8.4758076359,40
"SW1",10.2048868338,40
"SW1",-16.9150224233,40
"SW1",-4.3119698819,40
"SW1",8.2914208324,40
"SW1",-13.4417616503,40
"SW1",-1.4006096124,40
"SW1",-2.1433149766,40
"SW1",-5.0224586755,40
"SW1",22.4117142052,40
"SW1",-3.7906863052,40
"SW1",-0.1885431393,40
"SW1",14.9690583071,40
"SW1",11.3541023836,40
"SW1",-13.8037190179,40
"SW1",-5.8491269922,40
"SW1",-9.2220423675,40
"SW1",2.840134314,40
"SW1",1.9254330183,40
"SW1",15.3804839418,40
"SW1",27.389970929,40
"SW1",-19.232681471,40
"SW1",-25.264788712,40
"SW1",-26.4279842687,40
"SW1",1.6453411441,40
"SW1",12.3831835665,40
"SW1",-8.8747791577,40
"SW1",5.7584943987,40
"SW1",-4.8854186727,40
"SW1",0.3258287405,40
"SW1",-5.8398063101,40
"SW1",-8.0530149339,40
"SW1",-10.0911767244,40
"SW1",1.7937534591,40
"SW1",19.1114574238,40
"SW1",3.0909308975,40
"SW1",2.7821872659,40
"SW1",-7.4960314606,40
"SW1",5.6821132638,40
"SW1",22.5525403455,40
"SW1",-29.1173365597,40
"SW1",-19.0298484616,40
"SW1",-20.8994411897,40
"SW1",-11.8674546877,40
"SW1",-4.318157986,40
"SW1",9.4728271105,40
"SW1",-24.9382961035,40
"SW1",31.3300353204,40
"SW1",-14.3366060585,40
"SW1",9.7624902836,40
"SW1",-1.4465838385,40
"SW1",7.0637454069,40
"SW1",-0.8137959119,40
"SW1",-23.4698138392,40
"SW1",32.7651502163,40
"SW1",8.4934718804,40
"SW1",2.9570206923,40
"SW1",-1.3779716247,40
"SW1",-4.7643324591,40
"SW1",10.7788180931,40
"SW1",4.9954761815,40
"SW1",-7.4780348297,40
"SW1",4.8078824349,40
"SW1",4.9929925902,40
"SW1",-5.9276137673,40
"SW1",-0.6939647159,40
"SW1",6.6777724736,40
"SW1",-1.2340140922,50
"SW1",-4.1957600824,50
"SW1",-7.2240519533,50
"SW1",6.9334038241,50
"SW1",2.6476531183,50
"SW1",-19.4811710516,50
"SW1",-2.6145119938,50
"SW1",8.5194666848,50
"SW1",2.7636262775,50
"SW1",-10.552951904,50
"SW1",-3.4337415353,50
"SW1",2.1631599758,50
"SW1",15.8819304152,50
"SW1",11.4999319345,50
"SW1",-1.3341266209,50
"SW1",16.5905469099,50
"SW1",-8.6251566524,50
"SW1",-11.5384096564,50
"SW1",11.1915671698,50
"SW1",-10.136198122,50
"SW1",9.8820493732,50
"SW1",-8.6096039145,50
"SW1",7.4774992997,50
"SW1",1.7609255975,50
"SW1",22.6661127623,50
"SW1",-3.8626472733,50
"SW1",-0.1246101931,50
"SW1",2.9613195374,50
"SW1",24.7016949538,50
"SW1",3.921712446,50
"SW1",-9.7840508233,50
"SW1",8.4113253594,50
"SW1",-5.7088556479,50
"SW1",11.9242908567,50
"SW1",29.9278960811,50
"SW1",-15.0513019784,50
"SW1",-6.3660495311,50
"SW1",15.5424710643,50
"SW1",-19.0007891236,50
"SW1",29.0354884999,50
"SW1",21.7509149755,50
"SW1",-14.049412936,50
"SW1",-14.2455804274,50
"SW1",-19.2824237239,50
"SW1",-27.5440947261,50
"SW1",9.3859564758,50
"SW1",8.2716972872,50
"SW1",3.1712844802,50
"SW1",-20.4676262558,50
"SW1",-16.3268477085,50
"SW1",-4.9230422519,50
"SW1",-4.899683822,50
"SW1",-12.7427416082,50
"SW1",1.1708565918,50
"SW1",15.9303568054,50
"SW1",-8.7023402405,50
"SW1",-18.2111392551,50
"SW1",-14.3448715345,50
"SW1",-0.5940323986,50
"SW1",-11.688130566,50
"SW1",25.5141451057,50
"SW1",13.3372338593,50
"SW1",-3.4062823075,50
"SW1",7.4469724236,50
"SW1",7.11852163,50
"SW1",0.1415815698,50
"SW1",6.8798461428,50
"SW1",24.0871993906,50
"SW1",-3.5853263802,50
"SW1",25.4640026461,50
"SW1",-0.0178230344,50
"SW1",1.7652806829,50
"SW1",-13.4136195851,50
"SW1",15.2576452519,50
"SW1",-10.0939691199,50
"SW1",7.5330471742,50
"SW1",-8.1258433245,50
"SW1",14.4634591489,50
"SW1",-9.3916623714,50
"SW1",3.1418761986,50
"SW1",12.8975191547,50
"SW1",3.5325797042,50
"SW1",-16.3230619546,50
"SW1",16.159314689,50
"SW1",-23.4395409617,50
"SW1",19.5087008648,50
"SW1",-18.1455788154,50
"SW1",15.9893301863,50
"SW1",-0.1761223017,50
"SW1",28.1868388594,50
"SW1",-0.0172224615,50
"SW1",3.6641184251,50
"SW1",6.3247875351,50
"SW1",-6.4975460686,50
"SW1",22.2903007791,50
"SW1",-2.4901415404,50
"SW1",-3.2462603959,50
"SW1",2.4215319237,50
"SW1",-9.6420255085,50
"SW1",29.878219378,50
"SW1",11.6890955733,60
"SW1",-9.6022764403,60
"SW1",14.8923456957,60
"SW1",-2.224270219,60
"SW1",6.3364481272,60
"SW1",-2.9299045194,60
"SW1",-5.2861513187,60
"SW1",7.673793594,60
"SW1",-16.7767228594,60
"SW1",-10.6428275219,60
"SW1",-8.0403152495,60
"SW1",-12.3304917358,60
"SW1",-20.8502298069,60
"SW1",-1.895788256,60
"SW1",-13.0461004373,60
"SW1",-3.1708386326,60
"SW1",13.3928253904,60
"SW1",2.5192059111,60
"SW1",-14.3566241313,60
"SW1",-7.0314578495,60
"SW1",-18.4514973202,60
"SW1",0.7079910599,60
"SW1",-7.635054766,60
"SW1",3.0768326832,60
"SW1",16.3710056331,60
"SW1",13.3143439432,60
"SW1",-16.1006451596,60
"SW1",-13.1783888043,60
"SW1",21.832307021,60
"SW1",-2.0108154178,60
"SW1",-1.5927349247,60
"SW1",6.0417575314,60
"SW1",-16.0336328953,60
"SW1",-0.1473779115,60
"SW1",-7.8935915979,60
"SW1",-1.5447131611,60
"SW1",-3.4208544544,60
"SW1",-4.9598673084,60
"SW1",-12.8936595065,60
"SW1",-0.8226607934,60
"SW1",0.6760118895,60
"SW1",-6.5949654097,60
"SW1",-13.4766324156,60
"SW1",-12.8541349869,60
"SW1",-5.5776295188,60
"SW1",11.4410817587,60
"SW1",18.7220677888,60
"SW1",35.6113152929,60
"SW1",2.7771629749,60
"SW1",-16.9017144474,60
"SW1",-5.2245816994,60
"SW1",-6.3185323137,60
"SW1",4.4109513639,60
"SW1",12.0223406609,60
"SW1",-9.3840987966,60
"SW1",-14.1836830323,60
"SW1",4.4688376101,60
"SW1",3.0805563651,60
"SW1",-9.5445535545,60
"SW1",19.2045798929,60
"SW1",-11.2057142298,60
"SW1",-0.8964732277,60
"SW1",11.8435695952,60
"SW1",31.046125528,60
"SW1",-18.9929050296,60
"SW1",-0.9981541446,60
"SW1",-0.3511252233,60
"SW1",38.7058471886,60
"SW1",-9.3631279383,60
"SW1",-6.9478674565,60
"SW1",-3.0853312169,60
"SW1",13.6114727168,60
"SW1",21.6920181976,60
"SW1",-25.0627690688,60
"SW1",-21.3392954342,60
"SW1",7.346264346,60
"SW1",47.4307603104,60
"SW1",-4.2743656756,60
"SW1",-13.6304028485,60
"SW1",-9.3499647961,60
"SW1",-14.8589527325,60
"SW1",-12.6998749678,60
"SW1",19.466956594,60
"SW1",13.2045239307,60
"SW1",-5.2106387803,60
"SW1",-0.2685310502,60
"SW1",-9.839759288,60
"SW1",-6.062552759,60
"SW1",-7.5820613584,60
"SW1",5.6033298273,60
"SW1",-15.3851849051,60
"SW1",5.9933636173,60
"SW1",16.1558020381,60
"SW1",-0.8645013333,60
"SW1",29.5703636396,60
"SW1",13.9927257969,60
"SW1",-0.6534624857,60
"SW1",36.3481924396,60
"SW1",16.1119118191,60
"SW1",1.6981294009,60
"SW1",20.4085421257,70
"SW1",-2.3561253429,70
"SW1",-6.7753246468,70
"SW1",-11.5085120676,70
"SW1",0.8273124637,70
"SW1",-0.6996775287,70
"SW1",-8.2941855742,70
"SW1",-15.0963664513,70
"SW1",-12.6908255321,70
"SW1",14.457724563,70
"SW1",-2.9441895615,70
"SW1",-8.3450438761,70
"SW1",22.515974904,70
"SW1",-14.2711344058,70
"SW1",1.6249502827,70
"SW1",-11.3462430535,70
"SW1",-9.3356808132,70
"SW1",-9.9790776723,70
"SW1",-2.270128691,70
"SW1",-3.8051824185,70
"SW1",2.2730128359,70
"SW1",-7.8575965509,70
"SW1",-1.0092989755,70
"SW1",-13.0228949885,70
"SW1",-9.5945609301,70
"SW1",1.7456413091,70
"SW1",-2.1289302108,70
"SW1",18.6375488093,70
"SW1",24.4700319665,70
"SW1",1.767858358,70
"SW1",-10.3313632756,70
"SW1",9.7092642141,70
"SW1",28.9255477251,70
"SW1",10.4623004326,70
"SW1",2.7818472608,70
"SW1",16.7170339272,70
"SW1",6.5894529609,70
"SW1",-11.4516845844,70
"SW1",-6.5191512569,70
"SW1",-14.6620012207,70
"SW1",12.7601796906,70
"SW1",14.9030150868,70
"SW1",10.5167840054,70
"SW1",8.9659160397,70
"SW1",-19.3450598099,70
"SW1",3.7090543834,70
"SW1",0.7527670033,70
"SW1",32.7558848225,70
"SW1",2.9180290549,70
"SW1",-1.8610138865,70
"SW1",-12.4829363959,70
"SW1",12.4033763822,70
"SW1",24.8849431907,70
"SW1",1.9959205611,70
"SW1",11.0169695416,70
"SW1",-1.078214983,70
"SW1",3.2847821303,70
"SW1",-6.4932688578,70
"SW1",28.0583498177,70
"SW1",2.2873784103,70
"SW1",2.6487383033,70
"SW1",-5.012489607,70
"SW1",33.2432155908,70
"SW1",-6.5390222126,70
"SW1",-11.0076799782,70
"SW1",12.8688655171,70
"SW1",-2.4476884464,70
"SW1",1.4488660244,70
"SW1",-2.5101306759,70
"SW1",-5.415769752,70
"SW1",3.4057792392,70
"SW1",16.8821241538,70
"SW1",6.6274953656,70
"SW1",-11.2148486091,70
"SW1",14.9738798829,70
"SW1",40.3772603623,70
"SW1",14.673447671,70
"SW1",8.0799690859,70
"SW1",-20.0586415963,70
"SW1",-21.1586341687,70
"SW1",2.5267987235,70
"SW1",-20.7473107622,70
"SW1",-6.9525118704,70
"SW1",9.7619732773,70
"SW1",9.4644706417,70
"SW1",16.5419172239,70
"SW1",24.6051417256,70
"SW1",-20.3833899645,70
"SW1",25.3612750539,70
"SW1",3.6458599073,70
"SW1",15.2411155466,70
"SW1",-11.6356887588,70
"SW1",-13.7711854996,70
"SW1",2.442063597,70
"SW1",6.815667284,70
"SW1",-5.2245816994,70
"SW1",-12.920513538,70
"SW1",7.1580267663,70
"SW1",26.894499971,70
"SW1",1.1081721431,70
"SW1",3.438885062,80
"SW1",12.714228758,80
"SW1",2.5178904391,80
"SW1",5.6175691937,80
"SW1",2.6989531948,80
"SW1",4.137001171,80
"SW1",22.340860425,80
"SW1",-11.5334141341,80
"SW1",-11.1188861699,80
"SW1",-9.2313242407,80
"SW1",-2.7394180758,80
"SW1",-19.3473977,80
"SW1",14.5763280637,80
"SW1",-9.9205729007,80
"SW1",-0.7172878976,80
"SW1",-2.2058395361,80
"SW1",-17.9286941251,80
"SW1",-6.80785326,80
"SW1",9.4606785113,80
"SW1",0.8929033061,80
"SW1",5.219481575,80
"SW1",26.5666080966,80
"SW1",-7.5233344012,80
"SW1",24.1852179381,80
"SW1",14.9253989198,80
"SW1",-9.4606011876,80
"SW1",-2.4904985612,80
"SW1",12.8293129572,80
"SW1",-6.6288047286,80
"SW1",-15.8706827401,80
"SW1",9.952820432,80
"SW1",-5.3266671792,80
"SW1",-5.8660992083,80
"SW1",-5.5743932886,80
"SW1",-11.5903883622,80
"SW1",8.804189021,80
"SW1",17.3371365362,80
"SW1",-0.6135453683,80
"SW1",9.633261193,80
"SW1",-0.0060354723,80
"SW1",18.7058396737,80
"SW1",1.0203450397,80
"SW1",-7.7638654602,80
"SW1",-11.3585097356,80
"SW1",-25.1101122496,80
"SW1",-4.8816818549,80
"SW1",4.6801744512,80
"SW1",22.7389277467,80
"SW1",9.3905393662,80
"SW1",-6.0888318095,80
"SW1",-5.2067025365,80
"SW1",-5.7448299865,80
"SW1",7.4204489415,80
"SW1",-13.4991147769,80
"SW1",-5.7885095532,80
"SW1",31.5233127024,80
"SW1",-5.6897560698,80
"SW1",-4.3202205096,80
"SW1",19.1796855924,80
"SW1",6.4105185995,80
"SW1",36.3430734781,80
"SW1",1.4096290129,80
"SW1",-2.2646976312,80
"SW1",-1.1506518008,80
"SW1",27.8529269782,80
"SW1",-1.6013399353,80
"SW1",-0.2569519579,80
"SW1",-11.3989109711,80
"SW1",14.3470809539,80
"SW1",-3.5076357157,80
"SW1",-6.3872454481,80
"SW1",5.8278365149,80
"SW1",8.9163229652,80
"SW1",-7.3695856362,80
"SW1",5.4152286769,80
"SW1",-0.4590126502,80
"SW1",3.8563839741,80
"SW1",-8.6923237662,80
"SW1",-5.2505450731,80
"SW1",-13.5726627903,80
"SW1",-0.7668595205,80
"SW1",-18.4746302309,80
"SW1",13.8733096274,80
"SW1",-15.5210879575,80
"SW1",3.2852399184,80
"SW1",10.5865384782,80
"SW1",-22.2955112508,80
"SW1",-1.8580689838,80
"SW1",12.081429147,80
"SW1",1.1623250961,80
"SW1",-18.1692711269,80
"SW1",-12.0743351817,80
"SW1",-5.1729498892,80
"SW1",-7.8031408318,80
"SW1",6.6154212771,80
"SW1",-1.8019787819,80
"SW1",-13.5103515768,80
"SW1",38.2476681382,80
"SW1",7.8122610729,80
"SW1",-9.0080341171,80
"SW1",-6.0115721886,90
"SW1",0.0827733415,90
"SW1",-5.8934858898,90
"SW1",6.8848029335,90
"SW1",0.9364957948,90
"SW1",1.3438116816,90
"SW1",2.0830988953,90
"SW1",-8.2401394418,90
"SW1",13.1371960104,90
"SW1",-8.5959421258,90
"SW1",-18.6051375324,90
"SW1",-1.3870605244,90
"SW1",2.6574306596,90
"SW1",4.0713024172,90
"SW1",-1.0937498422,90
"SW1",-7.8367838864,90
"SW1",-6.1714009355,90
"SW1",-9.2652728464,90
"SW1",-9.2402605471,90
"SW1",-13.1150666399,90
"SW1",-0.3685221976,90
"SW1",-3.4233449797,90
"SW1",5.7787506409,90
"SW1",-0.2610609758,90
"SW1",2.4061985729,90
"SW1",-9.6265444319,90
"SW1",-14.1450747762,90
"SW1",-3.446998565,90
"SW1",5.9238512948,90
"SW1",-1.4104242903,90
"SW1",-2.1842085339,90
"SW1",-4.5381928097,90
"SW1",-12.7199660029,90
"SW1",6.976013619,90
"SW1",-14.0810610784,90
"SW1",-7.7394389691,90
"SW1",-11.9843506237,90
"SW1",-2.1960229608,90
"SW1",-5.4217412802,90
"SW1",-19.4714755417,90
"SW1",8.3787760007,90
"SW1",6.7697714648,90
"SW1",-10.3861147111,90
"SW1",2.1039722947,90
"SW1",0.7315231003,90
"SW1",-14.4038468277,90
"SW1",-7.4741774977,90
"SW1",-3.7599365583,90
"SW1",6.0351898749,90
"SW1",3.6471916804,90
"SW1",-5.7347842589,90
"SW1",-7.6786005821,90
"SW1",17.3583363114,90
"SW1",-10.8054982501,90
"SW1",-11.7975314917,90
"SW1",18.7208916893,90
"SW1",-4.9027023526,90
"SW1",-14.4519945569,90
"SW1",-9.1577046612,90
"SW1",3.0745276817,90
"SW1",4.5295231776,90
"SW1",-18.2069415309,90
"SW1",-3.7512798189,90
"SW1",8.9557829614,90
"SW1",1.5729758391,90
"SW1",23.7618155205,90
"SW1",-6.8736798106,90
"SW1",-15.2318490563,90
"SW1",1.3050901619,90
"SW1",4.3718507704,90
"SW1",-5.8467600096,90
"SW1",19.7888927061,90
"SW1",5.9796787817,90
"SW1",-20.9929931852,90
"SW1",14.4807788373,90
"SW1",-0.8308676042,90
"SW1",5.9324651214,90
"SW1",26.6705525409,90
"SW1",10.7074914193,90
"SW1",-9.4342250285,90
"SW1",0.4320163257,90
"SW1",4.6105470255,90
"SW1",6.130594577,90
"SW1",1.6243101224,90
"SW1",7.2855305224,90
"SW1",16.371909633,90
"SW1",4.7491621722,90
"SW1",-7.3935285236,90
"SW1",-2.2298539029,90
"SW1",-15.1389315345,90
"SW1",-3.1761582801,90
"SW1",9.9643217731,90
"SW1",1.960119348,90
"SW1",18.9679126044,90
"SW1",22.0864894249,90
"SW1",2.6468794356,90
"SW1",-9.1268452827,90
"SW1",-7.8625756197,90
"SW1",-7.9098701669,90
"SW1",13.1568517571,90
"SW1",11.6390301487,100
"SW1",3.9434527791,100
"SW1",-8.5757207605,100
"SW1",-13.1311891913,100
"SW1",7.642575019,100
"SW1",-7.1637686863,100
"SW1",7.5038773828,100
"SW1",6.0974088355,100
"SW1",6.8716112609,100
"SW1",12.3568218589,100
"SW1",-5.8688275034,100
"SW1",4.9448341591,100
"SW1",7.5921297384,100
"SW1",7.7851207305,100
"SW1",11.6525096865,100
"SW1",-4.0112289781,100
"SW1",-8.440440175,100
"SW1",-10.0874127863,100
"SW1",3.0097461355,100
"SW1",2.3522532901,100
"SW1",-12.0337341603,100
"SW1",-11.7401090246,100
"SW1",-0.7363085384,100
"SW1",-0.6201468819,100
"SW1",8.975241269,100
"SW1",19.4559535455,100
"SW1",-3.6966136651,100
"SW1",7.2707418696,100
"SW1",-8.4557987997,100
"SW1",6.9134850857,100
"SW1",-6.2072361364,100
"SW1",-5.0637644463,100
"SW1",-7.7229579829,100
"SW1",-1.8559712787,100
"SW1",-1.0543573765,100
"SW1",-0.8140914335,100
"SW1",5.5460760991,100
"SW1",36.5536399879,100
"SW1",5.1898913595,100
"SW1",-2.7033164651,100
"SW1",9.4298241953,100
"SW1",-0.9003084692,100
"SW1",-6.6608748564,100
"SW1",3.4894510532,100
"SW1",17.6237215677,100
"SW1",17.8523306042,100
"SW1",-8.1375054414,100
"SW1",9.1900606078,100
"SW1",-9.8480607963,100
"SW1",12.4027257622,100
"SW1",-9.7150529451,100
"SW1",-8.7996359694,100
"SW1",17.9020006166,100
"SW1",-4.0231288814,100
"SW1",3.5068269327,100
"SW1",2.0760734377,100
"SW1",-8.4074394752,100
"SW1",-13.476407533,100
"SW1",8.1334821399,100
"SW1",8.5853051364,100
"SW1",25.2902337133,100
"SW1",-9.424943535,100
"SW1",-2.5666270236,100
"SW1",10.1583907283,100
"SW1",4.6663512455,100
"SW1",3.9690985918,100
"SW1",-10.9968032562,100
"SW1",14.9277794859,100
"SW1",-2.0782621745,100
"SW1",-12.302546429,100
"SW1",0.8041523306,100
"SW1",1.1899231516,100
"SW1",-5.918042731,100
"SW1",-3.9583355843,100
"SW1",19.0130906995,100
"SW1",1.7680805775,100
"SW1",-9.9209994558,100
"SW1",6.6535066305,100
"SW1",1.4968967804,100
"SW1",-13.7798316043,100
"SW1",-0.5313610493,100
"SW1",-14.8679522755,100
"SW1",5.797651016,100
"SW1",-2.0929497872,100
"SW1",16.6097417275,100
"SW1",15.0485240556,100
"SW1",16.9086875133,100
"SW1",-4.874139383,100
"SW1",-3.481897555,100
"SW1",-1.4865392662,100
"SW1",-8.0969287904,100
"SW1",-15.5566065285,100
"SW1",-10.1279495967,100
"SW1",-7.873879751,100
"SW1",10.5876405708,100
"SW1",22.6502948486,100
"SW1",1.1063296587,100
"SW1",4.697623232,100
"SW1",-17.2797226956,100
"SW1",-4.3625513436,100
"NE1",-15.7651697812,10
"NE1",14.2866410215,10
"NE1",-33.1742180142,10
"NE1",-23.0312348566,10
"NE1",-18.8689286567,10
"NE1",-9.4307030341,10
"NE1",13.9092385744,10
"NE1",-31.6507096116,10
"NE1",-12.0986599901,10
"NE1",45.0465941805,10
"NE1",45.8112245539,10
"NE1",16.261703118,10
"NE1",38.562160852,10
"NE1",-27.6470294929,10
"NE1",2.5584585964,10
"NE1",7.0173083611,10
"NE1",44.1921326875,10
"NE1",5.620547549,10
"NE1",-18.4479080858,10
"NE1",-3.5041049279,10
"NE1",42.6712303617,10
"NE1",19.9043409643,10
"NE1",5.0474137575,10
"NE1",-23.0047016801,10
"NE1",-30.2303578633,10
"NE1",-12.9177536077,10
"NE1",-24.4712229979,10
"NE1",-8.0028580744,10
"NE1",-10.8527251339,10
"NE1",-14.9666403791,10
"NE1",15.6155038597,10
"NE1",-8.1872163476,10
"NE1",-24.1634839589,10
"NE1",-27.9600336631,10
"NE1",11.9824575432,10
"NE1",-42.7893491637,10
"NE1",57.8067694431,10
"NE1",14.7711397405,10
"NE1",-23.7303655069,10
"NE1",-13.1015563075,10
"NE1",-2.7282210509,10
"NE1",-22.4792516519,10
"NE1",-11.9778473935,10
"NE1",7.5344837598,10
"NE1",80.0309609886,10
"NE1",48.2427624842,10
"NE1",-9.2079648659,10
"NE1",-35.0794609237,10
"NE1",2.1036850886,10
"NE1",-3.0980135444,10
"NE1",-27.1879703404,10
"NE1",31.3496151028,10
"NE1",-3.4060346925,10
"NE1",19.7059289093,10
"NE1",-17.6404802399,10
"NE1",-16.8652822291,10
"NE1",3.9105409521,10
"NE1",1.4491928672,10
"NE1",-21.2617716817,10
"NE1",15.1579954532,10
"NE1",21.8928083997,10
"NE1",33.6465656709,10
"NE1",-26.8433544576,10
"NE1",-5.2102890113,10
"NE1",84.1444626793,10
"NE1",-20.1841053371,10
"NE1",4.0624374833,10
"NE1",-10.5532811857,10
"NE1",5.0116064888,10
"NE1",-19.2520668533,10
"NE1",-2.2364575475,10
"NE1",-37.9321841646,10
"NE1",-0.7292193601,10
"NE1",29.6775859503,10
"NE1",-0.650288903,10
"NE1",-20.9741275491,10
"NE1",-11.1921228106,10
"NE1",40.3889569951,10
"NE1",-4.2538586941,10
"NE1",116.6387188315,10
"NE1",-23.1999549102,10
"NE1",-44.516448403,10
"NE1",-29.3765962447,10
"NE1",1.9097653636,10
"NE1",50.443250741,10
"NE1",-1.0880618527,10
"NE1",-12.1055782573,10
"NE1",18.0857475498,10
"NE1",61.0003864636,10
"NE1",100.566683734,10
"NE1",22.0943708481,10
"NE1",3.7789742442,10
"NE1",16.530113089,10
"NE1",-28.0134363737,10
"NE1",-26.0188682216,10
"NE1",15.2389498462,10
"NE1",79.5981176978,10
"NE1",-15.010726358,10
"NE1",-32.5623499177,10
"NE1",-20.7121784427,10
"NE1",-36.9632504145,20
"NE1",-35.583709709,20
"NE1",-21.2340043002,20
"NE1",-29.7285009006,20
"NE1",40.8993012696,20
"NE1",-29.7412112721,20
"NE1",-6.7665457489,20
"NE1",0.5641909877,20
"NE1",-5.1796049156,20
"NE1",49.7165387381,20
"NE1",11.2254425234,20
"NE1",-6.7507325002,20
"NE1",16.8291671086,20
"NE1",-16.8260035773,20
"NE1",6.3504088428,20
"NE1",-18.8414751287,20
"NE1",54.2904440564,20
"NE1",-26.1338621057,20
"NE1",50.3742484968,20
"NE1",-41.8651766822,20
"NE1",28.9853343572,20
"NE1",-2.145975408,20
"NE1",9.1024514911,20
"NE1",21.5668917997,20
"NE1",-6.1295573368,20
"NE1",-5.0410279672,20
"NE1",-17.8596947093,20
"NE1",52.903455365,20
"NE1",-5.1229632612,20
"NE1",5.1831471128,20
"NE1",5.2695929026,20
"NE1",23.8757293482,20
"NE1",-14.557994269,20
"NE1",-15.9235144961,20
"NE1",8.6691655902,20
"NE1",10.8088264983,20
"NE1",-25.9928226273,20
"NE1",-10.856505529,20
"NE1",-9.1197643557,20
"NE1",40.0182182889,20
"NE1",9.2956512116,20
"NE1",23.9848933009,20
"NE1",-8.1078911451,20
"NE1",-24.3022762915,20
"NE1",-5.2366815579,20
"NE1",-18.2864210104,20
"NE1",12.3899328578,20
"NE1",-2.213183762,20
"NE1",-8.3172394287,20
"NE1",-5.2193395404,20
"NE1",-10.608098684,20
"NE1",-2.1976617477,20
"NE1",18.6842080511,20
"NE1",46.1756407854,20
"NE1",-0.6080123126,20
"NE1",0.1128691758,20
"NE1",0.9847737949,20
"NE1",-8.8418091167,20
"NE1",18.7275818821,20
"NE1",33.8974412255,20
"NE1",-5.098523534,20
"NE1",-15.5036618542,20
"NE1",-0.8369250678,20
"NE1",-6.516312214,20
"NE1",-5.102807695,20
"NE1",18.2404685807,20
"NE1",28.9401913052,20
"NE1",-36.6426145152,20
"NE1",-6.7709238541,20
"NE1",-33.4317683375,20
"NE1",7.9382078132,20
"NE1",-4.8303738712,20
"NE1",6.454321115,20
"NE1",10.2828947513,20
"NE1",-19.1583593347,20
"NE1",8.6774274197,20
"NE1",3.411396057,20
"NE1",13.8257901776,20
"NE1",-19.1828575218,20
"NE1",-15.7691406311,20
"NE1",-23.4278697046,20
"NE1",-30.8137492793,20
"NE1",25.3034375452,20
"NE1",-5.4335325566,20
"NE1",9.4915491599,20
"NE1",15.1528004337,20
"NE1",-9.2093488486,20
"NE1",-16.7828123041,20
"NE1",3.3279739687,20
"NE1",-19.5771628968,20
"NE1",-1.0888831598,20
"NE1",9.7154280114,20
"NE1",-8.9514320339,20
"NE1",7.2900879396,20
"NE1",-5.0586875246,20
"NE1",0.8118531983,20
"NE1",-11.1676188486,20
"NE1",13.8736673454,20
"NE1",5.6864559451,20
"NE1",-27.5927881474,20
"NE1",-25.8457044954,30
"NE1",-1.4589945761,30
"NE1",-10.6960390114,30
"NE1",18.2994420337,30
"NE1",26.0723131215,30
"NE1",-6.509545926,30
"NE1",-32.1055485551,30
"NE1",21.5735088553,30
"NE1",-7.6863132662,30
"NE1",-9.9001846028,30
"NE1",17.8233382382,30
"NE1",9.391670741,30
"NE1",-6.8021262109,30
"NE1",21.3299804474,30
"NE1",-35.6111394666,30
"NE1",12.0901721603,30
"NE1",-14.980666567,30
"NE1",42.1167134292,30
"NE1",-12.6945119823,30
"NE1",-3.2801995736,30
"NE1",6.676765636,30
"NE1",19.1511508949,30
"NE1",-36.2150390692,30
"NE1",-10.420097207,30
"NE1",12.8174774152,30
"NE1",-25.5648002406,30
"NE1",3.3001965076,30
"NE1",26.8074712554,30
"NE1",4.1534244824,30
"NE1",5.1158034644,30
"NE1",-3.019823801,30
"NE1",-6.8924546199,30
"NE1",-29.7270269368,30
"NE1",0.804933526,30
"NE1",-2.0818048493,30
"NE1",-2.3084380092,30
"NE1",-1.3349334314,30
"NE1",-13.4070152745,30
"NE1",4.1578768153,30
"NE1",-28.1772125263,30
"NE1",-7.7973038593,30
"NE1",43.6130555745,30
"NE1",-1.2545989785,30
"NE1",2.644474836,30
"NE1",16.690179835,30
"NE1",-4.2288835521,30
"NE1",6.0805961227,30
"NE1",14.9451368324,30
"NE1",-9.9988168652,30
"NE1",13.216833848,30
"NE1",15.7513165008,30
"NE1",-9.9838544017,30
"NE1",-29.4313577001,30
"NE1",1.4094648662,30
"NE1",-17.0443703608,30
"NE1",-13.3036584584,30
"NE1",36.0304588403,30
"NE1",-24.864304847,30
"NE1",3.4403311969,30
"NE1",-5.2429633315,30
"NE1",-9.1330130568,30
"NE1",-20.6000206312,30
"NE1",-8.5886562595,30
"NE1",22.9843131608,30
"NE1",0.9125327732,30
"NE1",-13.1712318112,30
"NE1",24.1533135805,30
"NE1",7.0241456676,30
"NE1",11.8462380657,30
"NE1",-24.1075450517,30
"NE1",-1.9550042315,30
"NE1",13.6346834211,30
"NE1",12.391935857,30
"NE1",-4.0971210557,30
"NE1",51.969298707,30
"NE1",42.8327973235,30
"NE1",-4.9832942695,30
"NE1",-21.3489957105,30
"NE1",25.9544126722,30
"NE1",-12.4099094898,30
"NE1",3.5852501232,30
"NE1",-24.9971880869,30
"NE1",-9.5901794191,30
"NE1",-1.1664807456,30
"NE1",-21.6297976995,30
"NE1",0.0390692499,30
"NE1",-17.7143131916,30
"NE1",28.8484513541,30
"NE1",-9.7151974623,30
"NE1",11.853472954,30
"NE1",34.676726399,30
"NE1",35.1487008683,30
"NE1",-26.3208780952,30
"NE1",-24.9043033958,30
"NE1",13.6426333897,30
"NE1",-2.5147040193,30
"NE1",2.1973172974,30
"NE1",27.3379418368,30
"NE1",-6.9882570738,30
"NE1",9.0187994515,30
"NE1",51.3515255565,40
"NE1",2.6699833826,40
"NE1",-23.6753885644,40
"NE1",24.7514130455,40
"NE1",18.532452311,40
"NE1",28.6869071821,40
"NE1",9.7809828814,40
"NE1",3.5069435084,40
"NE1",-7.5535366099,40
"NE1",-21.7064898322,40
"NE1",4.5287521382,40
"NE1",14.8622563456,40
"NE1",12.3256391848,40
"NE1",21.5261714126,40
"NE1",-37.0889810121,40
"NE1",-11.9845679161,40
"NE1",-25.9362252133,40
"NE1",-18.0459009385,40
"NE1",-2.7993913288,40
"NE1",25.4496939117,40
"NE1",-12.5027335794,40
"NE1",-21.5617939916,40
"NE1",10.8684712772,40
"NE1",58.8855064435,40
"NE1",-16.8791079951,40
"NE1",15.1255342699,40
"NE1",1.5583169267,40
"NE1",16.5713560933,40
"NE1",-8.1677518653,40
"NE1",5.8279208044,40
"NE1",-24.1692771334,40
"NE1",-21.6205444341,40
"NE1",-5.4335325566,40
"NE1",4.7717731283,40
"NE1",-13.3082503235,40
"NE1",5.2463408256,40
"NE1",9.1122784851,40
"NE1",-11.7275923609,40
"NE1",-20.3201576349,40
"NE1",-17.0808457959,40
"NE1",-0.1422581789,40
"NE1",-13.790719886,40
"NE1",21.3876785203,40
"NE1",-10.0280095696,40
"NE1",16.5426539557,40
"NE1",10.6724180006,40
"NE1",-20.6666782527,40
"NE1",-5.2256236133,40
"NE1",-4.0930029977,40
"NE1",-7.7113451913,40
"NE1",18.1996000543,40
"NE1",-19.9703277638,40
"NE1",2.1451268258,40
"NE1",-13.3405198629,40
"NE1",-5.2935640348,40
"NE1",-0.5405163273,40
"NE1",-5.911078104,40
"NE1",1.6618915541,40
"NE1",-11.8911474423,40
"NE1",13.9735409171,40
"NE1",23.1419614513,40
"NE1",-3.9950950719,40
"NE1",-15.8195378757,40
"NE1",11.193257333,40
"NE1",2.1047061357,40
"NE1",14.5603196129,40
"NE1",3.7149712491,40
"NE1",-9.5149793552,40
"NE1",4.4491657112,40
"NE1",-13.9268283271,40
"NE1",20.4816048609,40
"NE1",-6.0067259748,40
"NE1",-13.6478166722,40
"NE1",10.3641244798,40
"NE1",2.7136574802,40
"NE1",28.1614764882,40
"NE1",0.9652300023,40
"NE1",-19.7372891318,40
"NE1",-28.3192595678,40
"NE1",4.4178837288,40
"NE1",14.3140597252,40
"NE1",-1.4224344318,40
"NE1",-0.8813440348,40
"NE1",-18.9178935046,40
"NE1",-10.1656357157,40
"NE1",-10.1245164202,40
"NE1",29.0132737214,40
"NE1",-11.0230799294,40
"NE1",-5.503799065,40
"NE1",-10.3684210739,40
"NE1",28.2642855307,40
"NE1",7.9729398519,40
"NE1",3.3021374576,40
"NE1",-2.4243811988,40
"NE1",-20.1057696129,40
"NE1",-10.6532446415,40
"NE1",-2.6663585812,40
"NE1",26.5612934427,40
"NE1",18.4328709564,40
"NE1",-10.8667332259,40
"NE1",1.9565181373,50
"NE1",38.112545898,50
"NE1",7.3960391601,50
"NE1",11.7106755134,50
"NE1",0.8356906833,50
"NE1",-15.3770073857,50
"NE1",14.8435785716,50
"NE1",-12.3001399294,50
"NE1",-12.6038401051,50
"NE1",10.8693311813,50
"NE1",-2.2220130539,50
"NE1",2.3135740777,50
"NE1",-3.6703680934,50
"NE1",-3.9155913246,50
"NE1",2.2902625274,50
"NE1",23.2634392518,50
"NE1",17.4261156672,50
"NE1",10.1463853225,50
"NE1",-9.4849330691,50
"NE1",10.8956162856,50
"NE1",-15.897989765,50
"NE1",-1.7429385018,50
"NE1",1.0289677946,50
"NE1",11.3575621349,50
"NE1",-2.1888280572,50
"NE1",-24.1261289246,50
"NE1",27.958642871,50
"NE1",-9.5305790517,50
"NE1",1.5117843756,50
"NE1",-18.8637710218,50
"NE1",-21.641941085,50
"NE1",12.6994987632,50
"NE1",26.1557467932,50
"NE1",-5.3267076845,50
"NE1",-25.4120301117,50
"NE1",-29.1873939266,50
"NE1",-11.8353914259,50
"NE1",15.9427434531,50
"NE1",-7.9934785963,50
"NE1",3.1149183623,50
"NE1",-2.1253927962,50
"NE1",-27.1050950527,50
"NE1",-6.1711606761,50
"NE1",14.8345740686,50
"NE1",13.883973456,50
"NE1",-2.6783133087,50
"NE1",-8.0775413745,50
"NE1",-5.365517215,50
"NE1",3.7637870949,50
"NE1",1.4664756217,50
"NE1",2.5484523763,50
"NE1",12.1356617789,50
"NE1",19.8308438557,50
"NE1",0.9973314634,50
"NE1",-16.7514075435,50
"NE1",-1.495066025,50
"NE1",13.2259690824,50
"NE1",-0.0918954177,50
"NE1",-29.402825403,50
"NE1",1.7811261596,50
"NE1",-4.8620442115,50
"NE1",-21.241989428,50
"NE1",14.0603369087,50
"NE1",-6.8799033029,50
"NE1",-0.8007554221,50
"NE1",6.1062555776,50
"NE1",-5.5730630137,50
"NE1",-4.9464629151,50
"NE1",17.6329870722,50
"NE1",-4.7298520813,50
"NE1",26.1114052013,50
"NE1",-22.2590088387,50
"NE1",-14.0417333405,50
"NE1",-11.919704575,50
"NE1",15.069150992,50
"NE1",0.9371971598,50
"NE1",-21.2107340443,50
"NE1",2.4503771649,50
"NE1",7.1171342293,50
"NE1",-11.8058001456,50
"NE1",-2.9621350628,50
"NE1",10.195294046,50
"NE1",-2.1407233767,50
"NE1",-4.9833616383,50
"NE1",17.3306565585,50
"NE1",-8.5394954331,50
"NE1",-0.4361600224,50
"NE1",-18.5620173808,50
"NE1",4.3310029574,50
"NE1",0.8265867334,50
"NE1",-2.2670443815,50
"NE1",0.1955046436,50
"NE1",-29.3726881067,50
"NE1",1.6215922549,50
"NE1",10.7360334815,50
"NE1",3.4237264335,50
"NE1",-23.554159862,50
"NE1",-12.0229202831,50
"NE1",-7.0884041855,50
"NE1",-10.4288088727,50
"NE1",15.3491760457,60
"NE1",-6.5815606708,60
"NE1",35.2614093313,60
"NE1",-9.7872186612,60
"NE1",5.1582828279,60
"NE1",-8.9521279465,60
"NE1",-11.4422734464,60
"NE1",-8.978410189,60
"NE1",3.9409653911,60
"NE1",-14.107157404,60
"NE1",0.55890871,60
"NE1",0.0241356773,60
"NE1",-12.9529649218,60
"NE1",21.3327267308,60
"NE1",5.2615310192,60
"NE1",2.9350078184,60
"NE1",19.3922516641,60
"NE1",18.0532399663,60
"NE1",-2.1406161865,60
"NE1",2.1737470866,60
"NE1",-6.9036120989,60
"NE1",9.0798061786,60
"NE1",-9.7864595436,60
"NE1",8.8539795357,60
"NE1",-14.7518949889,60
"NE1",25.4270183282,60
"NE1",-11.836261457,60
"NE1",-3.7864187251,60
"NE1",-16.7070386495,60
"NE1",-9.8630659635,60
"NE1",-18.7473042987,60
"NE1",0.9965703036,60
"NE1",-5.9991851514,60
"NE1",-13.3427613704,60
"NE1",5.3525572837,60
"NE1",-7.3517323939,60
"NE1",9.9968494902,60
"NE1",1.165256896,60
"NE1",9.5898177229,60
"NE1",0.3518288759,60
"NE1",-24.3062312684,60
"NE1",-0.1165806333,60
"NE1",-4.168273256,60
"NE1",12.2386185564,60
"NE1",9.2425282489,60
"NE1",-17.9852436578,60
"NE1",24.3928741578,60
"NE1",16.9729526168,60
"NE1",9.631394262,60
"NE1",4.3334397437,60
"NE1",-18.2198503799,60
"NE1",12.2843463675,60
"NE1",-25.6490472193,60
"NE1",4.987337286,60
"NE1",10.0179578611,60
"NE1",-10.9523905951,60
"NE1",-2.538277522,60
"NE1",-0.6313195449,60
"NE1",-1.5655752768,60
"NE1",3.7548697297,60
"NE1",9.327750475,60
"NE1",26.12808158,60
"NE1",-1.5194608425,60
"NE1",8.3282248908,60
"NE1",21.110543024,60
"NE1",5.2098815928,60
"NE1",18.1689183512,60
"NE1",-10.3177355905,60
"NE1",-3.4763038237,60
"NE1",6.7041586725,60
"NE1",4.6736729834,60
"NE1",19.1551237388,60
"NE1",11.7341004096,60
"NE1",-7.8383613924,60
"NE1",-14.8209804764,60
"NE1",18.2987893507,60
"NE1",-7.9451929874,60
"NE1",-15.1466058735,60
"NE1",-22.5688341196,60
"NE1",2.8175325287,60
"NE1",-3.3745195326,60
"NE1",-13.7887441354,60
"NE1",5.6016127963,60
"NE1",10.2490984828,60
"NE1",26.3175579169,60
"NE1",-10.6384245132,60
"NE1",-3.0547267373,60
"NE1",27.7019708109,60
"NE1",-6.4641946788,60
"NE1",28.1239512727,60
"NE1",-2.5869835874,60
"NE1",12.0152183312,60
"NE1",-8.5490447552,60
"NE1",-11.7390017593,60
"NE1",-7.2563567021,60
"NE1",9.3874293867,60
"NE1",1.2091886404,60
"NE1",1.014650947,60
"NE1",-15.1862115082,60
"NE1",-16.53844648,60
"NE1",-1.2739545559,70
"NE1",-12.3858991493,70
"NE1",12.6921472507,70
"NE1",2.5919389696,70
"NE1",-13.6715227708,70
"NE1",-0.3640334622,70
"NE1",-10.9283990276,70
"NE1",-4.9703961939,70
"NE1",-9.6310054885,70
"NE1",-14.0801144205,70
"NE1",1.9979402852,70
"NE1",-15.6765224611,70
"NE1",-11.6032268041,70
"NE1",16.6654362779,70
"NE1",-12.3637996444,70
"NE1",18.2906780347,70
"NE1",11.2250468934,70
"NE1",17.0136066025,70
"NE1",-5.5587748069,70
"NE1",0.345790666,70
"NE1",-0.3846653126,70
"NE1",7.1810022824,70
"NE1",-13.8243828571,70
"NE1",-1.4761488814,70
"NE1",-16.9353994385,70
"NE1",-7.0722649755,70
"NE1",-4.1290975031,70
"NE1",-3.9369183248,70
"NE1",0.5676678916,70
"NE1",-12.6752302324,70
"NE1",-3.0899049057,70
"NE1",-15.6429684608,70
"NE1",20.0735494288,70
"NE1",2.7529157563,70
"NE1",-7.5017828344,70
"NE1",-7.8242116575,70
"NE1",10.5780237583,70
"NE1",-7.8310040725,70
"NE1",15.040850441,70
"NE1",-7.6097369359,70
"NE1",-9.6675543405,70
"NE1",-7.7487485647,70
"NE1",-3.0568556797,70
"NE1",-12.8589642639,70
"NE1",3.178425257,70
"NE1",1.0029589644,70
"NE1",7.852905263,70
"NE1",13.8865243508,70
"NE1",4.1085176863,70
"NE1",-8.5333287749,70
"NE1",-15.4536570928,70
"NE1",11.1410393139,70
"NE1",-24.991295812,70
"NE1",1.2466016121,70
"NE1",1.3491510011,70
"NE1",-11.867322745,70
"NE1",-13.9453344203,70
"NE1",-11.2941559456,70
"NE1",3.4352556863,70
"NE1",6.3507705543,70
"NE1",16.7994380583,70
"NE1",8.9388177692,70
"NE1",7.8073541692,70
"NE1",17.6143817138,70
"NE1",14.7916797297,70
"NE1",-11.5313239259,70
"NE1",9.6176386541,70
"NE1",-9.7490300506,70
"NE1",-2.8663843241,70
"NE1",12.5491665094,70
"NE1",5.4585585807,70
"NE1",-5.8275565376,70
"NE1",-4.3307549901,70
"NE1",4.2091349582,70
"NE1",-21.4088594754,70
"NE1",15.0038288634,70
"NE1",-3.8031915879,70
"NE1",-17.4904748742,70
"NE1",-14.7058726466,70
"NE1",-1.7223249703,70
"NE1",-15.0505550687,70
"NE1",-17.0488816894,70
"NE1",13.1754806847,70
"NE1",-2.7667105371,70
"NE1",4.2725542163,70
"NE1",6.0495957619,70
"NE1",-0.0447410087,70
"NE1",-4.9682301289,70
"NE1",-14.6231984754,70
"NE1",4.7011277601,70
"NE1",2.7757123999,70
"NE1",28.3105688799,70
"NE1",-15.8897326043,70
"NE1",-1.4939954372,70
"NE1",2.4885400144,70
"NE1",-13.4564855675,70
"NE1",16.5578043161,70
"NE1",-5.0692080562,70
"NE1",-9.8777872166,70
"NE1",-4.2303990494,70
"NE1",7.9442394744,80
"NE1",-3.5001963653,80
"NE1",-3.2945512133,80
"NE1",4.3600995262,80
"NE1",1.8505138114,80
"NE1",2.0395459454,80
"NE1",-18.5650794301,80
"NE1",-1.5264712119,80
"NE1",13.4476386092,80
"NE1",-10.1888898581,80
"NE1",15.2867217169,80
"NE1",-15.9259869994,80
"NE1",10.6198318584,80
"NE1",24.5514072947,80
"NE1",10.6943579386,80
"NE1",-11.6881090767,80
"NE1",-0.2824142839,80
"NE1",-6.5699594606,80
"NE1",-5.0797442651,80
"NE1",-6.9058351901,80
"NE1",-2.562193857,80
"NE1",-7.5966831134,80
"NE1",22.5219716669,80
"NE1",-10.5200223322,80
"NE1",-6.5968210323,80
"NE1",5.6536476496,80
"NE1",2.4733209965,80
"NE1",1.631823053,80
"NE1",-11.7840291755,80
"NE1",20.5139058316,80
"NE1",-7.4686799687,80
"NE1",6.5967375775,80
"NE1",-1.2366330715,80
"NE1",13.188923124,80
"NE1",10.6780735587,80
"NE1",-9.6753008562,80
"NE1",-3.3899749772,80
"NE1",-4.9667860307,80
"NE1",15.3704644224,80
"NE1",-19.8230049729,80
"NE1",-14.2803931878,80
"NE1",-5.8431528139,80
"NE1",-8.3261767457,80
"NE1",-19.8027630278,80
"NE1",-16.1508695358,80
"NE1",-19.4493637304,80
"NE1",-12.6300147767,80
"NE1",-1.9903192886,80
"NE1",12.249429997,80
"NE1",-6.9785323494,80
"NE1",6.7280594353,80
"NE1",5.3359953458,80
"NE1",-0.7552719696,80
"NE1",-4.2410306251,80
"NE1",-11.9492194821,80
"NE1",-3.4910751546,80
"NE1",-8.2314231358,80
"NE1",5.1840758823,80
"NE1",8.2286538338,80
"NE1",5.0187042656,80
"NE1",25.9883826969,80
"NE1",-20.3053203372,80
"NE1",7.1801986399,80
"NE1",-11.6302383041,80
"NE1",3.1365237045,80
"NE1",8.9803448485,80
"NE1",8.3599226211,80
"NE1",-2.7153781441,80
"NE1",0.7337066778,80
"NE1",-15.0294187542,80
"NE1",-4.0436875296,80
"NE1",-4.0069577173,80
"NE1",24.332572953,80
"NE1",27.5931511747,80
"NE1",20.9053270551,80
"NE1",-19.2080714836,80
"NE1",4.0994196773,80
"NE1",2.312695309,80
"NE1",-17.4176117462,80
"NE1",-13.5896659993,80
"NE1",-14.3266311911,80
"NE1",9.5684253837,80
"NE1",-0.0551242281,80
"NE1",-5.3456150101,80
"NE1",-7.8159745113,80
"NE1",22.9678088915,80
"NE1",-6.4329697499,80
"NE1",7.9548372685,80
"NE1",-17.0938306186,80
"NE1",27.570377257,80
"NE1",-5.3769434135,80
"NE1",4.3052713518,80
"NE1",-15.9388416727,80
"NE1",5.5795135009,80
"NE1",-3.0689700863,80
"NE1",-7.4465126167,80
"NE1",0.1065592319,80
"NE1",12.6474901683,80
"NE1",0.5367480581,80
"NE1",2.2724346057,80
"NE1",20.0430745911,90
"NE1",-1.7153746397,90
"NE1",1.9890688017,90
"NE1",11.207136594,90
"NE1",-3.4479070015,90
"NE1",-11.7191363604,90
"NE1",-12.0739086615,90
"NE1",4.5029398862,90
"NE1",0.2020724252,90
"NE1",-24.7230928317,90
"NE1",10.2646709232,90
"NE1",-0.2306020942,90
"NE1",-1.1826961038,90
"NE1",-10.2524198508,90
"NE1",8.7428687448,90
"NE1",8.5762056934,90
"NE1",-14.2017883742,90
"NE1",0.1509014794,90
"NE1",-4.1768386845,90
"NE1",10.2767690582,90
"NE1",-6.025277568,90
"NE1",-9.3779808884,90
"NE1",-13.8981404958,90
"NE1",5.5912119756,90
"NE1",4.3490107874,90
"NE1",12.289599418,90
"NE1",2.2263567166,90
"NE1",-8.8768045974,90
"NE1",-16.6580443135,90
"NE1",7.818402713,90
"NE1",-1.0854457463,90
"NE1",17.0990555771,90
"NE1",-2.0750671263,90
"NE1",5.1864838796,90
"NE1",-2.4871576178,90
"NE1",6.7597665916,90
"NE1",5.548243643,90
"NE1",13.2727365039,90
"NE1",11.4607244448,90
"NE1",-4.0911154363,90
"NE1",-6.2088872474,90
"NE1",4.2002604885,90
"NE1",10.9026675226,90
"NE1",1.5267552729,90
"NE1",-4.530675286,90
"NE1",-2.4345042563,90
"NE1",-18.2044597188,90
"NE1",20.9277155836,90
"NE1",-10.429876509,90
"NE1",0.9366649811,90
"NE1",16.2786001551,90
"NE1",-7.7561568162,90
"NE1",-8.5076811833,90
"NE1",7.7909404213,90
"NE1",-13.6762892386,90
"NE1",-12.7967247172,90
"NE1",4.6518751925,90
"NE1",-2.3900892774,90
"NE1",32.6426566048,90
"NE1",8.0342510208,90
"NE1",-8.4826888302,90
"NE1",-2.9450224122,90
"NE1",-1.2955095538,90
"NE1",-10.5738238681,90
"NE1",5.0264203286,90
"NE1",-20.9681077583,90
"NE1",-17.4054175024,90
"NE1",6.5970025484,90
"NE1",19.0037252296,90
"NE1",3.4175808298,90
"NE1",-1.7357938,90
"NE1",-26.2500210892,90
"NE1",-2.2957956556,90
"NE1",-4.0813904575,90
"NE1",3.9040285419,90
"NE1",8.5637448791,90
"NE1",-24.8054576928,90
"NE1",7.3083083754,90
"NE1",3.5687722284,90
"NE1",2.5294263255,90
"NE1",7.8892911391,90
"NE1",-3.7967791251,90
"NE1",-18.4665557938,90
"NE1",4.3307322104,90
"NE1",22.3454481935,90
"NE1",-9.3560164958,90
"NE1",4.0182819093,90
"NE1",6.8775489413,90
"NE1",-8.5789385037,90
"NE1",-14.0789339753,90
"NE1",21.562113263,90
"NE1",3.8027549441,90
"NE1",1.8489011707,90
"NE1",12.3782697516,90
"NE1",5.20781667,90
"NE1",12.2363076853,90
"NE1",-6.9577444821,90
"NE1",4.588576864,90
"NE1",-4.9083434757,90
"NE1",20.0233638202,90
"NE1",-11.3727251103,100
"NE1",-4.0198485725,100
"NE1",2.4843412131,100
"NE1",-5.6352988587,100
"NE1",-2.5951260316,100
"NE1",22.0593411425,100
"NE1",-8.1617339009,100
"NE1",-7.1823254592,100
"NE1",-5.2941914957,100
"NE1",-8.975318948,100
"NE1",-10.3540310231,100
"NE1",24.4559788988,100
"NE1",2.9437057273,100
"NE1",1.3622923219,100
"NE1",1.3031011521,100
"NE1",12.8680746036,100
"NE1",2.1077693994,100
"NE1",-1.9462163306,100
"NE1",-8.7461383377,100
"NE1",-0.1015028793,100
"NE1",-1.2869665904,100
"NE1",7.9254946273,100
"NE1",-14.4536824619,100
"NE1",-0.1824226263,100
"NE1",14.0510180158,100
"NE1",-7.6362086568,100
"NE1",-16.081659142,100
"NE1",19.1869160302,100
"NE1",13.9099647493,100
"NE1",-18.8224863229,100
"NE1",12.017559121,100
"NE1",17.064532319,100
"NE1",-8.4806576017,100
"NE1",-10.5975878831,100
"NE1",4.2786395711,100
"NE1",3.3737048915,100
"NE1",-11.8188575704,100
"NE1",-2.7430457569,100
"NE1",-4.6243834076,100
"NE1",4.1564601227,100
"NE1",5.0492665219,100
"NE1",-1.3093205792,100
"NE1",-3.873204413,100
"NE1",26.5028276034,100
"NE1",-4.2605279318,100
"NE1",-0.5656997267,100
"NE1",-13.1104303085,100
"NE1",-0.8828560544,100
"NE1",-5.37794558,100
"NE1",7.7718695898,100
"NE1",-5.4330320645,100
"NE1",-12.5811783416,100
"NE1",-2.6407693077,100
"NE1",-13.1589939078,100
"NE1",6.3231971111,100
"NE1",-3.1647081335,100
"NE1",-0.28770074,100
"NE1",-6.0421887002,100
"NE1",11.2864031546,100
"NE1",10.4813262258,100
"NE1",21.5569675667,100
"NE1",-9.2236475332,100
"NE1",17.8373246798,100
"NE1",9.1684428929,100
"NE1",11.5803648782,100
"NE1",-6.2733363206,100
"NE1",-11.5065998539,100
"NE1",-15.2139805143,100
"NE1",-9.877462535,100
"NE1",-1.4877886729,100
"NE1",-13.9465185393,100
"NE1",3.9456011408,100
"NE1",21.5975017218,100
"NE1",-5.8887776885,100
"NE1",11.9929857064,100
"NE1",0.7234855551,100
"NE1",5.3198524691,100
"NE1",-3.3438552306,100
"NE1",2.1603110896,100
"NE1",8.4982626969,100
"NE1",0.4031427171,100
"NE1",-0.7854428166,100
"NE1",-3.6134162774,100
"NE1",-1.2460489316,100
"NE1",4.8741607758,100
"NE1",11.0132949613,100
"NE1",21.389327843,100
"NE1",-7.6271362964,100
"NE1",-10.2684948425,100
"NE1",7.9274503072,100
"NE1",16.403336051,100
"NE1",-13.2353189285,100
"NE1",22.5818604638,100
"NE1",0.4844499522,100
"NE1",-5.3639133171,100
"NE1",-3.7525591953,100
"NE1",-7.1109124012,100
"NE1",5.7317961508,100
"NE1",0.3941167013,100
"NE1",9.7963296475,100
"SE3",-17.9223209765,10
"SE3",-42.5543785244,10
"SE3",80.1967941716,10
"SE3",-8.129558124,10
"SE3",60.9196595326,10
"SE3",23.3039676948,10
"SE3",-47.7818912267,10
"SE3",-15.3760937544,10
"SE3",-8.1359002944,10
"SE3",-38.4588777885,10
"SE3",-17.0829763181,10
"SE3",-20.7018892484,10
"SE3",-20.0158195073,10
"SE3",-14.8498878806,10
"SE3",-24.0879795671,10
"SE3",15.2447616716,10
"SE3",-15.7558345917,10
"SE3",36.9881477852,10
"SE3",47.0695150605,10
"SE3",-13.7733242728,10
"SE3",13.1766370181,10
"SE3",78.4216873342,10
"SE3",-24.3578003019,10
"SE3",-15.8567325625,10
"SE3",-22.0406587091,10
"SE3",-8.8109604719,10
"SE3",-44.4856791728,10
"SE3",-31.1913393728,10
"SE3",-15.1650576123,10
"SE3",-40.407034227,10
"SE3",-25.0258980251,10
"SE3",0.6289205278,10
"SE3",-20.8929469832,10
"SE3",-48.474452023,10
"SE3",-15.200038471,10
"SE3",60.8487204185,10
"SE3",38.8812296615,10
"SE3",-22.8349709648,10
"SE3",2.2920242055,10
"SE3",25.3308092405,10
"SE3",-29.5244562572,10
"SE3",-15.5258767318,10
"SE3",-24.1655942761,10
"SE3",-9.4645786325,10
"SE3",-12.1799805234,10
"SE3",-36.8170524127,10
"SE3",16.3537905984,10
"SE3",15.3999639707,10
"SE3",-15.5302926404,10
"SE3",36.96409557,10
"SE3",-30.4710269266,10
"SE3",-5.3849259833,10
"SE3",-30.4513612165,10
"SE3",-5.4667691709,10
"SE3",-31.7561495642,10
"SE3",-25.7152426113,10
"SE3",85.0416815572,10
"SE3",-23.8313611546,10
"SE3",-10.7173302243,10
"SE3",10.2677266914,10
"SE3",-15.2540430917,10
"SE3",-24.0385288033,10
"SE3",-3.6755513572,10
"SE3",8.6398969269,10
"SE3",33.8236538244,10
"SE3",-20.5291744259,10
"SE3",-7.4980751515,10
"SE3",2.3068276822,10
"SE3",-14.8806454587,10
"SE3",21.4171854264,10
"SE3",9.6397814051,10
"SE3",81.6538916047,10
"SE3",2.6936938498,10
"SE3",26.6336345154,10
"SE3",-14.0697416742,10
"SE3",257.8243648823,10
"SE3",-3.5852342292,10
"SE3",-28.2615145601,10
"SE3",25.2177311061,10
"SE3",-1.0346839391,10
"SE3",3.1972963939,10
"SE3",-42.6597982959,10
"SE3",57.2168220187,10
"SE3",-19.787233315,10
"SE3",33.3314811107,10
"SE3",-1.918586331,10
"SE3",58.4823369232,10
"SE3",-7.767353236,10
"SE3",24.5010277107,10
"SE3",39.3921150101,10
"SE3",-6.7584196676,10
"SE3",81.7414539349,10
"SE3",23.9002850052,10
"SE3",-7.2576469019,10
"SE3",-34.4256958668,10
"SE3",22.2960878434,10
"SE3",47.4827609533,10
"SE3",14.0657291673,10
"SE3",-18.0759927677,10
"SE3",-2.4910097539,10
"SE3",78.6647638525,20
"SE3",-18.1046124823,20
"SE3",-12.3280313718,20
"SE3",-26.5090783552,20
"SE3",-7.7090298221,20
"SE3",-28.1262417109,20
"SE3",-35.2973466719,20
"SE3",-9.5919394094,20
"SE3",30.0388915931,20
"SE3",-17.0311260937,20
"SE3",27.2107907603,20
"SE3",-11.5474802463,20
"SE3",-5.8082248357,20
"SE3",1.8466936061,20
"SE3",-3.0756889492,20
"SE3",-14.6354104458,20
"SE3",1.2144422516,20
"SE3",-12.6489571081,20
"SE3",-24.0290901556,20
"SE3",-20.9852332953,20
"SE3",-16.6085988547,20
"SE3",-23.2234824304,20
"SE3",-4.5457448834,20
"SE3",-4.5763456486,20
"SE3",6.8538676027,20
"SE3",-16.8334718563,20
"SE3",-4.3886074141,20
"SE3",26.3228515346,20
"SE3",-31.4568448601,20
"SE3",58.003595173,20
"SE3",-24.397868039,20
"SE3",12.1117928903,20
"SE3",-6.4514984695,20
"SE3",-8.1774757746,20
"SE3",9.4991468233,20
"SE3",-28.1300093496,20
"SE3",16.5822480319,20
"SE3",-0.595249765,20
"SE3",14.9131283871,20
"SE3",6.4233194103,20
"SE3",-1.4981364439,20
"SE3",-17.5124540805,20
"SE3",-8.1888418855,20
"SE3",-20.5280576941,20
"SE3",-21.6344882563,20
"SE3",-15.2375313349,20
"SE3",-25.094167562,20
"SE3",-13.7567236024,20
"SE3",-9.5395188798,20
"SE3",-30.6987212088,20
"SE3",-24.4971589349,20
"SE3",40.5338535284,20
"SE3",-9.9917609984,20
"SE3",-16.9624503102,20
"SE3",-16.8574661981,20
"SE3",-35.21683824,20
"SE3",-15.9787710443,20
"SE3",18.4402394612,20
"SE3",29.3696000154,20
"SE3",-15.7704202077,20
"SE3",44.7827386317,20
"SE3",-18.5954301878,20
"SE3",-3.8524098982,20
"SE3",-18.2109084112,20
"SE3",-21.3900866224,20
"SE3",-14.1393731192,20
"SE3",-5.7218645633,20
"SE3",41.9874892882,20
"SE3",-16.46787804,20
"SE3",-25.3844696021,20
"SE3",-19.1385375966,20
"SE3",15.3708317057,20
"SE3",57.8035501625,20
"SE3",39.854012161,20
"SE3",24.8183940471,20
"SE3",-26.7669700374,20
"SE3",-26.7299680255,20
"SE3",-1.3034606609,20
"SE3",21.7402937594,20
"SE3",-12.8443160929,20
"SE3",-14.4958641392,20
"SE3",27.3719471815,20
"SE3",-12.6158901692,20
"SE3",1.8015490999,20
"SE3",21.866211302,20
"SE3",4.808786712,20
"SE3",-18.8874560113,20
"SE3",-25.9875651693,20
"SE3",-29.6085552972,20
"SE3",13.7545639036,20
"SE3",-26.8139987283,20
"SE3",4.2482822144,20
"SE3",-23.4676391771,20
"SE3",-3.3180157784,20
"SE3",-14.0712104811,20
"SE3",-19.1080328934,20
"SE3",-11.2690620095,20
"SE3",-9.2866880379,20
"SE3",2.9017985098,20
"SE3",50.130311562,20
"SE3",7.3578378728,30
"SE3",-2.3623693699,30
"SE3",11.8613107158,30
"SE3",-11.6253431771,30
"SE3",20.3607602837,30
"SE3",-10.2477452106,30
"SE3",-12.2858792623,30
"SE3",47.2130731449,30
"SE3",3.5051507005,30
"SE3",-29.4418065939,30
"SE3",36.7639884233,30
"SE3",-5.8589856966,30
"SE3",-1.3748164045,30
"SE3",-15.5610860196,30
"SE3",-1.917594079,30
"SE3",27.4117618999,30
"SE3",-23.8556316378,30
"SE3",-19.0455059114,30
"SE3",-9.7699555921,30
"SE3",-8.9439529503,30
"SE3",-4.2121630427,30
"SE3",-12.3761394683,30
"SE3",-10.6083142524,30
"SE3",8.1651194254,30
"SE3",-10.0573093747,30
"SE3",8.3322540661,30
"SE3",1.6387965184,30
"SE3",-7.6922089515,30
"SE3",-32.570014793,30
"SE3",16.7983361494,30
"SE3",-5.8506273115,30
"SE3",23.4908649774,30
"SE3",28.8638153375,30
"SE3",2.4251007575,30
"SE3",54.9100714477,30
"SE3",20.4427846788,30
"SE3",37.9681503305,30
"SE3",-9.8490619624,30
"SE3",-2.416420006,30
"SE3",-26.9607369857,30
"SE3",-6.5999413568,30
"SE3",8.2008166309,30
"SE3",0.1525277273,30
"SE3",-7.5018574094,30
"SE3",14.5621217044,30
"SE3",-4.3932543146,30
"SE3",-21.0630760099,30
"SE3",17.2416330279,30
"SE3",24.7981957075,30
"SE3",-17.5882302517,30
"SE3",13.6712066382,30
"SE3",-9.3863686039,30
"SE3",-13.2899049276,30
"SE3",19.3309523464,30
"SE3",-25.2529806714,30
"SE3",-0.6826055296,30
"SE3",-16.0533404112,30
"SE3",-6.9862723364,30
"SE3",26.280659612,30
"SE3",7.2190967178,30
"SE3",-15.3640628347,30
"SE3",-16.2768245229,30
"SE3",-7.4473630368,30
"SE3",15.2486757835,30
"SE3",32.2624760996,30
"SE3",-31.1864555356,30
"SE3",-26.3015415835,30
"SE3",-4.4741322582,30
"SE3",0.3582414694,30
"SE3",-3.0346288319,30
"SE3",-7.2315317944,30
"SE3",-40.2580505011,30
"SE3",4.6437064006,30
"SE3",-11.8696721048,30
"SE3",-1.3885736789,30
"SE3",-10.9062708913,30
"SE3",-16.8900477951,30
"SE3",16.3011507565,30
"SE3",-3.1532135709,30
"SE3",41.0615371739,30
"SE3",1.4322012484,30
"SE3",30.8514920656,30
"SE3",-14.4285902555,30
"SE3",4.4255312906,30
"SE3",-7.0942494216,30
"SE3",-14.7236347913,30
"SE3",-2.7723552661,30
"SE3",14.0730148088,30
"SE3",18.7295001632,30
"SE3",-11.1591222879,30
"SE3",15.5064167911,30
"SE3",-0.4284772195,30
"SE3",-4.516333558,30
"SE3",13.577041029,30
"SE3",33.4318819146,30
"SE3",18.2301900137,30
"SE3",-20.3019261395,30
"SE3",-9.1458175436,30
"SE3",-17.5956351189,30
"SE3",12.5482501759,30
"SE3",-6.183809129,40
"SE3",-3.0716398767,40
"SE3",-23.5759710916,40
"SE3",-21.7736391196,40
"SE3",-6.2170624557,40
"SE3",10.614820076,40
"SE3",-1.731760533,40
"SE3",-2.7007065071,40
"SE3",1.1527793192,40
"SE3",-7.4006701285,40
"SE3",-19.8579904806,40
"SE3",11.5651124221,40
"SE3",16.020513208,40
"SE3",-10.8260806232,40
"SE3",-11.5867168081,40
"SE3",44.0982079333,40
"SE3",28.2776583099,40
"SE3",-3.7759328574,40
"SE3",10.4261080319,40
"SE3",-28.1125378762,40
"SE3",3.1631772291,40
"SE3",8.9714216622,40
"SE3",-25.2298400717,40
"SE3",-3.5509104172,40
"SE3",20.5509862453,40
"SE3",-5.8530109085,40
"SE3",-2.7045774003,40
"SE3",16.416661883,40
"SE3",15.3011505459,40
"SE3",-32.4113631147,40
"SE3",4.0588680483,40
"SE3",29.3553598592,40
"SE3",16.6927502523,40
"SE3",-15.3792592175,40
"SE3",2.1655599545,40
"SE3",17.8563568556,40
"SE3",-4.5164343127,40
"SE3",-19.1707521676,40
"SE3",-15.8920835904,40
"SE3",1.4851750294,40
"SE3",-1.5747427307,40
"SE3",2.925558683,40
"SE3",-9.7129970681,40
"SE3",27.2726981749,40
"SE3",-16.0434747185,40
"SE3",-4.7898025177,40
"SE3",23.2722200555,40
"SE3",-5.0736608434,40
"SE3",-8.2678609786,40
"SE3",-7.7293573176,40
"SE3",-15.1960648263,40
"SE3",-10.4864595076,40
"SE3",-19.7848157044,40
"SE3",-30.4812828828,40
"SE3",20.9140717325,40
"SE3",0.0661770884,40
"SE3",-21.0735872547,40
"SE3",-7.0608517112,40
"SE3",14.5791906861,40
"SE3",37.1814939525,40
"SE3",27.8634764247,40
"SE3",-16.4033637445,40
"SE3",29.2421051443,40
"SE3",20.2651529669,40
"SE3",7.020177911,40
"SE3",-15.9256864336,40
"SE3",-19.1425838851,40
"SE3",-27.0355330734,40
"SE3",-8.7285479934,40
"SE3",-11.1709830875,40
"SE3",-13.3734678546,40
"SE3",-0.3561839448,40
"SE3",8.9485924538,40
"SE3",-6.8390558869,40
"SE3",12.4017357416,40
"SE3",-4.4078991977,40
"SE3",-6.7684107701,40
"SE3",-17.5887806592,40
"SE3",8.608993201,40
"SE3",23.8078951019,40
"SE3",24.9450694859,40
"SE3",-25.9651599126,40
"SE3",-10.6208522749,40
"SE3",3.6183410323,40
"SE3",-3.5311682991,40
"SE3",23.4622776859,40
"SE3",14.6038602392,40
"SE3",-6.4677432892,40
"SE3",-12.7394256951,40
"SE3",1.3686451017,40
"SE3",-5.8436064272,40
"SE3",-16.5167375996,40
"SE3",37.1183005269,40
"SE3",3.4527285295,40
"SE3",-6.450918193,40
"SE3",3.1275526769,40
"SE3",-10.8304743362,40
"SE3",7.8247258437,40
"SE3",-13.1289668711,40
"SE3",8.3818634601,40
"SE3",-25.4203840823,50
"SE3",-1.4502908425,50
"SE3",18.3309537009,50
"SE3",-6.3934351638,50
"SE3",-19.667029811,50
"SE3",35.9222619002,50
"SE3",25.4677470971,50
"SE3",28.4561905808,50
"SE3",2.0806179193,50
"SE3",7.1192490842,50
"SE3",11.6445359287,50
"SE3",22.5880809912,50
"SE3",11.6004742686,50
"SE3",9.3065603841,50
"SE3",-4.000518837,50
"SE3",-1.4992086827,50
"SE3",4.9115880773,50
"SE3",-14.8053140573,50
"SE3",-5.9153660017,50
"SE3",17.5299057307,50
"SE3",5.5587553292,50
"SE3",30.8892458367,50
"SE3",4.9534468002,50
"SE3",-1.987427918,50
"SE3",6.8430172912,50
"SE3",12.4134652012,50
"SE3",-22.2624765912,50
"SE3",-8.2878501237,50
"SE3",17.2586893382,50
"SE3",-1.9406941668,50
"SE3",-1.351448905,50
"SE3",3.8672794842,50
"SE3",-1.7140423125,50
"SE3",12.0016127196,50
"SE3",18.9694354421,50
"SE3",-15.3821079317,50
"SE3",7.8752431361,50
"SE3",-7.370811241,50
"SE3",-0.0234859635,50
"SE3",-10.3820268073,50
"SE3",7.2563756998,50
"SE3",0.9202693506,50
"SE3",9.1388653745,50
"SE3",-1.6849962316,50
"SE3",7.55008908,50
"SE3",-12.2590031451,50
"SE3",20.2895495837,50
"SE3",11.4882742945,50
"SE3",-1.8096022523,50
"SE3",-0.9350061435,50
"SE3",-5.1938036448,50
"SE3",-14.6149506794,50
"SE3",10.8284704783,50
"SE3",2.0456219026,50
"SE3",12.3364306781,50
"SE3",-6.2825278305,50
"SE3",15.8269173788,50
"SE3",15.9305553756,50
"SE3",23.1760020446,50
"SE3",1.4161342456,50
"SE3",12.1404141035,50
"SE3",12.7563736722,50
"SE3",-8.6382386127,50
"SE3",0.7611429995,50
"SE3",3.901627445,50
"SE3",3.4370004074,50
"SE3",-4.9036692487,50
"SE3",0.1101275251,50
"SE3",0.2298860316,50
"SE3",11.4487281488,50
"SE3",16.9415508323,50
"SE3",-9.9668645843,50
"SE3",29.9044798391,50
"SE3",-5.9333621477,50
"SE3",-0.9506211378,50
"SE3",11.2196938894,50
"SE3",-3.2293034303,50
"SE3",0.317001486,50
"SE3",15.6835785226,50
"SE3",-8.5325898938,50
"SE3",-13.1196252541,50
"SE3",-14.0439477734,50
"SE3",5.0948448674,50
"SE3",-16.6951968379,50
"SE3",7.2116440309,50
"SE3",-13.2482293184,50
"SE3",-22.2191768195,50
"SE3",15.1707176536,50
"SE3",-3.9010138439,50
"SE3",-8.1112728498,50
"SE3",13.3105350905,50
"SE3",16.1422047996,50
"SE3",-13.8324430284,50
"SE3",-14.3115796083,50
"SE3",-14.497479998,50
"SE3",4.1379066486,50
"SE3",6.6254677377,50
"SE3",-24.2207186741,50
"SE3",-15.7884492019,50
"SE3",-21.8931542413,50
"SE3",4.9748758102,60
"SE3",13.3995976595,60
"SE3",6.1148098464,60
"SE3",11.2206052349,60
"SE3",24.0166605047,60
"SE3",4.0518482009,60
"SE3",-6.2911978856,60
"SE3",-11.1407434222,60
"SE3",44.8613894638,60
"SE3",12.0978117857,60
"SE3",-14.20032338,60
"SE3",-8.7174992955,60
"SE3",-26.5142905901,60
"SE3",10.4117807445,60
"SE3",0.0918193783,60
"SE3",1.3420796824,60
"SE3",-14.5551799624,60
"SE3",10.2082773811,60
"SE3",-19.2001033285,60
"SE3",40.5481144686,60
"SE3",3.8107184876,60
"SE3",26.3627188219,60
"SE3",-9.7283091097,60
"SE3",-4.2099998429,60
"SE3",15.5790035701,60
"SE3",2.8720844778,60
"SE3",-12.9076770319,60
"SE3",4.8767313053,60
"SE3",-15.8153999066,60
"SE3",10.8789890312,60
"SE3",-5.9287985594,60
"SE3",-3.1035733705,60
"SE3",2.4195361081,60
"SE3",-15.3201314984,60
"SE3",-7.0287036299,60
"SE3",4.5882309965,60
"SE3",-11.9666147224,60
"SE3",6.8322532684,60
"SE3",1.2423000609,60
"SE3",-8.5132314508,60
"SE3",6.4084686359,60
"SE3",14.6321707522,60
"SE3",3.1112182917,60
"SE3",-9.8667819308,60
"SE3",-4.3268078588,60
"SE3",-9.0215866651,60
"SE3",6.8028314639,60
"SE3",13.9163871244,60
"SE3",-2.7265066451,60
"SE3",0.1560750161,60
"SE3",-12.532775003,60
"SE3",-11.9466263444,60
"SE3",4.088553326,60
"SE3",-3.2396512453,60
"SE3",5.206770083,60
"SE3",12.7243477943,60
"SE3",-3.7515054831,60
"SE3",-15.1730103414,60
"SE3",-2.3015083693,60
"SE3",-6.1213874227,60
"SE3",2.2675153685,60
"SE3",-14.4641809733,60
"SE3",-13.8053022616,60
"SE3",7.463235652,60
"SE3",9.3320937458,60
"SE3",12.9203461029,60
"SE3",6.81123604,60
"SE3",23.8175514469,60
"SE3",-10.8342818705,60
"SE3",-13.0616400816,60
"SE3",-5.3119253123,60
"SE3",-9.4959696864,60
"SE3",8.8952741166,60
"SE3",-10.0757816481,60
"SE3",5.2622507097,60
"SE3",41.9846672607,60
"SE3",-15.8012999457,60
"SE3",20.3494479816,60
"SE3",1.0832112651,60
"SE3",-10.0519450351,60
"SE3",33.4872587307,60
"SE3",35.5996267883,60
"SE3",14.325133226,60
"SE3",-2.0165785321,60
"SE3",14.8513842518,60
"SE3",-11.4560815018,60
"SE3",4.424888578,60
"SE3",13.8409078442,60
"SE3",-9.0977488012,60
"SE3",0.7687731891,60
"SE3",11.0313663506,60
"SE3",20.1885316272,60
"SE3",-15.3180182658,60
"SE3",-1.9918157696,60
"SE3",12.1830488153,60
"SE3",14.0906575852,60
"SE3",9.0080908659,60
"SE3",-15.016332476,60
"SE3",15.4875473688,60
"SE3",-16.2496517372,60
"SE3",-16.9126072157,70
"SE3",21.1504947323,70
"SE3",3.7717155156,70
"SE3",-5.5208580977,70
"SE3",12.5204997795,70
"SE3",-0.5753714363,70
"SE3",-4.1024894721,70
"SE3",-10.7091745788,70
"SE3",-8.6698540492,70
"SE3",-2.8868772861,70
"SE3",24.5680169282,70
"SE3",-4.9098365111,70
"SE3",13.9495859938,70
"SE3",21.0125480748,70
"SE3",-20.7136812319,70
"SE3",-3.431718018,70
"SE3",-2.1384913885,70
"SE3",-9.8526715171,70
"SE3",6.7122661022,70
"SE3",-7.192530983,70
"SE3",-3.0123779439,70
"SE3",3.1847890163,70
"SE3",-6.8913125623,70
"SE3",-3.2694996795,70
"SE3",12.0935797832,70
"SE3",33.3265417436,70
"SE3",0.7575527218,70
"SE3",18.7146060526,70
"SE3",10.9539592349,70
"SE3",-12.0994492652,70
"SE3",4.563829401,70
"SE3",38.6217885584,70
"SE3",-5.0438337793,70
"SE3",-8.3001713149,70
"SE3",18.4030447875,70
"SE3",-7.8015067133,70
"SE3",-6.3539109281,70
"SE3",-13.044533436,70
"SE3",-14.6515826001,70
"SE3",-6.2923993658,70
"SE3",4.9679173801,70
"SE3",3.0370819651,70
"SE3",1.068802757,70
"SE3",-7.6466470556,70
"SE3",-12.1018888194,70
"SE3",11.747113896,70
"SE3",-5.8919942713,70
"SE3",-9.2783728676,70
"SE3",-2.8445741423,70
"SE3",-14.763217018,70
"SE3",3.4233540977,70
"SE3",-0.9051256502,70
"SE3",-7.0317966326,70
"SE3",-11.5510374174,70
"SE3",5.7184440511,70
"SE3",15.4230111591,70
"SE3",-10.1574963067,70
"SE3",-12.1491893885,70
"SE3",11.890818761,70
"SE3",28.2794768194,70
"SE3",3.8193393779,70
"SE3",-6.8036370187,70
"SE3",-3.5117414545,70
"SE3",-5.9931135888,70
"SE3",-5.6997724238,70
"SE3",22.9613928436,70
"SE3",10.7901660648,70
"SE3",22.415776496,70
"SE3",-0.9961986648,70
"SE3",-12.1867010333,70
"SE3",-12.987675127,70
"SE3",0.2574265959,70
"SE3",0.4055417428,70
"SE3",-13.7206121056,70
"SE3",-8.3272450578,70
"SE3",25.1241329348,70
"SE3",-3.2754080763,70
"SE3",-8.8328525192,70
"SE3",-8.7934707815,70
"SE3",13.6625037035,70
"SE3",5.3506041831,70
"SE3",-1.5366917291,70
"SE3",8.3003461678,70
"SE3",-19.5111338462,70
"SE3",-15.3772243041,70
"SE3",11.2056350227,70
"SE3",8.0955665106,70
"SE3",4.4176586065,70
"SE3",0.2891741249,70
"SE3",10.6508190506,70
"SE3",-7.386305058,70
"SE3",-10.0053420325,70
"SE3",-15.2304528978,70
"SE3",1.5412534448,70
"SE3",-4.0844830587,70
"SE3",-9.6737281907,70
"SE3",-2.4171015241,70
"SE3",1.2704646473,70
"SE3",42.0794043871,70
"SE3",-9.9106242869,70
"SE3",-10.4652026435,80
"SE3",10.1803207798,80
"SE3",-6.5656727122,80
"SE3",-15.943649028,80
"SE3",14.5110418663,80
"SE3",-1.7818919479,80
"SE3",-4.0501940998,80
"SE3",21.7714210044,80
"SE3",-6.3989542761,80
"SE3",3.2806891004,80
"SE3",-11.8910395291,80
"SE3",21.6257516208,80
"SE3",6.139081161,80
"SE3",-12.854556273,80
"SE3",-4.053754899,80
"SE3",-1.7866890813,80
"SE3",-7.6399812721,80
"SE3",-6.09150984,80
"SE3",8.3160878472,80
"SE3",5.6705607665,80
"SE3",-0.0929167812,80
"SE3",0.2813147393,80
"SE3",-8.5934785436,80
"SE3",-6.6673443713,80
"SE3",-23.0276218014,80
"SE3",5.661923468,80
"SE3",-7.7266286835,80
"SE3",6.4806756197,80
"SE3",-16.4245965481,80
"SE3",5.0248296155,80
"SE3",-10.7975109315,80
"SE3",-1.2507920615,80
"SE3",7.6345223604,80
"SE3",8.0980569092,80
"SE3",-1.0023106648,80
"SE3",-12.3926255601,80
"SE3",-9.0199096633,80
"SE3",3.0448763569,80
"SE3",4.7676497744,80
"SE3",-7.5465591667,80
"SE3",-1.1148221767,80
"SE3",-4.051720189,80
"SE3",-0.1254465151,80
"SE3",-4.9731759342,80
"SE3",-7.8895927805,80
"SE3",9.9680904995,80
"SE3",-5.7859629567,80
"SE3",13.7881795298,80
"SE3",-8.7294685975,80
"SE3",-3.5398064702,80
"SE3",12.6696088409,80
"SE3",-15.7875871214,80
"SE3",-11.8661527801,80
"SE3",-11.3307075855,80
"SE3",-6.4207338921,80
"SE3",1.5638845596,80
"SE3",-10.3045646997,80
"SE3",34.7705893412,80
"SE3",-3.6558602368,80
"SE3",-8.1662932477,80
"SE3",16.3074291441,80
"SE3",-18.8863653736,80
"SE3",7.5980462772,80
"SE3",-2.1504342178,80
"SE3",-4.1822751981,80
"SE3",-4.7756752607,80
"SE3",-4.1761871522,80
"SE3",-22.2782342875,80
"SE3",16.0203644514,80
"SE3",8.5831883752,80
"SE3",-5.0180615432,80
"SE3",-2.9891312942,80
"SE3",3.7412931481,80
"SE3",-14.5195303652,80
"SE3",-12.7091219158,80
"SE3",-16.2354384104,80
"SE3",-1.669825647,80
"SE3",5.1169422112,80
"SE3",-2.9006476466,80
"SE3",3.9361175128,80
"SE3",20.6567545797,80
"SE3",5.7848292593,80
"SE3",25.7463667103,80
"SE3",-15.9311541228,80
"SE3",-1.2480978824,80
"SE3",-1.8857250295,80
"SE3",-18.6574110412,80
"SE3",-11.171419086,80
"SE3",-7.4093871877,80
"SE3",-16.5375279489,80
"SE3",-11.3246250916,80
"SE3",-2.338413525,80
"SE3",11.9261105285,80
"SE3",-1.5435788913,80
"SE3",-0.0239277998,80
"SE3",-9.3593808114,80
"SE3",1.9374473472,80
"SE3",-10.0884397109,80
"SE3",-8.8517436758,80
"SE3",-5.0031043858,80
"SE3",19.4211742961,90
"SE3",2.2472286786,90
"SE3",-11.1128116052,90
"SE3",10.1528253255,90
"SE3",5.0452851274,90
"SE3",15.605582508,90
"SE3",-3.8140275361,90
"SE3",-0.7793586517,90
"SE3",-4.5919963477,90
"SE3",-6.4919711052,90
"SE3",6.2080833571,90
"SE3",-9.8578030878,90
"SE3",2.1810319714,90
"SE3",-2.5526144229,90
"SE3",-12.8828954058,90
"SE3",11.9461883269,90
"SE3",2.3397396423,90
"SE3",5.3507599343,90
"SE3",3.3774424763,90
"SE3",3.6384501142,90
"SE3",-2.7940799357,90
"SE3",-5.6106500972,90
"SE3",-5.9081482215,90
"SE3",4.0744533676,90
"SE3",-1.9571268671,90
"SE3",-4.6875776483,90
"SE3",11.2816994249,90
"SE3",-7.4033338485,90
"SE3",-2.1540786358,90
"SE3",6.8042321348,90
"SE3",-17.382363855,90
"SE3",-10.199330622,90
"SE3",-12.2014154658,90
"SE3",9.1547807155,90
"SE3",-2.9502299303,90
"SE3",0.2564392174,90
"SE3",-1.3175009166,90
"SE3",10.9119081942,90
"SE3",10.3073952094,90
"SE3",11.5817585928,90
"SE3",0.6161400104,90
"SE3",10.9191590762,90
"SE3",14.5957164999,90
"SE3",-7.4618338512,90
"SE3",-7.6385671943,90
"SE3",12.3390339855,90
"SE3",-0.7280773341,90
"SE3",-6.5018476403,90
"SE3",3.8318951648,90
"SE3",-4.5423435869,90
"SE3",4.790095132,90
"SE3",-7.6465273642,90
"SE3",6.0266691145,90
"SE3",-6.2258094135,90
"SE3",13.7080275413,90
"SE3",-6.5529146699,90
"SE3",-3.4340081134,90
"SE3",-5.408926908,90
"SE3",15.7732125747,90
"SE3",-8.0062301151,90
"SE3",11.6717246331,90
"SE3",2.4659266699,90
"SE3",1.5409640634,90
"SE3",2.5640004402,90
"SE3",-2.2658655073,90
"SE3",-14.5698795605,90
"SE3",-14.8923517049,90
"SE3",-22.1779705628,90
"SE3",11.9572688167,90
"SE3",6.5856127578,90
"SE3",4.2754053162,90
"SE3",2.2585266014,90
"SE3",-9.9920992242,90
"SE3",25.3957266861,90
"SE3",-11.0012975556,90
"SE3",5.1651979782,90
"SE3",2.7897652047,90
"SE3",16.9294752694,90
"SE3",8.6364188364,90
"SE3",0.3438975825,90
"SE3",0.9178682379,90
"SE3",0.3325243115,90
"SE3",-7.565185264,90
"SE3",-7.5748364011,90
"SE3",22.8022555906,90
"SE3",-8.1021482228,90
"SE3",-4.7009615928,90
"SE3",3.7567570385,90
"SE3",3.9336635989,90
"SE3",0.6370281419,90
"SE3",14.0372985061,90
"SE3",-10.0107971633,90
"SE3",3.590464956,90
"SE3",-11.3164655156,90
"SE3",1.1675941912,90
"SE3",11.6068365815,90
"SE3",11.4577578209,90
"SE3",-11.7584821874,90
"SE3",-14.5820656355,90
"SE3",8.1413343711,90
"SE3",6.6445684975,100
"SE3",-4.10754167,100
"SE3",-1.3191749565,100
"SE3",-1.0848801624,100
"SE3",11.9434185471,100
"SE3",-0.6783903783,100
"SE3",7.331181232,100
"SE3",-1.3647826384,100
"SE3",7.1892921852,100
"SE3",-6.861302269,100
"SE3",-6.2499037012,100
"SE3",11.0231926634,100
"SE3",-10.0728027624,100
"SE3",4.449477972,100
"SE3",10.1823331812,100
"SE3",31.7067654304,100
"SE3",-13.9746521006,100
"SE3",15.6453753123,100
"SE3",-4.1830868791,100
"SE3",14.3170450965,100
"SE3",-4.8216486084,100
"SE3",-16.2926241541,100
"SE3",-6.1814746767,100
"SE3",0.3303488491,100
"SE3",-3.6222026086,100
"SE3",-2.6399873594,100
"SE3",6.6395413183,100
"SE3",-1.1790768081,100
"SE3",7.2970732565,100
"SE3",6.9920862342,100
"SE3",16.1709524272,100
"SE3",6.0764962211,100
"SE3",3.7500951051,100
"SE3",-3.9071369044,100
"SE3",-10.1321049987,100
"SE3",13.0533367504,100
"SE3",-14.2381633908,100
"SE3",-5.273597818,100
"SE3",-8.9449302978,100
"SE3",16.7218012151,100
"SE3",7.0837549565,100
"SE3",10.2768646483,100
"SE3",-2.4397064961,100
"SE3",-1.8023564519,100
"SE3",1.7285318945,100
"SE3",4.8362292889,100
"SE3",4.999724933,100
"SE3",-5.7181318028,100
"SE3",23.0698568512,100
"SE3",20.3705802322,100
"SE3",-6.2852454831,100
"SE3",-3.1642685249,100
"SE3",-6.5654797594,100
"SE3",-8.4037083073,100
"SE3",3.8696640255,100
"SE3",-0.8490355933,100
"SE3",-22.8315490357,100
"SE3",-7.9886857786,100
"SE3",-0.4327136094,100
"SE3",-8.8230890199,100
"SE3",7.0249878749,100
"SE3",-1.7362424437,100
"SE3",2.2097579953,100
"SE3",9.0210491325,100
"SE3",-13.009376059,100
"SE3",12.2756591596,100
"SE3",-1.9836059207,100
"SE3",-9.9410580867,100
"SE3",12.6990770542,100
"SE3",-0.1382320663,100
"SE3",5.1217047342,100
"SE3",-1.4833371638,100
"SE3",-10.0173594913,100
"SE3",24.0327529064,100
"SE3",0.1841665911,100
"SE3",3.7943654174,100
"SE3",10.8855109091,100
"SE3",-11.5969091584,100
"SE3",3.6797212414,100
"SE3",-16.861743989,100
"SE3",-6.7680265365,100
"SE3",-2.5115999763,100
"SE3",5.8189723928,100
"SE3",-3.2400651119,100
"SE3",-3.2164690655,100
"SE3",-10.654916737,100
"SE3",-2.1671492825,100
"SE3",-7.8852795473,100
"SE3",4.8197134501,100
"SE3",-6.3546862339,100
"SE3",21.6326180706,100
"SE3",1.901287104,100
"SE3",8.9627611811,100
"SE3",11.065163696,100
"SE3",-7.3992487133,100
"SE3",-9.8739637175,100
"SE3",-12.9363911686,100
"SE3",7.5040903726,100
"SE3",-5.3675110976,100
"SE3",1.2373162372,100
