"model","percentageerror","wait"
"NW1",1.6534019276,"0"
"NW1",-0.1119248786,"0"
"NW1",0.1087409722,"0"
"NW1",-0.8474777146,"0"
"NW1",-0.8290888937,"0"
"NW1",0.8259049872,"0"
"NW1",1.8372901366,"0"
"NW1",0.4397397483,"0"
"NW1",-0.5532565802,"0"
"NW1",-0.8658665355,"0"
"NW1",-0.7187559683,"0"
"NW1",-0.1119248786,"0"
"NW1",-0.590034222,"0"
"NW1",-0.1303136995,"0"
"NW1",-0.9945882818,"0"
"NW1",-1.3623646997,"0"
"NW1",3.0141746741,"0"
"NW1",1.5430690022,"0"
"NW1",-0.8107000728,"0"
"NW1",1.1752925843,"0"
"NW1",-1.2336429534,"0"
"NW1",0.0903521513,"0"
"NW1",0.0903521513,"0"
"NW1",-0.4245348339,"0"
"NW1",3.216451704,"0"
"NW1",0.8994602708,"0"
"NW1",1.1385149425,"0"
"NW1",0.2190738975,"0"
"NW1",1.2488478679,"0"
"NW1",1.5246801813,"0"
"NW1",-3.6609673121,"0"
"NW1",2.4625100472,"0"
"NW1",1.0281820171,"0"
"NW1",1.1017373007,"0"
"NW1",-4.3413536853,"0"
"NW1",0.8259049872,"0"
"NW1",0.2742403602,"0"
"NW1",2.7199535398,"0"
"NW1",0.6604055991,"0"
"NW1",-1.4543088042,"0"
"NW1",0.9546267335,"0"
"NW1",0.0351856886,"0"
"NW1",0.0167968677,"0"
"NW1",-0.95781064,"0"
"NW1",0.1271297931,"0"
"NW1",0.9362379126,"0"
"NW1",-0.222257804,"0"
"NW1",2.131511271,"0"
"NW1",0.0719633304,"0"
"NW1",1.1936814052,"0"
"NW1",-0.1119248786,"0"
"NW1",-0.773922431,"0"
"NW1",0.3661844647,"0"
"NW1",0.1271297931,"0"
"NW1",2.0763448083,"0"
"NW1",1.4879025396,"0"
"NW1",-1.307198237,"0"
"NW1",-0.4980901175,"0"
"NW1",0.3661844647,"0"
"NW1",1.4695137187,"0"
"NW1",2.9957858532,"0"
"NW1",-1.5094752669,"0"
"NW1",-0.0015919532,"0"
"NW1",-1.1968653116,"0"
"NW1",-0.7555336101,"0"
"NW1",-0.0751472368,"0"
"NW1",-1.6198081923,"0"
"NW1",1.2120702261,"0"
"NW1",-0.0751472368,"0"
"NW1",1.5982354649,"0"
"NW1",0.0167968677,"0"
"NW1",0.4029621065,"0"
"NW1",-0.6268118638,"0"
"NW1",-1.2152541325,"0"
"NW1",2.1499000919,"0"
"NW1",1.2488478679,"0"
"NW1",-0.4797012966,"0"
"NW1",1.0097931962,"0"
"NW1",-1.4543088042,"0"
"NW1",-0.8842553564,"0"
"NW1",1.763734853,"0"
"NW1",0.2926291811,"0"
"NW1",2.1131224501,"0"
"NW1",-2.3369722074,"0"
"NW1",1.4511248978,"0"
"NW1",-0.3142019085,"0"
"NW1",0.494906211,"0"
"NW1",-1.6381970132,"0"
"NW1",0.9362379126,"0"
"NW1",-2.410527491,"0"
"NW1",-1.3807535206,"0"
"NW1",2.3337883009,"0"
"NW1",1.4695137187,"0"
"NW1",0.6236279573,"0"
"NW1",1.6534019276,"0"
"NW1",0.5868503155,"0"
"NW1",-1.9140293267,"0"
"NW1",-0.4429236548,"0"
"NW1",-0.0567584159,"0"
"NW1",1.1936814052,"0"
"SW1",0.4474580116,"0"
"SW1",-1.9930812496,"0"
"SW1",-0.2204790493,"0"
"SW1",-0.6572071277,"0"
"SW1",0.9355658638,"0"
"SW1",1.4236737161,"0"
"SW1",3.5302444467,"0"
"SW1",0.164869255,"0"
"SW1",0.7043568812,"0"
"SW1",0.1391793681,"0"
"SW1",-0.9911756581,"0"
"SW1",-1.2994543016,"0"
"SW1",-0.8113464494,"0"
"SW1",0.4731478986,"0"
"SW1",0.0107299333,"0"
"SW1",-2.3784295539,"0"
"SW1",1.1924647334,"0"
"SW1",-1.5049733973,"0"
"SW1",-1.0168655451,"0"
"SW1",1.2695343943,"0"
"SW1",-1.710492493,"0"
"SW1",1.5007433769,"0"
"SW1",-2.5325688757,"0"
"SW1",1.1153950725,"0"
"SW1",4.3523208294,"0"
"SW1",-1.1453149799,"0"
"SW1",0.1134894811,"0"
"SW1",-0.2461689363,"0"
"SW1",-0.8627262233,"0"
"SW1",0.6015973334,"0"
"SW1",-3.2261958236,"0"
"SW1",2.759547838,"0"
"SW1",-0.451688032,"0"
"SW1",-1.1453149799,"0"
"SW1",-4.9987980238,"0"
"SW1",-0.8627262233,"0"
"SW1",-1.3765239625,"0"
"SW1",0.4217681246,"0"
"SW1",0.7043568812,"0"
"SW1",-2.2242902322,"0"
"SW1",2.8623073858,"0"
"SW1",-0.2204790493,"0"
"SW1",0.7300467682,"0"
"SW1",-0.8113464494,"0"
"SW1",0.3703883507,"0"
"SW1",1.3722939421,"0"
"SW1",0.6529771073,"0"
"SW1",2.2971298727,"0"
"SW1",0.0877995942,"0"
"SW1",-0.3489284841,"0"
"SW1",1.2695343943,"0"
"SW1",1.0383254117,"0"
"SW1",0.807116429,"0"
"SW1",-2.8408475192,"0"
"SW1",2.091610777,"0"
"SW1",1.0897051856,"0"
"SW1",-2.0701509104,"0"
"SW1",0.2419389159,"0"
"SW1",3.4274848989,"0"
"SW1",1.7833321335,"0"
"SW1",2.3485096466,"0"
"SW1",0.3960782377,"0"
"SW1",0.7557366551,"0"
"SW1",0.3703883507,"0"
"SW1",0.6272872203,"0"
"SW1",0.3703883507,"0"
"SW1",-1.7875621539,"0"
"SW1",1.2181546204,"0"
"SW1",0.7557366551,"0"
"SW1",0.3703883507,"0"
"SW1",0.9098759769,"0"
"SW1",1.6035029248,"0"
"SW1",-0.5030678059,"0"
"SW1",-3.1748160497,"0"
"SW1",2.5540287423,"0"
"SW1",-0.0149599537,"0"
"SW1",-1.068245319,"0"
"SW1",0.7043568812,"0"
"SW1",-1.4022138495,"0"
"SW1",-1.2994543016,"0"
"SW1",2.1943703248,"0"
"SW1",-1.4535936234,"0"
"SW1",-0.7342767885,"0"
"SW1",-2.2499801191,"0"
"SW1",-0.0663397276,"0"
"SW1",1.8860916813,"0"
"SW1",1.2695343943,"0"
"SW1",-1.9160115887,"0"
"SW1",2.091610777,"0"
"SW1",-1.8132520408,"0"
"SW1",-0.4003082581,"0"
"SW1",-0.3232385972,"0"
"SW1",2.8109276119,"0"
"SW1",1.3722939421,"0"
"SW1",3.0935163684,"0"
"SW1",0.9355658638,"0"
"SW1",-2.994986841,"0"
"SW1",-0.1690992754,"0"
"SW1",0.3190085768,"0"
"SW1",0.6529771073,"0"
"NE1",0.7279130877,"0"
"NE1",0.1901459953,"0"
"NE1",0.3556127929,"0"
"NE1",-0.5130878949,"0"
"NE1",-0.292465498,"0"
"NE1",1.0450577833,"0"
"NE1",1.0726355829,"0"
"NE1",0.0108902978,"0"
"NE1",-1.8781889757,"0"
"NE1",-1.1060105866,"0"
"NE1",-0.3338321974,"0"
"NE1",-0.4579322957,"0"
"NE1",-1.0094882879,"0"
"NE1",0.066045897,"0"
"NE1",-0.9819104883,"0"
"NE1",-1.57483318,"0"
"NE1",2.4791033632,"0"
"NE1",1.4035691782,"0"
"NE1",-1.1335883862,"0"
"NE1",1.1967356811,"0"
"NE1",-0.361409997,"0"
"NE1",0.4383461918,"0"
"NE1",0.1763570954,"0"
"NE1",0.1763570954,"0"
"NE1",2.2998476657,"0"
"NE1",0.5900240896,"0"
"NE1",1.2932579798,"0"
"NE1",0.9071687852,"0"
"NE1",1.2381023806,"0"
"NE1",1.1691578815,"0"
"NE1",-2.8434119622,"0"
"NE1",1.6931360742,"0"
"NE1",0.4797128912,"0"
"NE1",1.1002133825,"0"
"NE1",-2.0436557734,"0"
"NE1",0.424557292,"0"
"NE1",-0.002898602,"0"
"NE1",2.1481697678,"0"
"NE1",0.2590904943,"0"
"NE1",-2.2504892705,"0"
"NE1",0.4107683922,"0"
"NE1",-0.0442653015,"0"
"NE1",0.2039348951,"0"
"NE1",-0.5130878949,"0"
"NE1",-0.3751988968,"0"
"NE1",0.0522569972,"0"
"NE1",-1.0094882879,"0"
"NE1",1.4035691782,"0"
"NE1",0.1625681956,"0"
"NE1",0.5900240896,"0"
"NE1",-0.2510987986,"0"
"NE1",-0.5544545943,"0"
"NE1",0.7141241879,"0"
"NE1",0.8933798854,"0"
"NE1",1.2243134808,"0"
"NE1",1.0174799837,"0"
"NE1",-0.8578103901,"0"
"NE1",0.3969794924,"0"
"NE1",1.8448139721,"0"
"NE1",1.0312688835,"0"
"NE1",2.6721479605,"0"
"NE1",-1.078432787,"0"
"NE1",0.134990396,"0"
"NE1",-0.9543326887,"0"
"NE1",-0.9129659893,"0"
"NE1",-0.430354496,"0"
"NE1",-1.1197994864,"0"
"NE1",1.3346246792,"0"
"NE1",-0.4441433959,"0"
"NE1",1.4449358777,"0"
"NE1",-0.1132098005,"0"
"NE1",-0.1269987003,"0"
"NE1",-0.9956993881,"0"
"NE1",-0.8991770895,"0"
"NE1",2.134380868,"0"
"NE1",2.2171142668,"0"
"NE1",-0.4165655962,"0"
"NE1",0.2039348951,"0"
"NE1",-0.4027766964,"0"
"NE1",-0.5820323939,"0"
"NE1",1.9275473709,"0"
"NE1",-0.8302325904,"0"
"NE1",1.1553689817,"0"
"NE1",-1.933344575,"0"
"NE1",0.3004571937,"0"
"NE1",0.2039348951,"0"
"NE1",0.7830686869,"0"
"NE1",-2.0988113727,"0"
"NE1",0.7830686869,"0"
"NE1",-1.9471334748,"0"
"NE1",-0.3338321974,"0"
"NE1",1.0312688835,"0"
"NE1",0.852013186,"0"
"NE1",0.8106464866,"0"
"NE1",1.8310250722,"0"
"NE1",0.4797128912,"0"
"NE1",-0.7750769912,"0"
"NE1",0.134990396,"0"
"NE1",-0.6923435924,"0"
"NE1",1.4311469779,"0"
"SE3",0.6426598616,"0"
"SE3",-0.9110602993,"0"
"SE3",0.3807969132,"0"
"SE3",-0.282589223,"0"
"SE3",0.4680845627,"0"
"SE3",0.5379146822,"0"
"SE3",1.4631637668,"0"
"SE3",-0.4047919322,"0"
"SE3",-0.9808904189,"0"
"SE3",-0.7015699405,"0"
"SE3",-0.0730988642,"0"
"SE3",0.415711973,"0"
"SE3",-1.295125957,"0"
"SE3",0.1538490245,"0"
"SE3",-0.3698768724,"0"
"SE3",-2.6393557592,"0"
"SE3",1.9170595442,"0"
"SE3",1.1489282287,"0"
"SE3",-1.2252958374,"0"
"SE3",0.6077448018,"0"
"SE3",-1.1903807777,"0"
"SE3",1.6377390658,"0"
"SE3",0.1014764348,"0"
"SE3",0.241136674,"0"
"SE3",2.2312950823,"0"
"SE3",-0.2127591034,"0"
"SE3",0.4331695029,"0"
"SE3",-0.614282291,"0"
"SE3",0.6950324513,"0"
"SE3",1.3235035277,"0"
"SE3",-2.0632572725,"0"
"SE3",2.0567197834,"0"
"SE3",0.241136674,"0"
"SE3",-0.0032687446,"0"
"SE3",-2.5171530499,"0"
"SE3",-1.7141066746,"0"
"SE3",0.0141887853,"0"
"SE3",1.0616405792,"0"
"SE3",0.415711973,"0"
"SE3",-2.5869831695,"0"
"SE3",0.9918104596,"0"
"SE3",-0.0556413343,"0"
"SE3",-0.3175042828,"0"
"SE3",-1.3125834869,"0"
"SE3",-0.3873344023,"0"
"SE3",0.7124899812,"0"
"SE3",-1.1554657179,"0"
"SE3",1.3409610576,"0"
"SE3",-0.5444521714,"0"
"SE3",0.6950324513,"0"
"SE3",-0.1254714539,"0"
"SE3",-0.5793672312,"0"
"SE3",0.7997776307,"0"
"SE3",-1.1729232478,"0"
"SE3",1.9170595442,"0"
"SE3",0.3982544431,"0"
"SE3",-0.7190274704,"0"
"SE3",0.0840189049,"0"
"SE3",2.9645113381,"0"
"SE3",2.1963800226,"0"
"SE3",2.9994263979,"0"
"SE3",-0.5269946415,"0"
"SE3",0.5379146822,"0"
"SE3",-0.9459753591,"0"
"SE3",-1.2252958374,"0"
"SE3",0.1538490245,"0"
"SE3",-2.2203750416,"0"
"SE3",1.3060459978,"0"
"SE3",0.1014764348,"0"
"SE3",1.3060459978,"0"
"SE3",0.5204571523,"0"
"SE3",0.2236791441,"0"
"SE3",-0.8237726498,"0"
"SE3",-1.3300410168,"0"
"SE3",1.4980788266,"0"
"SE3",1.4806212967,"0"
"SE3",0.4855420926,"0"
"SE3",1.271130938,"0"
"SE3",-0.5269946415,"0"
"SE3",-0.4222494621,"0"
"SE3",1.9345170741,"0"
"SE3",-0.1603865137,"0"
"SE3",0.5204571523,"0"
"SE3",-2.3600352808,"0"
"SE3",1.1838432885,"0"
"SE3",0.2585942039,"0"
"SE3",0.572829742,"0"
"SE3",-2.6568132891,"0"
"SE3",0.7124899812,"0"
"SE3",-1.8712244437,"0"
"SE3",-0.5793672312,"0"
"SE3",1.4806212967,"0"
"SE3",1.3235035277,"0"
"SE3",0.7823201008,"0"
"SE3",2.0916348432,"0"
"SE3",0.7124899812,"0"
"SE3",-1.1903807777,"0"
"SE3",-0.1254714539,"0"
"SE3",-1.2776684271,"0"
"SE3",1.3409610576,"0"
"NW1",-0.2590354458,"0.5"
"NW1",-1.1233100281,"0.5"
"NW1",0.0167968677,"0.5"
"NW1",0.2558515393,"0.5"
"NW1",-2.9805809388,"0.5"
"NW1",1.4879025396,"0.5"
"NW1",1.2488478679,"0.5"
"NW1",2.0395671665,"0.5"
"NW1",-0.8107000728,"0.5"
"NW1",-0.2958130876,"0.5"
"NW1",0.3845732856,"0.5"
"NW1",-1.2336429534,"0.5"
"NW1",0.6052391364,"0.5"
"NW1",0.0719633304,"0.5"
"NW1",-1.2152541325,"0.5"
"NW1",-0.8107000728,"0.5"
"NW1",2.0947336292,"0.5"
"NW1",1.9844007038,"0.5"
"NW1",-1.2704205952,"0.5"
"NW1",1.6901795694,"0.5"
"NW1",-1.5830305505,"0.5"
"NW1",0.2926291811,"0.5"
"NW1",-0.5532565802,"0.5"
"NW1",0.1271297931,"0.5"
"NW1",3.8048939728,"0.5"
"NW1",1.6901795694,"0.5"
"NW1",2.0211783456,"0.5"
"NW1",-2.0611398939,"0.5"
"NW1",0.0719633304,"0.5"
"NW1",2.2234553755,"0.5"
"NW1",-2.6495821626,"0.5"
"NW1",0.67879442,"0.5"
"NW1",0.4397397483,"0.5"
"NW1",2.6280094353,"0.5"
"NW1",-1.8036964013,"0.5"
"NW1",-0.4245348339,"0.5"
"NW1",1.9108454202,"0.5"
"NW1",0.8075161663,"0.5"
"NW1",0.1639074348,"0.5"
"NW1",-1.6565858341,"0.5"
"NW1",1.3959584351,"0.5"
"NW1",-1.1968653116,"0.5"
"NW1",-0.7187559683,"0.5"
"NW1",-1.2704205952,"0.5"
"NW1",-0.6452006847,"0.5"
"NW1",0.7339608827,"0.5"
"NW1",-0.222257804,"0.5"
"NW1",0.7339608827,"0.5"
"NW1",-0.9026441773,"0.5"
"NW1",2.4257324054,"0.5"
"NW1",-0.2038689831,"0.5"
"NW1",0.0903521513,"0.5"
"NW1",-0.0751472368,"0.5"
"NW1",1.230459047,"0.5"
"NW1",1.5246801813,"0.5"
"NW1",0.8994602708,"0.5"
"NW1",-0.3325907294,"0.5"
"NW1",1.3591807933,"0.5"
"NW1",0.8994602708,"0.5"
"NW1",1.3224031515,"0.5"
"NW1",1.1201261216,"0.5"
"NW1",0.5868503155,"0.5"
"NW1",-0.0935360577,"0.5"
"NW1",-2.0059734312,"0.5"
"NW1",-0.5532565802,"0.5"
"NW1",-1.1049212072,"0.5"
"NW1",-0.4980901175,"0.5"
"NW1",0.9362379126,"0.5"
"NW1",-0.3325907294,"0.5"
"NW1",1.0649596589,"0.5"
"NW1",-0.4797012966,"0.5"
"NW1",-0.6635895056,"0.5"
"NW1",-1.491086446,"0.5"
"NW1",-0.2958130876,"0.5"
"NW1",2.6096206144,"0.5"
"NW1",-0.3142019085,"0.5"
"NW1",-1.6014193714,"0.5"
"NW1",1.579846644,"0.5"
"NW1",-1.1233100281,"0.5"
"NW1",0.5132950319,"0.5"
"NW1",1.0281820171,"0.5"
"NW1",-0.9761994609,"0.5"
"NW1",0.1271297931,"0.5"
"NW1",-1.9324181476,"0.5"
"NW1",-1.0313659236,"0.5"
"NW1",-1.0865323863,"0.5"
"NW1",-0.590034222,"0.5"
"NW1",0.0351856886,"0.5"
"NW1",0.3845732856,"0.5"
"NW1",-2.0243622521,"0.5"
"NW1",-2.6311933417,"0.5"
"NW1",1.1201261216,"0.5"
"NW1",0.7155720618,"0.5"
"NW1",-0.0015919532,"0.5"
"NW1",2.31539948,"0.5"
"NW1",0.3477956438,"0.5"
"NW1",-0.0567584159,"0.5"
"NW1",-1.1233100281,"0.5"
"NW1",0.0535745095,"0.5"
"NW1",0.2374627184,"0.5"
"SW1",-1.7875621539,"0.5"
"SW1",-3.3032654845,"0.5"
"SW1",-0.3746183711,"0.5"
"SW1",-1.0425554321,"0.5"
"SW1",-1.8646318148,"0.5"
"SW1",1.5264332639,"0.5"
"SW1",3.0421365945,"0.5"
"SW1",2.091610777,"0.5"
"SW1",-0.0406498406,"0.5"
"SW1",1.9888512292,"0.5"
"SW1",1.0897051856,"0.5"
"SW1",-2.9179171801,"0.5"
"SW1",0.3446984638,"0.5"
"SW1",1.9374714552,"0.5"
"SW1",0.0877995942,"0.5"
"SW1",-2.6867081975,"0.5"
"SW1",1.1410849595,"0.5"
"SW1",-0.2461689363,"0.5"
"SW1",-1.2223846408,"0.5"
"SW1",0.190559142,"0.5"
"SW1",-1.5820430582,"0.5"
"SW1",0.832806316,"0.5"
"SW1",-2.1986003452,"0.5"
"SW1",0.807116429,"0.5"
"SW1",5.5854354035,"0.5"
"SW1",0.5245276725,"0.5"
"SW1",0.3446984638,"0.5"
"SW1",-1.4022138495,"0.5"
"SW1",-1.093935206,"0.5"
"SW1",1.6548826987,"0.5"
"SW1",-2.1729104583,"0.5"
"SW1",1.3209141682,"0.5"
"SW1",-1.3251441886,"0.5"
"SW1",1.3466040552,"0.5"
"SW1",-1.4022138495,"0.5"
"SW1",-2.3784295539,"0.5"
"SW1",0.807116429,"0.5"
"SW1",-0.5544475798,"0.5"
"SW1",0.2419389159,"0.5"
"SW1",-2.3013598931,"0.5"
"SW1",2.9393770467,"0.5"
"SW1",-1.3765239625,"0.5"
"SW1",-1.0168655451,"0.5"
"SW1",-0.6572071277,"0.5"
"SW1",0.6272872203,"0.5"
"SW1",0.6272872203,"0.5"
"SW1",0.7557366551,"0.5"
"SW1",1.1153950725,"0.5"
"SW1",0.3190085768,"0.5"
"SW1",0.5245276725,"0.5"
"SW1",-0.3746183711,"0.5"
"SW1",1.6548826987,"0.5"
"SW1",0.6272872203,"0.5"
"SW1",-2.2499801191,"0.5"
"SW1",1.0897051856,"0.5"
"SW1",-0.3489284841,"0.5"
"SW1",-1.1196250929,"0.5"
"SW1",2.4769590814,"0.5"
"SW1",3.6843837685,"0.5"
"SW1",2.2971298727,"0.5"
"SW1",0.7043568812,"0.5"
"SW1",1.5264332639,"0.5"
"SW1",-1.0168655451,"0.5"
"SW1",0.0107299333,"0.5"
"SW1",0.3446984638,"0.5"
"SW1",-0.6572071277,"0.5"
"SW1",-0.6315172407,"0.5"
"SW1",0.7300467682,"0.5"
"SW1",-0.3489284841,"0.5"
"SW1",1.9374714552,"0.5"
"SW1",0.3703883507,"0.5"
"SW1",0.2419389159,"0.5"
"SW1",-1.9930812496,"0.5"
"SW1",-0.6572071277,"0.5"
"SW1",2.2714399857,"0.5"
"SW1",-1.0168655451,"0.5"
"SW1",-2.0958407974,"0.5"
"SW1",2.091610777,"0.5"
"SW1",-1.1453149799,"0.5"
"SW1",-0.1177195015,"0.5"
"SW1",0.807116429,"0.5"
"SW1",-2.0444610235,"0.5"
"SW1",-1.73618238,"0.5"
"SW1",-2.1986003452,"0.5"
"SW1",-2.1215306844,"0.5"
"SW1",0.2676288029,"0.5"
"SW1",0.4988377855,"0.5"
"SW1",-0.3489284841,"0.5"
"SW1",0.3703883507,"0.5"
"SW1",-0.9141059973,"0.5"
"SW1",0.1134894811,"0.5"
"SW1",-0.8113464494,"0.5"
"SW1",1.7062624726,"0.5"
"SW1",0.7300467682,"0.5"
"SW1",4.5064601512,"0.5"
"SW1",-0.1690992754,"0.5"
"SW1",-1.4792835104,"0.5"
"SW1",-0.6828970146,"0.5"
"SW1",-0.0663397276,"0.5"
"SW1",-0.2204790493,"0.5"
"NE1",0.7279130877,"0.5"
"NE1",0.3694016927,"0.5"
"NE1",0.5762351898,"0.5"
"NE1",-0.5130878949,"0.5"
"NE1",-0.4165655962,"0.5"
"NE1",1.0312688835,"0.5"
"NE1",1.0864244827,"0.5"
"NE1",0.1074125964,"0.5"
"NE1",-2.0574446732,"0.5"
"NE1",-1.078432787,"0.5"
"NE1",-0.1407876001,"0.5"
"NE1",-0.6096101935,"0.5"
"NE1",-0.9129659893,"0.5"
"NE1",-0.0580542013,"0.5"
"NE1",-0.9819104883,"0.5"
"NE1",-1.5334664806,"0.5"
"NE1",2.3274254653,"0.5"
"NE1",1.3346246792,"0.5"
"NE1",-0.9267548891,"0.5"
"NE1",1.1829467813,"0.5"
"NE1",-0.2648876984,"0.5"
"NE1",0.3556127929,"0.5"
"NE1",0.0384680974,"0.5"
"NE1",0.134990396,"0.5"
"NE1",2.3550032649,"0.5"
"NE1",0.6451796889,"0.5"
"NE1",1.3346246792,"0.5"
"NE1",0.920957685,"0.5"
"NE1",1.2932579798,"0.5"
"NE1",1.2243134808,"0.5"
"NE1",-2.8158341626,"0.5"
"NE1",1.775869473,"0.5"
"NE1",0.3556127929,"0.5"
"NE1",1.0036910838,"0.5"
"NE1",-2.0160779738,"0.5"
"NE1",0.3418238931,"0.5"
"NE1",0.0522569972,"0.5"
"NE1",2.134380868,"0.5"
"NE1",0.3280349933,"0.5"
"NE1",-2.2229114709,"0.5"
"NE1",0.2039348951,"0.5"
"NE1",-0.2648876984,"0.5"
"NE1",0.3142460935,"0.5"
"NE1",-0.650976893,"0.5"
"NE1",-0.3338321974,"0.5"
"NE1",-0.0856320009,"0.5"
"NE1",-1.1887439854,"0.5"
"NE1",1.417358078,"0.5"
"NE1",0.1074125964,"0.5"
"NE1",0.5900240896,"0.5"
"NE1",-0.2373098988,"0.5"
"NE1",-0.3751988968,"0.5"
"NE1",0.8244353864,"0.5"
"NE1",0.989902184,"0.5"
"NE1",1.1277911821,"0.5"
"NE1",1.0726355829,"0.5"
"NE1",-0.9956993881,"0.5"
"NE1",0.4521350916,"0.5"
"NE1",1.8448139721,"0.5"
"NE1",0.9071687852,"0.5"
"NE1",2.8238258583,"0.5"
"NE1",-1.0508549873,"0.5"
"NE1",0.0246791976,"0.5"
"NE1",-0.9543326887,"0.5"
"NE1",-1.0370660875,"0.5"
"NE1",-0.3476210972,"0.5"
"NE1",-1.0508549873,"0.5"
"NE1",1.3346246792,"0.5"
"NE1",-0.5130878949,"0.5"
"NE1",1.3759913786,"0.5"
"NE1",-0.0994209007,"0.5"
"NE1",-0.2786765982,"0.5"
"NE1",-0.9956993881,"0.5"
"NE1",-1.0232771877,"0.5"
"NE1",2.0516474692,"0.5"
"NE1",2.2722698661,"0.5"
"NE1",-0.430354496,"0.5"
"NE1",0.2315126947,"0.5"
"NE1",-0.3476210972,"0.5"
"NE1",-0.6233990933,"0.5"
"NE1",1.8586028719,"0.5"
"NE1",-0.8715992899,"0.5"
"NE1",1.0312688835,"0.5"
"NE1",-1.9471334748,"0.5"
"NE1",0.3142460935,"0.5"
"NE1",0.2177237949,"0.5"
"NE1",0.493501791,"0.5"
"NE1",-2.1126002725,"0.5"
"NE1",0.8658020858,"0.5"
"NE1",-1.8368222763,"0.5"
"NE1",-0.3751988968,"0.5"
"NE1",1.2518912804,"0.5"
"NE1",0.7830686869,"0.5"
"NE1",0.8244353864,"0.5"
"NE1",1.8861806715,"0.5"
"NE1",0.3142460935,"0.5"
"NE1",-0.8026547908,"0.5"
"NE1",-0.002898602,"0.5"
"NE1",-0.6647657928,"0.5"
"NE1",1.3070468796,"0.5"
"SE3",0.6950324513,"0.5"
"SE3",-0.7539425302,"0.5"
"SE3",0.5902872719,"0.5"
"SE3",-0.2127591034,"0.5"
"SE3",0.3458818534,"0.5"
"SE3",0.5379146822,"0.5"
"SE3",1.4980788266,"0.5"
"SE3",-0.3000467529,"0.5"
"SE3",-1.1554657179,"0.5"
"SE3",-0.7190274704,"0.5"
"SE3",0.1538490245,"0.5"
"SE3",0.3109667936,"0.5"
"SE3",-1.2078383075,"0.5"
"SE3",0.0491038451,"0.5"
"SE3",-0.3873344023,"0.5"
"SE3",-2.5346105798,"0.5"
"SE3",1.8472294246,"0.5"
"SE3",1.0616405792,"0.5"
"SE3",-1.0158054787,"0.5"
"SE3",0.6252023317,"0.5"
"SE3",-1.2078383075,"0.5"
"SE3",1.5504514163,"0.5"
"SE3",0.0141887853,"0.5"
"SE3",0.2062216142,"0.5"
"SE3",2.3011252019,"0.5"
"SE3",-0.0905563941,"0.5"
"SE3",0.5379146822,"0.5"
"SE3",-0.5095371116,"0.5"
"SE3",0.7997776307,"0.5"
"SE3",1.3409610576,"0.5"
"SE3",-2.0632572725,"0.5"
"SE3",2.1090923731,"0.5"
"SE3",0.0316463152,"0.5"
"SE3",-0.0730988642,"0.5"
"SE3",-2.5520681097,"0.5"
"SE3",-1.8363093839,"0.5"
"SE3",0.066561375,"0.5"
"SE3",0.9743529297,"0.5"
"SE3",0.4331695029,"0.5"
"SE3",-2.5869831695,"0.5"
"SE3",0.8172351606,"0.5"
"SE3",-0.2302166333,"0.5"
"SE3",-0.1778440436,"0.5"
"SE3",-1.3649560766,"0.5"
"SE3",-0.4222494621,"0.5"
"SE3",0.6426598616,"0.5"
"SE3",-1.3300410168,"0.5"
"SE3",1.3758761173,"0.5"
"SE3",-0.5444521714,"0.5"
"SE3",0.6601173915,"0.5"
"SE3",-0.1603865137,"0.5"
"SE3",-0.3524193425,"0.5"
"SE3",0.9568953998,"0.5"
"SE3",-1.1554657179,"0.5"
"SE3",1.8996020143,"0.5"
"SE3",0.4506270328,"0.5"
"SE3",-0.8761452395,"0.5"
"SE3",0.1538490245,"0.5"
"SE3",2.9994263979,"0.5"
"SE3",2.126549903,"0.5"
"SE3",3.1216291071,"0.5"
"SE3",-0.5444521714,"0.5"
"SE3",0.3284243235,"0.5"
"SE3",-0.9459753591,"0.5"
"SE3",-1.4347861962,"0.5"
"SE3",0.1887640843,"0.5"
"SE3",-2.0807148024,"0.5"
"SE3",1.271130938,"0.5"
"SE3",0.0316463152,"0.5"
"SE3",1.3060459978,"0.5"
"SE3",0.5553722121,"0.5"
"SE3",0.0141887853,"0.5"
"SE3",-0.8586877096,"0.5"
"SE3",-1.4173286663,"0.5"
"SE3",1.4457062369,"0.5"
"SE3",1.5155363565,"0.5"
"SE3",0.4680845627,"0.5"
"SE3",1.3060459978,"0.5"
"SE3",-0.4746220518,"0.5"
"SE3",-0.5444521714,"0.5"
"SE3",1.8821444844,"0.5"
"SE3",-0.2476741632,"0.5"
"SE3",0.3633393833,"0.5"
"SE3",-2.3774928107,"0.5"
"SE3",1.1663857586,"0.5"
"SE3",0.2760517338,"0.5"
"SE3",0.3284243235,"0.5"
"SE3",-2.6218982293,"0.5"
"SE3",0.8521502204,"0.5"
"SE3",-1.8013943241,"0.5"
"SE3",-0.6841124106,"0.5"
"SE3",1.6551965957,"0.5"
"SE3",1.271130938,"0.5"
"SE3",0.747405041,"0.5"
"SE3",2.1440074329,"0.5"
"SE3",0.572829742,"0.5"
"SE3",-1.2427533673,"0.5"
"SE3",-0.2476741632,"0.5"
"SE3",-1.2427533673,"0.5"
"SE3",1.2362158782,"0.5"
"NW1",-0.4429236548,"0.75"
"NW1",-1.2336429534,"0.75"
"NW1",-0.0015919532,"0.75"
"NW1",0.2742403602,"0.75"
"NW1",-2.8702480134,"0.75"
"NW1",1.3407919724,"0.75"
"NW1",0.8994602708,"0.75"
"NW1",1.7085683903,"0.75"
"NW1",-0.8107000728,"0.75"
"NW1",-0.4429236548,"0.75"
"NW1",0.1271297931,"0.75"
"NW1",-1.1600876699,"0.75"
"NW1",0.5316838528,"0.75"
"NW1",0.2742403602,"0.75"
"NW1",-1.1600876699,"0.75"
"NW1",-0.6268118638,"0.75"
"NW1",2.1866777337,"0.75"
"NW1",2.1131224501,"0.75"
"NW1",-1.141698849,"0.75"
"NW1",1.8924565993,"0.75"
"NW1",-1.7301411177,"0.75"
"NW1",0.1639074348,"0.75"
"NW1",-0.7555336101,"0.75"
"NW1",-0.0935360577,"0.75"
"NW1",3.95200454,"0.75"
"NW1",1.8005124948,"0.75"
"NW1",1.9844007038,"0.75"
"NW1",-1.8036964013,"0.75"
"NW1",-0.0015919532,"0.75"
"NW1",2.6280094353,"0.75"
"NW1",-2.4473051328,"0.75"
"NW1",0.8810714499,"0.75"
"NW1",0.1087409722,"0.75"
"NW1",2.1682889128,"0.75"
"NW1",-1.6565858341,"0.75"
"NW1",-0.2774242667,"0.75"
"NW1",2.0027895247,"0.75"
"NW1",0.6604055991,"0.75"
"NW1",0.0535745095,"0.75"
"NW1",-1.6381970132,"0.75"
"NW1",1.2856255097,"0.75"
"NW1",-1.3807535206,"0.75"
"NW1",-0.5716454011,"0.75"
"NW1",-1.3255870579,"0.75"
"NW1",-0.7923112519,"0.75"
"NW1",0.6604055991,"0.75"
"NW1",-0.3142019085,"0.75"
"NW1",0.9178490917,"0.75"
"NW1",-0.5716454011,"0.75"
"NW1",2.6463982562,"0.75"
"NW1",-0.1487025204,"0.75"
"NW1",-0.1670913413,"0.75"
"NW1",-0.0567584159,"0.75"
"NW1",1.414347256,"0.75"
"NW1",1.8189013157,"0.75"
"NW1",0.8075161663,"0.75"
"NW1",-0.2590354458,"0.75"
"NW1",1.2488478679,"0.75"
"NW1",0.8075161663,"0.75"
"NW1",1.3591807933,"0.75"
"NW1",1.1385149425,"0.75"
"NW1",0.5132950319,"0.75"
"NW1",0.1639074348,"0.75"
"NW1",-1.9875846103,"0.75"
"NW1",-0.5716454011,"0.75"
"NW1",-0.9026441773,"0.75"
"NW1",-0.2590354458,"0.75"
"NW1",1.1569037634,"0.75"
"NW1",-0.2958130876,"0.75"
"NW1",0.8442938081,"0.75"
"NW1",-0.2958130876,"0.75"
"NW1",-0.3877571921,"0.75"
"NW1",-1.2336429534,"0.75"
"NW1",0.0167968677,"0.75"
"NW1",2.8118976443,"0.75"
"NW1",-0.3142019085,"0.75"
"NW1",-1.8036964013,"0.75"
"NW1",1.414347256,"0.75"
"NW1",-0.7555336101,"0.75"
"NW1",0.494906211,"0.75"
"NW1",1.1569037634,"0.75"
"NW1",-0.6819783265,"0.75"
"NW1",-0.2406466249,"0.75"
"NW1",-1.6198081923,"0.75"
"NW1",-1.2152541325,"0.75"
"NW1",-1.0681435654,"0.75"
"NW1",-0.7003671474,"0.75"
"NW1",0.0351856886,"0.75"
"NW1",0.1822962557,"0.75"
"NW1",-1.9875846103,"0.75"
"NW1",-2.759915088,"0.75"
"NW1",1.1936814052,"0.75"
"NW1",0.7707385245,"0.75"
"NW1",0.0167968677,"0.75"
"NW1",2.5912317935,"0.75"
"NW1",0.4213509274,"0.75"
"NW1",-0.1670913413,"0.75"
"NW1",-0.9945882818,"0.75"
"NW1",-0.1303136995,"0.75"
"NW1",-0.038369595,"0.75"
"SW1",-2.0187711365,"0.75"
"SW1",-3.2518857106,"0.75"
"SW1",-0.5287576929,"0.75"
"SW1",-0.9141059973,"0.75"
"SW1",-1.6591127191,"0.75"
"SW1",1.1924647334,"0.75"
"SW1",2.8109276119,"0.75"
"SW1",1.7319523596,"0.75"
"SW1",-0.0920296146,"0.75"
"SW1",1.7833321335,"0.75"
"SW1",1.0383254117,"0.75"
"SW1",-2.9436070671,"0.75"
"SW1",0.4217681246,"0.75"
"SW1",2.3228197596,"0.75"
"SW1",0.1391793681,"0.75"
"SW1",-2.5068789887,"0.75"
"SW1",1.4236737161,"0.75"
"SW1",-0.1177195015,"0.75"
"SW1",-1.1196250929,"0.75"
"SW1",0.4217681246,"0.75"
"SW1",-1.5049733973,"0.75"
"SW1",0.6529771073,"0.75"
"SW1",-2.2499801191,"0.75"
"SW1",0.5245276725,"0.75"
"SW1",5.6881949513,"0.75"
"SW1",0.807116429,"0.75"
"SW1",0.4217681246,"0.75"
"SW1",-1.1453149799,"0.75"
"SW1",-1.4792835104,"0.75"
"SW1",2.1943703248,"0.75"
"SW1",-2.0444610235,"0.75"
"SW1",1.4236737161,"0.75"
"SW1",-1.6591127191,"0.75"
"SW1",0.9355658638,"0.75"
"SW1",-1.4792835104,"0.75"
"SW1",-2.0701509104,"0.75"
"SW1",0.9869456377,"0.75"
"SW1",-0.6828970146,"0.75"
"SW1",0.1391793681,"0.75"
"SW1",-2.32704978,"0.75"
"SW1",2.8623073858,"0.75"
"SW1",-1.6334228321,"0.75"
"SW1",-1.0168655451,"0.75"
"SW1",-0.8370363364,"0.75"
"SW1",0.4474580116,"0.75"
"SW1",0.6786669942,"0.75"
"SW1",0.832806316,"0.75"
"SW1",1.2695343943,"0.75"
"SW1",0.6529771073,"0.75"
"SW1",0.832806316,"0.75"
"SW1",-0.0663397276,"0.75"
"SW1",1.3209141682,"0.75"
"SW1",0.5759074464,"0.75"
"SW1",-1.9673913626,"0.75"
"SW1",1.3466040552,"0.75"
"SW1",-0.425998145,"0.75"
"SW1",-0.8370363364,"0.75"
"SW1",2.1686804379,"0.75"
"SW1",3.5559343337,"0.75"
"SW1",2.4255793075,"0.75"
"SW1",0.8584962029,"0.75"
"SW1",1.47505349,"0.75"
"SW1",-0.8370363364,"0.75"
"SW1",0.1134894811,"0.75"
"SW1",0.190559142,"0.75"
"SW1",-0.1177195015,"0.75"
"SW1",-0.2975487102,"0.75"
"SW1",0.9612557508,"0.75"
"SW1",-0.451688032,"0.75"
"SW1",1.6805725857,"0.75"
"SW1",0.7300467682,"0.75"
"SW1",0.6015973334,"0.75"
"SW1",-1.73618238,"0.75"
"SW1",-0.4003082581,"0.75"
"SW1",2.4512691944,"0.75"
"SW1",-0.9911756581,"0.75"
"SW1",-2.2756700061,"0.75"
"SW1",2.0145411161,"0.75"
"SW1",-0.7856565625,"0.75"
"SW1",-0.0149599537,"0.75"
"SW1",0.9355658638,"0.75"
"SW1",-1.684802606,"0.75"
"SW1",-2.1986003452,"0.75"
"SW1",-2.0187711365,"0.75"
"SW1",-2.4554992148,"0.75"
"SW1",0.2419389159,"0.75"
"SW1",0.3703883507,"0.75"
"SW1",-0.4773779189,"0.75"
"SW1",0.2419389159,"0.75"
"SW1",-0.9911756581,"0.75"
"SW1",-0.0406498406,"0.75"
"SW1",-0.8884161103,"0.75"
"SW1",1.7833321335,"0.75"
"SW1",0.9355658638,"0.75"
"SW1",4.8147387947,"0.75"
"SW1",-0.0406498406,"0.75"
"SW1",-1.5820430582,"0.75"
"SW1",-0.6058273537,"0.75"
"SW1",-0.2975487102,"0.75"
"SW1",-0.451688032,"0.75"
"NE1",0.9071687852,"0.75"
"NE1",0.4659239914,"0.75"
"NE1",0.4521350916,"0.75"
"NE1",-0.4165655962,"0.75"
"NE1",-0.3889877966,"0.75"
"NE1",1.1553689817,"0.75"
"NE1",1.0588466831,"0.75"
"NE1",-0.0304764017,"0.75"
"NE1",-2.1126002725,"0.75"
"NE1",-1.216321785,"0.75"
"NE1",-0.3338321974,"0.75"
"NE1",-0.3476210972,"0.75"
"NE1",-1.0232771877,"0.75"
"NE1",-0.0166875018,"0.75"
"NE1",-0.7474991916,"0.75"
"NE1",-1.5334664806,"0.75"
"NE1",2.4239477639,"0.75"
"NE1",1.1829467813,"0.75"
"NE1",-1.0232771877,"0.75"
"NE1",1.1415800819,"0.75"
"NE1",-0.2235209989,"0.75"
"NE1",0.2453015945,"0.75"
"NE1",0.1487792958,"0.75"
"NE1",0.0522569972,"0.75"
"NE1",2.3687921647,"0.75"
"NE1",0.5486573902,"0.75"
"NE1",1.2381023806,"0.75"
"NE1",0.8795909856,"0.75"
"NE1",1.3622024788,"0.75"
"NE1",1.3897802784,"0.75"
"NE1",-2.719311864,"0.75"
"NE1",1.8586028719,"0.75"
"NE1",0.424557292,"0.75"
"NE1",0.7830686869,"0.75"
"NE1",-1.7954555769,"0.75"
"NE1",0.5348684904,"0.75"
"NE1",0.0384680974,"0.75"
"NE1",2.1068030684,"0.75"
"NE1",0.3142460935,"0.75"
"NE1",-2.2229114709,"0.75"
"NE1",0.4797128912,"0.75"
"NE1",-0.1821542995,"0.75"
"NE1",0.2590904943,"0.75"
"NE1",-0.7612880914,"0.75"
"NE1",-0.3200432976,"0.75"
"NE1",-0.0166875018,"0.75"
"NE1",-1.0370660875,"0.75"
"NE1",1.3346246792,"0.75"
"NE1",0.066045897,"0.75"
"NE1",0.4797128912,"0.75"
"NE1",-0.3476210972,"0.75"
"NE1",-0.5268767947,"0.75"
"NE1",0.9623243844,"0.75"
"NE1",1.0864244827,"0.75"
"NE1",1.0036910838,"0.75"
"NE1",1.0864244827,"0.75"
"NE1",-0.8302325904,"0.75"
"NE1",0.424557292,"0.75"
"NE1",1.9689140703,"0.75"
"NE1",1.0174799837,"0.75"
"NE1",2.6583590606,"0.75"
"NE1",-1.0370660875,"0.75"
"NE1",0.4521350916,"0.75"
"NE1",-0.9129659893,"0.75"
"NE1",-0.9681215885,"0.75"
"NE1",-0.5820323939,"0.75"
"NE1",-1.2025328852,"0.75"
"NE1",1.3346246792,"0.75"
"NE1",-0.5130878949,"0.75"
"NE1",1.3208357794,"0.75"
"NE1",-0.0442653015,"0.75"
"NE1",-0.2648876984,"0.75"
"NE1",-0.9267548891,"0.75"
"NE1",-1.078432787,"0.75"
"NE1",2.1619586676,"0.75"
"NE1",2.0102807697,"0.75"
"NE1",-0.3889877966,"0.75"
"NE1",0.1487792958,"0.75"
"NE1",-0.3476210972,"0.75"
"NE1",-0.6923435924,"0.75"
"NE1",1.8034472726,"0.75"
"NE1",-0.788865891,"0.75"
"NE1",1.2518912804,"0.75"
"NE1",-2.0298668736,"0.75"
"NE1",0.1487792958,"0.75"
"NE1",0.1487792958,"0.75"
"NE1",0.493501791,"0.75"
"NE1",-2.1401780721,"0.75"
"NE1",0.8106464866,"0.75"
"NE1",-1.8368222763,"0.75"
"NE1",-0.2648876984,"0.75"
"NE1",0.920957685,"0.75"
"NE1",0.7968575867,"0.75"
"NE1",0.7279130877,"0.75"
"NE1",1.9689140703,"0.75"
"NE1",0.4107683922,"0.75"
"NE1",-1.0508549873,"0.75"
"NE1",-0.0442653015,"0.75"
"NE1",-0.6785546926,"0.75"
"NE1",1.3346246792,"0.75"
"SE3",0.8696077503,"0.75"
"SE3",-0.7714000601,"0.75"
"SE3",0.4506270328,"0.75"
"SE3",-0.1603865137,"0.75"
"SE3",0.3109667936,"0.75"
"SE3",0.6426598616,"0.75"
"SE3",1.5329938864,"0.75"
"SE3",-0.4571645219,"0.75"
"SE3",-1.2078383075,"0.75"
"SE3",-0.8237726498,"0.75"
"SE3",-0.1254714539,"0.75"
"SE3",0.4680845627,"0.75"
"SE3",-1.3649560766,"0.75"
"SE3",0.0141887853,"0.75"
"SE3",-0.0381838044,"0.75"
"SE3",-2.6218982293,"0.75"
"SE3",1.8821444844,"0.75"
"SE3",0.8521502204,"0.75"
"SE3",-1.0332630086,"0.75"
"SE3",0.5902872719,"0.75"
"SE3",-1.0856355983,"0.75"
"SE3",1.4806212967,"0.75"
"SE3",0.1538490245,"0.75"
"SE3",0.0840189049,"0.75"
"SE3",2.3185827318,"0.75"
"SE3",-0.2127591034,"0.75"
"SE3",0.4680845627,"0.75"
"SE3",-0.6491973508,"0.75"
"SE3",0.8870652802,"0.75"
"SE3",1.5853664761,"0.75"
"SE3",-1.9235970334,"0.75"
"SE3",2.1614649628,"0.75"
"SE3",0.0491038451,"0.75"
"SE3",-0.3175042828,"0.75"
"SE3",-2.2902051612,"0.75"
"SE3",-1.6268190251,"0.75"
"SE3",-0.0556413343,"0.75"
"SE3",0.9743529297,"0.75"
"SE3",0.5204571523,"0.75"
"SE3",-2.5346105798,"0.75"
"SE3",1.0092679895,"0.75"
"SE3",-0.2476741632,"0.75"
"SE3",-0.2651316931,"0.75"
"SE3",-1.5046163158,"0.75"
"SE3",-0.3524193425,"0.75"
"SE3",0.7997776307,"0.75"
"SE3",-1.1903807777,"0.75"
"SE3",1.2885884679,"0.75"
"SE3",-0.5619097013,"0.75"
"SE3",0.572829742,"0.75"
"SE3",-0.3000467529,"0.75"
"SE3",-0.5793672312,"0.75"
"SE3",1.2013008184,"0.75"
"SE3",-1.0507205385,"0.75"
"SE3",1.8472294246,"0.75"
"SE3",0.4855420926,"0.75"
"SE3",-0.6841124106,"0.75"
"SE3",0.0141887853,"0.75"
"SE3",3.1914592267,"0.75"
"SE3",2.2138375524,"0.75"
"SE3",2.9470538082,"0.75"
"SE3",-0.4920795817,"0.75"
"SE3",0.7648625709,"0.75"
"SE3",-0.8412301797,"0.75"
"SE3",-1.2602108972,"0.75"
"SE3",-0.0032687446,"0.75"
"SE3",-2.1680024519,"0.75"
"SE3",1.2885884679,"0.75"
"SE3",0.0316463152,"0.75"
"SE3",1.271130938,"0.75"
"SE3",0.7124899812,"0.75"
"SE3",0.0840189049,"0.75"
"SE3",-0.7190274704,"0.75"
"SE3",-1.4173286663,"0.75"
"SE3",1.5329938864,"0.75"
"SE3",1.1663857586,"0.75"
"SE3",0.572829742,"0.75"
"SE3",1.271130938,"0.75"
"SE3",-0.4746220518,"0.75"
"SE3",-0.5968247611,"0.75"
"SE3",1.8472294246,"0.75"
"SE3",-0.2127591034,"0.75"
"SE3",0.6077448018,"0.75"
"SE3",-2.4647804602,"0.75"
"SE3",1.096555639,"0.75"
"SE3",0.3284243235,"0.75"
"SE3",0.2935092637,"0.75"
"SE3",-2.6393557592,"0.75"
"SE3",0.8346926905,"0.75"
"SE3",-1.7664792643,"0.75"
"SE3",-0.614282291,"0.75"
"SE3",1.3933336472,"0.75"
"SE3",1.2536734081,"0.75"
"SE3",0.5553722121,"0.75"
"SE3",2.2138375524,"0.75"
"SE3",0.5902872719,"0.75"
"SE3",-1.5046163158,"0.75"
"SE3",-0.282589223,"0.75"
"SE3",-1.2602108972,"0.75"
"SE3",1.271130938,"0.75"
