"","transmission","dispersal","nExtantDis","singleInf","doubleInf","nColonies","nPathogens","meanK","maxDistance","nEvents"
"1",0.1,1e-03,1,144.666666666667,0,10,2,9,100,8e+05
"2",0.2,1e-03,1,138.866666666667,0,10,2,9,100,8e+05
"3",0.3,1e-03,2,119.733333333333,8.26666666666667,10,2,9,100,8e+05
"4",0.4,1e-03,2,74.9,18.8333333333333,10,2,9,100,8e+05
"5",0.1,1e-03,1,137.766666666667,0,10,2,9,100,8e+05
"6",0.2,1e-03,1,150.766666666667,0,10,2,9,100,8e+05
"7",0.3,1e-03,2,126.066666666667,3.73333333333333,10,2,9,100,8e+05
"8",0.4,1e-03,2,96.8333333333333,10.4333333333333,10,2,9,100,8e+05
"9",0.1,1e-03,1,135.4,0,10,2,9,100,8e+05
"10",0.2,1e-03,2,142.466666666667,0,10,2,9,100,8e+05
"11",0.3,1e-03,2,125.433333333333,2.06666666666667,10,2,9,100,8e+05
"12",0.4,1e-03,2,116.4,8.66666666666667,10,2,9,100,8e+05
"13",0.1,1e-03,1,141.4,0,10,2,9,100,8e+05
"14",0.2,1e-03,1,136.633333333333,0,10,2,9,100,8e+05
"15",0.3,1e-03,2,121.1,5.03333333333333,10,2,9,100,8e+05
"16",0.4,1e-03,2,100.966666666667,11.7333333333333,10,2,9,100,8e+05
"17",0.1,1e-03,1,139.133333333333,0,10,2,9,100,8e+05
"18",0.2,1e-03,1,137.733333333333,0,10,2,9,100,8e+05
"19",0.3,1e-03,1,142.3,0,10,2,9,100,8e+05
"20",0.4,1e-03,2,122.066666666667,4.36666666666667,10,2,9,100,8e+05
"21",0.1,1e-03,1,143.3,0,10,2,9,100,8e+05
"22",0.2,1e-03,2,136.933333333333,2.26666666666667,10,2,9,100,8e+05
"23",0.3,1e-03,2,130.4,2.1,10,2,9,100,8e+05
"24",0.4,1e-03,2,122.733333333333,5.6,10,2,9,100,8e+05
"25",0.1,1e-03,1,143.9,0,10,2,9,100,8e+05
"26",0.2,1e-03,1,139,0,10,2,9,100,8e+05
"27",0.3,1e-03,2,96.4666666666667,12.5333333333333,10,2,9,100,8e+05
"28",0.4,1e-03,2,92.5333333333333,11.8333333333333,10,2,9,100,8e+05
"29",0.1,1e-03,1,144.566666666667,0,10,2,9,100,8e+05
"30",0.2,1e-03,1,138.4,0,10,2,9,100,8e+05
"31",0.3,1e-03,1,146.9,0,10,2,9,100,8e+05
"32",0.4,1e-03,2,87.8333333333333,14.3,10,2,9,100,8e+05
"33",0.1,1e-03,1,132.4,0,10,2,9,100,8e+05
"34",0.2,1e-03,2,143.4,1.6,10,2,9,100,8e+05
"35",0.3,1e-03,2,111.1,7.86666666666667,10,2,9,100,8e+05
"36",0.4,1e-03,2,130.933333333333,2.66666666666667,10,2,9,100,8e+05
"37",0.1,1e-03,1,139.433333333333,0,10,2,9,100,8e+05
"38",0.2,1e-03,1,147.733333333333,0,10,2,9,100,8e+05
"39",0.3,1e-03,2,132.533333333333,1.53333333333333,10,2,9,100,8e+05
"40",0.4,1e-03,2,107.6,7.96666666666667,10,2,9,100,8e+05
"41",0.1,1e-03,1,141.733333333333,0,10,2,9,100,8e+05
"42",0.2,1e-03,2,139.8,2.03333333333333,10,2,9,100,8e+05
"43",0.3,1e-03,2,129.466666666667,4.56666666666667,10,2,9,100,8e+05
"44",0.4,1e-03,2,119.866666666667,3.33333333333333,10,2,9,100,8e+05
"45",0.1,1e-03,1,137.466666666667,0,10,2,9,100,8e+05
"46",0.2,1e-03,2,140.166666666667,2.3,10,2,9,100,8e+05
"47",0.3,1e-03,2,69.7,16.7333333333333,10,2,9,100,8e+05
"48",0.4,1e-03,2,95.1666666666667,12.3666666666667,10,2,9,100,8e+05
"49",0.1,1e-03,1,141.7,0,10,2,9,100,8e+05
"50",0.2,1e-03,1,144.833333333333,0,10,2,9,100,8e+05
"51",0.3,1e-03,2,124.566666666667,3.9,10,2,9,100,8e+05
"52",0.4,1e-03,2,118.633333333333,4.03333333333333,10,2,9,100,8e+05
"53",0.1,1e-03,1,143.1,0,10,2,9,100,8e+05
"54",0.2,1e-03,1,144.7,0,10,2,9,100,8e+05
"55",0.3,1e-03,2,122.833333333333,5.03333333333333,10,2,9,100,8e+05
"56",0.4,1e-03,2,87.2,14.6333333333333,10,2,9,100,8e+05
"57",0.1,1e-03,1,133.433333333333,0,10,2,9,100,8e+05
"58",0.2,1e-03,2,126.633333333333,4.66666666666667,10,2,9,100,8e+05
"59",0.3,1e-03,1,137.266666666667,0,10,2,9,100,8e+05
"60",0.4,1e-03,2,94.1666666666667,12.0666666666667,10,2,9,100,8e+05
"61",0.1,1e-03,1,137.1,0,10,2,9,100,8e+05
"62",0.2,1e-03,2,134,3.6,10,2,9,100,8e+05
"63",0.3,1e-03,2,131.066666666667,3.13333333333333,10,2,9,100,8e+05
"64",0.4,1e-03,2,117.966666666667,7.66666666666667,10,2,9,100,8e+05
"65",0.1,1e-03,1,139.033333333333,0,10,2,9,100,8e+05
"66",0.2,1e-03,2,128.166666666667,2.33333333333333,10,2,9,100,8e+05
"67",0.3,1e-03,1,134.8,0,10,2,9,100,8e+05
"68",0.4,1e-03,2,136.166666666667,1.66666666666667,10,2,9,100,8e+05
"69",0.1,1e-03,1,142.1,0,10,2,9,100,8e+05
"70",0.2,1e-03,1,140.366666666667,0,10,2,9,100,8e+05
"71",0.3,1e-03,2,111.366666666667,7.8,10,2,9,100,8e+05
"72",0.4,1e-03,2,86.1,15.7333333333333,10,2,9,100,8e+05
"73",0.1,1e-03,1,134.033333333333,0,10,2,9,100,8e+05
"74",0.2,1e-03,1,142.966666666667,0,10,2,9,100,8e+05
"75",0.3,1e-03,2,123.8,3.1,10,2,9,100,8e+05
"76",0.4,1e-03,2,92.1333333333333,13.8666666666667,10,2,9,100,8e+05
"77",0.1,1e-03,1,136.9,0,10,2,9,100,8e+05
"78",0.2,1e-03,2,118.966666666667,4.93333333333333,10,2,9,100,8e+05
"79",0.3,1e-03,2,128.933333333333,5.3,10,2,9,100,8e+05
"80",0.4,1e-03,2,75.7,17.1,10,2,9,100,8e+05
"81",0.1,1e-03,1,143.666666666667,0,10,2,9,100,8e+05
"82",0.2,1e-03,1,149.1,0,10,2,9,100,8e+05
"83",0.3,1e-03,2,114.3,3.1,10,2,9,100,8e+05
"84",0.4,1e-03,2,110.766666666667,8.73333333333333,10,2,9,100,8e+05
"85",0.1,1e-03,1,137.1,0,10,2,9,100,8e+05
"86",0.2,1e-03,2,141.7,2.1,10,2,9,100,8e+05
"87",0.3,1e-03,2,130.9,2.03333333333333,10,2,9,100,8e+05
"88",0.4,1e-03,2,107.6,9,10,2,9,100,8e+05
"89",0.1,1e-03,1,138.2,0,10,2,9,100,8e+05
"90",0.2,1e-03,1,151.666666666667,0,10,2,9,100,8e+05
"91",0.3,1e-03,2,132.866666666667,2.06666666666667,10,2,9,100,8e+05
"92",0.4,1e-03,2,105.266666666667,9.23333333333333,10,2,9,100,8e+05
"93",0.1,1e-03,1,143.3,0,10,2,9,100,8e+05
"94",0.2,1e-03,1,141.2,0,10,2,9,100,8e+05
"95",0.3,1e-03,2,102.466666666667,14.5333333333333,10,2,9,100,8e+05
"96",0.4,1e-03,2,128.366666666667,5.53333333333333,10,2,9,100,8e+05
"97",0.1,1e-03,1,142.333333333333,0,10,2,9,100,8e+05
"98",0.2,1e-03,1,144.233333333333,0,10,2,9,100,8e+05
"99",0.3,1e-03,2,116.866666666667,7.03333333333333,10,2,9,100,8e+05
"100",0.4,1e-03,2,62.1,20.2,10,2,9,100,8e+05
"101",0.1,1e-03,1,144.033333333333,0,10,2,9,100,8e+05
"102",0.2,1e-03,1,144.1,0,10,2,9,100,8e+05
"103",0.3,1e-03,2,111.233333333333,9.13333333333333,10,2,9,100,8e+05
"104",0.4,1e-03,2,138.066666666667,2.53333333333333,10,2,9,100,8e+05
"105",0.1,1e-03,1,129.1,0,10,2,9,100,8e+05
"106",0.2,1e-03,1,145.133333333333,0,10,2,9,100,8e+05
"107",0.3,1e-03,2,105.566666666667,11.5333333333333,10,2,9,100,8e+05
"108",0.4,1e-03,2,87.1,13.7333333333333,10,2,9,100,8e+05
"109",0.1,1e-03,1,142.266666666667,0,10,2,9,100,8e+05
"110",0.2,1e-03,1,142.1,0,10,2,9,100,8e+05
"111",0.3,1e-03,2,131.8,2.6,10,2,9,100,8e+05
"112",0.4,1e-03,2,110.566666666667,9.4,10,2,9,100,8e+05
"113",0.1,1e-03,1,141.1,0,10,2,9,100,8e+05
"114",0.2,1e-03,1,143.733333333333,0,10,2,9,100,8e+05
"115",0.3,1e-03,2,120.633333333333,6.56666666666667,10,2,9,100,8e+05
"116",0.4,1e-03,2,106.933333333333,8.2,10,2,9,100,8e+05
"117",0.1,1e-03,1,144.1,0,10,2,9,100,8e+05
"118",0.2,1e-03,1,144.2,0,10,2,9,100,8e+05
"119",0.3,1e-03,2,138.333333333333,1.73333333333333,10,2,9,100,8e+05
"120",0.4,1e-03,2,89.7333333333333,15.5666666666667,10,2,9,100,8e+05
"121",0.1,1e-03,1,149.033333333333,0,10,2,9,100,8e+05
"122",0.2,1e-03,2,136.166666666667,1.6,10,2,9,100,8e+05
"123",0.3,1e-03,2,110.6,10.4333333333333,10,2,9,100,8e+05
"124",0.4,1e-03,2,132.5,2.36666666666667,10,2,9,100,8e+05
"125",0.1,1e-03,1,142.433333333333,0,10,2,9,100,8e+05
"126",0.2,1e-03,1,141.866666666667,0,10,2,9,100,8e+05
"127",0.3,1e-03,2,133.1,2.2,10,2,9,100,8e+05
"128",0.4,1e-03,2,102.6,11.0333333333333,10,2,9,100,8e+05
"129",0.1,1e-03,1,138.433333333333,0,10,2,9,100,8e+05
"130",0.2,1e-03,2,132.6,2.73333333333333,10,2,9,100,8e+05
"131",0.3,1e-03,2,123.9,3.56666666666667,10,2,9,100,8e+05
"132",0.4,1e-03,2,132.466666666667,3.36666666666667,10,2,9,100,8e+05
"133",0.1,1e-03,1,142.166666666667,0,10,2,9,100,8e+05
"134",0.2,1e-03,2,140.333333333333,2.23333333333333,10,2,9,100,8e+05
"135",0.3,1e-03,2,134.7,2.56666666666667,10,2,9,100,8e+05
"136",0.4,1e-03,2,118.3,5.96666666666667,10,2,9,100,8e+05
"137",0.1,1e-03,1,137.833333333333,0,10,2,9,100,8e+05
"138",0.2,1e-03,2,137.166666666667,1.93333333333333,10,2,9,100,8e+05
"139",0.3,1e-03,2,85.8,14.8333333333333,10,2,9,100,8e+05
"140",0.4,1e-03,2,96.0666666666667,14.1666666666667,10,2,9,100,8e+05
"141",0.1,1e-03,1,140.433333333333,0,10,2,9,100,8e+05
"142",0.2,1e-03,2,133.8,0.966666666666667,10,2,9,100,8e+05
"143",0.3,1e-03,2,102.866666666667,10.0333333333333,10,2,9,100,8e+05
"144",0.4,1e-03,2,99.5666666666667,9.53333333333333,10,2,9,100,8e+05
"145",0.1,1e-03,1,141.933333333333,0,10,2,9,100,8e+05
"146",0.2,1e-03,2,141.933333333333,0.433333333333333,10,2,9,100,8e+05
"147",0.3,1e-03,2,135.066666666667,2.16666666666667,10,2,9,100,8e+05
"148",0.4,1e-03,2,67.1,20.3,10,2,9,100,8e+05
"149",0.1,1e-03,1,136.366666666667,0,10,2,9,100,8e+05
"150",0.2,1e-03,1,142.566666666667,0,10,2,9,100,8e+05
"151",0.3,1e-03,2,122.3,5.36666666666667,10,2,9,100,8e+05
"152",0.4,1e-03,2,87.2,14.5666666666667,10,2,9,100,8e+05
"153",0.1,1e-03,1,141.333333333333,0,10,2,9,100,8e+05
"154",0.2,1e-03,1,136.8,0,10,2,9,100,8e+05
"155",0.3,1e-03,2,120.4,4.9,10,2,9,100,8e+05
"156",0.4,1e-03,2,119.433333333333,7.53333333333333,10,2,9,100,8e+05
"157",0.1,1e-03,1,141.2,0,10,2,9,100,8e+05
"158",0.2,1e-03,1,137.2,0,10,2,9,100,8e+05
"159",0.3,1e-03,1,145.6,0,10,2,9,100,8e+05
"160",0.4,1e-03,2,133.666666666667,1.73333333333333,10,2,9,100,8e+05
"161",0.1,1e-03,1,146.766666666667,0,10,2,9,100,8e+05
"162",0.2,1e-03,1,138.066666666667,0,10,2,9,100,8e+05
"163",0.3,1e-03,1,141.5,0,10,2,9,100,8e+05
"164",0.4,1e-03,2,132.266666666667,1.9,10,2,9,100,8e+05
"165",0.1,1e-03,1,138.966666666667,0,10,2,9,100,8e+05
"166",0.2,1e-03,1,142.566666666667,0,10,2,9,100,8e+05
"167",0.3,1e-03,2,131.033333333333,2.7,10,2,9,100,8e+05
"168",0.4,1e-03,2,127.866666666667,1.7,10,2,9,100,8e+05
"169",0.1,1e-03,1,146.066666666667,0,10,2,9,100,8e+05
"170",0.2,1e-03,2,137.966666666667,2.13333333333333,10,2,9,100,8e+05
"171",0.3,1e-03,2,133.933333333333,1.96666666666667,10,2,9,100,8e+05
"172",0.4,1e-03,2,128.7,2.3,10,2,9,100,8e+05
"173",0.1,1e-03,1,137.233333333333,0,10,2,9,100,8e+05
"174",0.2,1e-03,1,138.466666666667,0,10,2,9,100,8e+05
"175",0.3,1e-03,1,143.3,0,10,2,9,100,8e+05
"176",0.4,1e-03,2,117.266666666667,7.36666666666667,10,2,9,100,8e+05
"177",0.1,1e-03,1,138.333333333333,0,10,2,9,100,8e+05
"178",0.2,1e-03,1,143.4,0,10,2,9,100,8e+05
"179",0.3,1e-03,2,114.933333333333,4.63333333333333,10,2,9,100,8e+05
"180",0.4,1e-03,2,88.6333333333333,11.5333333333333,10,2,9,100,8e+05
"181",0.1,1e-03,1,144.733333333333,0,10,2,9,100,8e+05
"182",0.2,1e-03,1,143.466666666667,0,10,2,9,100,8e+05
"183",0.3,1e-03,2,129.3,2.86666666666667,10,2,9,100,8e+05
"184",0.4,1e-03,2,122.4,5.53333333333333,10,2,9,100,8e+05
"185",0.1,1e-03,1,131.833333333333,0,10,2,9,100,8e+05
"186",0.2,1e-03,1,143.7,0,10,2,9,100,8e+05
"187",0.3,1e-03,2,125.8,3.23333333333333,10,2,9,100,8e+05
"188",0.4,1e-03,1,144.933333333333,0,10,2,9,100,8e+05
"189",0.1,1e-03,1,139.733333333333,0,10,2,9,100,8e+05
"190",0.2,1e-03,1,143,0,10,2,9,100,8e+05
"191",0.3,1e-03,2,94.2,10.2666666666667,10,2,9,100,8e+05
"192",0.4,1e-03,2,133.866666666667,1.93333333333333,10,2,9,100,8e+05
"193",0.1,1e-03,1,143.066666666667,0,10,2,9,100,8e+05
"194",0.2,1e-03,1,148,0,10,2,9,100,8e+05
"195",0.3,1e-03,2,122.1,2.16666666666667,10,2,9,100,8e+05
"196",0.4,1e-03,2,77.6,15.2,10,2,9,100,8e+05
"197",0.1,1e-03,1,141.8,0,10,2,9,100,8e+05
"198",0.2,1e-03,1,143.333333333333,0,10,2,9,100,8e+05
"199",0.3,1e-03,2,135.866666666667,2.76666666666667,10,2,9,100,8e+05
"200",0.4,1e-03,2,104.6,8.36666666666667,10,2,9,100,8e+05
"201",0.1,1e-03,1,146.6,0,10,2,9,100,8e+05
"202",0.2,1e-03,2,132.733333333333,0.933333333333333,10,2,9,100,8e+05
"203",0.3,1e-03,2,116.033333333333,6.63333333333333,10,2,9,100,8e+05
"204",0.4,1e-03,2,114.2,11.9666666666667,10,2,9,100,8e+05
"205",0.1,1e-03,1,143.9,0,10,2,9,100,8e+05
"206",0.2,1e-03,2,135.6,3.93333333333333,10,2,9,100,8e+05
"207",0.3,1e-03,2,104.233333333333,10.3666666666667,10,2,9,100,8e+05
"208",0.4,1e-03,2,50.3666666666667,25.3,10,2,9,100,8e+05
"209",0.1,1e-03,1,137.5,0,10,2,9,100,8e+05
"210",0.2,1e-03,2,134.366666666667,1.8,10,2,9,100,8e+05
"211",0.3,1e-03,2,123.6,4.3,10,2,9,100,8e+05
"212",0.4,1e-03,2,111.066666666667,7.76666666666667,10,2,9,100,8e+05
"213",0.1,1e-03,1,143.033333333333,0,10,2,9,100,8e+05
"214",0.2,1e-03,1,140.033333333333,0,10,2,9,100,8e+05
"215",0.3,1e-03,2,111.1,7.76666666666667,10,2,9,100,8e+05
"216",0.4,1e-03,2,116,6.76666666666667,10,2,9,100,8e+05
"217",0.1,1e-03,1,135.133333333333,0,10,2,9,100,8e+05
"218",0.2,1e-03,1,150.733333333333,0,10,2,9,100,8e+05
"219",0.3,1e-03,2,136.133333333333,2.43333333333333,10,2,9,100,8e+05
"220",0.4,1e-03,2,108.766666666667,9.6,10,2,9,100,8e+05
"221",0.1,1e-03,1,147.033333333333,0,10,2,9,100,8e+05
"222",0.2,1e-03,1,136.6,0,10,2,9,100,8e+05
"223",0.3,1e-03,2,120.533333333333,3.66666666666667,10,2,9,100,8e+05
"224",0.4,1e-03,1,144.533333333333,0,10,2,9,100,8e+05
"225",0.1,1e-03,1,142.933333333333,0,10,2,9,100,8e+05
"226",0.2,1e-03,1,144.666666666667,0,10,2,9,100,8e+05
"227",0.3,1e-03,1,154.833333333333,0,10,2,9,100,8e+05
"228",0.4,1e-03,2,75,17.0333333333333,10,2,9,100,8e+05
"229",0.1,1e-03,1,142.166666666667,0,10,2,9,100,8e+05
"230",0.2,1e-03,1,143.3,0,10,2,9,100,8e+05
"231",0.3,1e-03,2,97.4333333333333,13,10,2,9,100,8e+05
"232",0.4,1e-03,2,120.766666666667,7.63333333333333,10,2,9,100,8e+05
"233",0.1,1e-03,1,138.2,0,10,2,9,100,8e+05
"234",0.2,1e-03,1,140.033333333333,0,10,2,9,100,8e+05
"235",0.3,1e-03,2,133.466666666667,2.3,10,2,9,100,8e+05
"236",0.4,1e-03,2,130.8,6.03333333333333,10,2,9,100,8e+05
"237",0.1,1e-03,1,136.833333333333,0,10,2,9,100,8e+05
"238",0.2,1e-03,2,143.9,0.333333333333333,10,2,9,100,8e+05
"239",0.3,1e-03,2,98.6333333333333,8.06666666666667,10,2,9,100,8e+05
"240",0.4,1e-03,2,58.6333333333333,22.0333333333333,10,2,9,100,8e+05
"241",0.1,1e-03,1,141.3,0,10,2,9,100,8e+05
"242",0.2,1e-03,2,130.133333333333,3.83333333333333,10,2,9,100,8e+05
"243",0.3,1e-03,2,114.566666666667,9.1,10,2,9,100,8e+05
"244",0.4,1e-03,1,139.733333333333,0,10,2,9,100,8e+05
"245",0.1,1e-03,1,142.233333333333,0,10,2,9,100,8e+05
"246",0.2,1e-03,2,129.5,2.5,10,2,9,100,8e+05
"247",0.3,1e-03,2,100.333333333333,12.4666666666667,10,2,9,100,8e+05
"248",0.4,1e-03,2,86.3333333333333,13.3,10,2,9,100,8e+05
"249",0.1,1e-03,1,145.1,0,10,2,9,100,8e+05
"250",0.2,1e-03,2,147.5,0.3,10,2,9,100,8e+05
"251",0.3,1e-03,2,135.433333333333,2.03333333333333,10,2,9,100,8e+05
"252",0.4,1e-03,2,105.3,11.7,10,2,9,100,8e+05
"253",0.1,1e-03,1,137.766666666667,0,10,2,9,100,8e+05
"254",0.2,1e-03,1,146.433333333333,0,10,2,9,100,8e+05
"255",0.3,1e-03,2,110.4,7.9,10,2,9,100,8e+05
"256",0.4,1e-03,2,127.666666666667,5.7,10,2,9,100,8e+05
"257",0.1,1e-03,1,142.133333333333,0,10,2,9,100,8e+05
"258",0.2,1e-03,1,141.966666666667,0,10,2,9,100,8e+05
"259",0.3,1e-03,2,128.566666666667,4.26666666666667,10,2,9,100,8e+05
"260",0.4,1e-03,2,98.2333333333333,12.7,10,2,9,100,8e+05
"261",0.1,1e-03,1,142.566666666667,0,10,2,9,100,8e+05
"262",0.2,1e-03,1,138.433333333333,0,10,2,9,100,8e+05
"263",0.3,1e-03,2,125.5,5.2,10,2,9,100,8e+05
"264",0.4,1e-03,2,114.133333333333,6.46666666666667,10,2,9,100,8e+05
"265",0.1,1e-03,1,141,0,10,2,9,100,8e+05
"266",0.2,1e-03,1,137.1,0,10,2,9,100,8e+05
"267",0.3,1e-03,2,119.733333333333,6.8,10,2,9,100,8e+05
"268",0.4,1e-03,2,120.6,4.6,10,2,9,100,8e+05
"269",0.1,1e-03,1,140.5,0,10,2,9,100,8e+05
"270",0.2,1e-03,1,132.266666666667,0,10,2,9,100,8e+05
"271",0.3,1e-03,2,113.566666666667,6.16666666666667,10,2,9,100,8e+05
"272",0.4,1e-03,2,128.133333333333,2.06666666666667,10,2,9,100,8e+05
"273",0.1,1e-03,1,143.033333333333,0,10,2,9,100,8e+05
"274",0.2,1e-03,2,137.266666666667,1.6,10,2,9,100,8e+05
"275",0.3,1e-03,2,138.7,2.36666666666667,10,2,9,100,8e+05
"276",0.4,1e-03,2,108.333333333333,10.5666666666667,10,2,9,100,8e+05
"277",0.1,1e-03,2,139.4,0,10,2,9,100,8e+05
"278",0.2,1e-03,2,133.8,1.93333333333333,10,2,9,100,8e+05
"279",0.3,1e-03,2,132.9,3,10,2,9,100,8e+05
"280",0.4,1e-03,2,96.1333333333333,13.7,10,2,9,100,8e+05
"281",0.1,1e-03,1,137.433333333333,0,10,2,9,100,8e+05
"282",0.2,1e-03,1,140.7,0,10,2,9,100,8e+05
"283",0.3,1e-03,2,128.833333333333,3,10,2,9,100,8e+05
"284",0.4,1e-03,2,116.733333333333,4.86666666666667,10,2,9,100,8e+05
"285",0.1,1e-03,1,148.7,0,10,2,9,100,8e+05
"286",0.2,1e-03,1,139.7,0,10,2,9,100,8e+05
"287",0.3,1e-03,2,141.633333333333,1.46666666666667,10,2,9,100,8e+05
"288",0.4,1e-03,2,66.1,20.3666666666667,10,2,9,100,8e+05
"289",0.1,1e-03,1,148.466666666667,0,10,2,9,100,8e+05
"290",0.2,1e-03,2,139.233333333333,1.7,10,2,9,100,8e+05
"291",0.3,1e-03,2,123.7,4.26666666666667,10,2,9,100,8e+05
"292",0.4,1e-03,2,121.066666666667,7.33333333333333,10,2,9,100,8e+05
"293",0.1,1e-03,1,142.766666666667,0,10,2,9,100,8e+05
"294",0.2,1e-03,1,138.8,0,10,2,9,100,8e+05
"295",0.3,1e-03,2,133.333333333333,1.8,10,2,9,100,8e+05
"296",0.4,1e-03,2,108,9.36666666666667,10,2,9,100,8e+05
"297",0.1,1e-03,1,146.033333333333,0,10,2,9,100,8e+05
"298",0.2,1e-03,1,137.5,0,10,2,9,100,8e+05
"299",0.3,1e-03,2,123.4,3.23333333333333,10,2,9,100,8e+05
"300",0.4,1e-03,2,126.733333333333,4.9,10,2,9,100,8e+05
"301",0.1,1e-03,1,143.6,0,10,2,9,100,8e+05
"302",0.2,1e-03,2,144.466666666667,0,10,2,9,100,8e+05
"303",0.3,1e-03,1,139.3,0,10,2,9,100,8e+05
"304",0.4,1e-03,2,76.9666666666667,20.4333333333333,10,2,9,100,8e+05
"305",0.1,1e-03,1,135.133333333333,0,10,2,9,100,8e+05
"306",0.2,1e-03,1,148.7,0,10,2,9,100,8e+05
"307",0.3,1e-03,2,120.3,6.26666666666667,10,2,9,100,8e+05
"308",0.4,1e-03,2,120.033333333333,4,10,2,9,100,8e+05
"309",0.1,1e-03,1,136.766666666667,0,10,2,9,100,8e+05
"310",0.2,1e-03,2,131.133333333333,2.86666666666667,10,2,9,100,8e+05
"311",0.3,1e-03,2,99.8666666666667,10.6,10,2,9,100,8e+05
"312",0.4,1e-03,2,136.733333333333,2.66666666666667,10,2,9,100,8e+05
"313",0.1,1e-03,1,135.633333333333,0,10,2,9,100,8e+05
"314",0.2,1e-03,1,147.6,0,10,2,9,100,8e+05
"315",0.3,1e-03,2,120.233333333333,5.26666666666667,10,2,9,100,8e+05
"316",0.4,1e-03,2,115.733333333333,8.23333333333333,10,2,9,100,8e+05
"317",0.1,1e-03,1,139.3,0,10,2,9,100,8e+05
"318",0.2,1e-03,1,147.433333333333,0,10,2,9,100,8e+05
"319",0.3,1e-03,2,133.766666666667,1.8,10,2,9,100,8e+05
"320",0.4,1e-03,2,137.8,2.13333333333333,10,2,9,100,8e+05
"321",0.1,1e-03,1,141.1,0,10,2,9,100,8e+05
"322",0.2,1e-03,2,128.2,4.8,10,2,9,100,8e+05
"323",0.3,1e-03,2,107.066666666667,7.03333333333333,10,2,9,100,8e+05
"324",0.4,1e-03,1,146.933333333333,0,10,2,9,100,8e+05
"325",0.1,1e-03,1,144.266666666667,0,10,2,9,100,8e+05
"326",0.2,1e-03,1,138.566666666667,0,10,2,9,100,8e+05
"327",0.3,1e-03,2,123.7,5.2,10,2,9,100,8e+05
"328",0.4,1e-03,2,78.5,15.2666666666667,10,2,9,100,8e+05
"329",0.1,1e-03,1,142.266666666667,0,10,2,9,100,8e+05
"330",0.2,1e-03,2,139.033333333333,2.43333333333333,10,2,9,100,8e+05
"331",0.3,1e-03,2,118.766666666667,6.53333333333333,10,2,9,100,8e+05
"332",0.4,1e-03,2,121.4,6.46666666666667,10,2,9,100,8e+05
"333",0.1,1e-03,1,135.133333333333,0,10,2,9,100,8e+05
"334",0.2,1e-03,2,145.666666666667,0,10,2,9,100,8e+05
"335",0.3,1e-03,2,115.766666666667,7.13333333333333,10,2,9,100,8e+05
"336",0.4,1e-03,2,83.1333333333333,16.2,10,2,9,100,8e+05
"337",0.1,1e-03,1,146.566666666667,0,10,2,9,100,8e+05
"338",0.2,1e-03,2,130.8,1.03333333333333,10,2,9,100,8e+05
"339",0.3,1e-03,2,109.2,8.33333333333333,10,2,9,100,8e+05
"340",0.4,1e-03,2,106.166666666667,10.9333333333333,10,2,9,100,8e+05
"341",0.1,1e-03,1,145.066666666667,0,10,2,9,100,8e+05
"342",0.2,1e-03,2,139.733333333333,1.53333333333333,10,2,9,100,8e+05
"343",0.3,1e-03,2,122.8,3.83333333333333,10,2,9,100,8e+05
"344",0.4,1e-03,2,129.633333333333,1.93333333333333,10,2,9,100,8e+05
"345",0.1,1e-03,1,138.433333333333,0,10,2,9,100,8e+05
"346",0.2,1e-03,1,147.066666666667,0,10,2,9,100,8e+05
"347",0.3,1e-03,1,147.133333333333,0,10,2,9,100,8e+05
"348",0.4,1e-03,2,87.6666666666667,14.8,10,2,9,100,8e+05
"349",0.1,1e-03,1,140.8,0,10,2,9,100,8e+05
"350",0.2,1e-03,1,146.9,0,10,2,9,100,8e+05
"351",0.3,1e-03,2,101.333333333333,9.53333333333333,10,2,9,100,8e+05
"352",0.4,1e-03,2,90.0666666666667,14.8666666666667,10,2,9,100,8e+05
"353",0.1,1e-03,1,139.633333333333,0,10,2,9,100,8e+05
"354",0.2,1e-03,1,146.3,0,10,2,9,100,8e+05
"355",0.3,1e-03,2,120.8,5.03333333333333,10,2,9,100,8e+05
"356",0.4,1e-03,2,98.6,11.1333333333333,10,2,9,100,8e+05
"357",0.1,1e-03,1,148.233333333333,0,10,2,9,100,8e+05
"358",0.2,1e-03,2,135.1,1.7,10,2,9,100,8e+05
"359",0.3,1e-03,2,124.866666666667,4.86666666666667,10,2,9,100,8e+05
"360",0.4,1e-03,2,123.366666666667,5.9,10,2,9,100,8e+05
"361",0.1,1e-03,1,152.4,0,10,2,9,100,8e+05
"362",0.2,1e-03,1,141.1,0,10,2,9,100,8e+05
"363",0.3,1e-03,1,136.733333333333,0,10,2,9,100,8e+05
"364",0.4,1e-03,2,108.166666666667,8.46666666666667,10,2,9,100,8e+05
"365",0.1,1e-03,1,145.233333333333,0,10,2,9,100,8e+05
"366",0.2,1e-03,1,131.666666666667,0,10,2,9,100,8e+05
"367",0.3,1e-03,2,128.633333333333,4.43333333333333,10,2,9,100,8e+05
"368",0.4,1e-03,2,125.4,2.76666666666667,10,2,9,100,8e+05
"369",0.1,1e-03,1,138.366666666667,0,10,2,9,100,8e+05
"370",0.2,1e-03,2,143.066666666667,0.766666666666667,10,2,9,100,8e+05
"371",0.3,1e-03,2,109.166666666667,9.83333333333333,10,2,9,100,8e+05
"372",0.4,1e-03,2,129.766666666667,2.76666666666667,10,2,9,100,8e+05
"373",0.1,1e-03,1,143.066666666667,0,10,2,9,100,8e+05
"374",0.2,1e-03,2,136.766666666667,2.76666666666667,10,2,9,100,8e+05
"375",0.3,1e-03,2,112.1,6.86666666666667,10,2,9,100,8e+05
"376",0.4,1e-03,2,90.9666666666667,15.8333333333333,10,2,9,100,8e+05
"377",0.1,1e-03,1,144.633333333333,0,10,2,9,100,8e+05
"378",0.2,1e-03,1,146.6,0,10,2,9,100,8e+05
"379",0.3,1e-03,2,122.266666666667,5.63333333333333,10,2,9,100,8e+05
"380",0.4,1e-03,2,87.0333333333333,14.0666666666667,10,2,9,100,8e+05
"381",0.1,1e-03,1,140.466666666667,0,10,2,9,100,8e+05
"382",0.2,1e-03,1,149.266666666667,0,10,2,9,100,8e+05
"383",0.3,1e-03,2,146.133333333333,1.63333333333333,10,2,9,100,8e+05
"384",0.4,1e-03,2,122.233333333333,3.66666666666667,10,2,9,100,8e+05
"385",0.1,1e-03,1,138.266666666667,0,10,2,9,100,8e+05
"386",0.2,1e-03,2,135,2.16666666666667,10,2,9,100,8e+05
"387",0.3,1e-03,2,115.1,5.86666666666667,10,2,9,100,8e+05
"388",0.4,1e-03,2,76.6666666666667,16.7,10,2,9,100,8e+05
"389",0.1,1e-03,1,138.633333333333,0,10,2,9,100,8e+05
"390",0.2,1e-03,1,139.666666666667,0,10,2,9,100,8e+05
"391",0.3,1e-03,2,108.4,10.8,10,2,9,100,8e+05
"392",0.4,1e-03,2,77.9,16.3,10,2,9,100,8e+05
"393",0.1,1e-03,1,133.466666666667,0,10,2,9,100,8e+05
"394",0.2,1e-03,1,149.2,0,10,2,9,100,8e+05
"395",0.3,1e-03,2,87.2333333333333,13.2,10,2,9,100,8e+05
"396",0.4,1e-03,2,97.3,11.1,10,2,9,100,8e+05
"397",0.1,1e-03,1,138.666666666667,0,10,2,9,100,8e+05
"398",0.2,1e-03,1,147.666666666667,0,10,2,9,100,8e+05
"399",0.3,1e-03,2,96.6333333333333,13.8,10,2,9,100,8e+05
"400",0.4,1e-03,2,94.8666666666667,10.7333333333333,10,2,9,100,8e+05
"401",0.1,1e-03,1,149.5,0,10,2,9,100,8e+05
"402",0.2,0.01,1,139.333333333333,0,10,2,9,100,8e+05
"403",0.3,0.01,2,56.4333333333333,21.4333333333333,10,2,9,100,8e+05
"404",0.4,0.01,2,53.6666666666667,23.1333333333333,10,2,9,100,8e+05
"405",0.1,0.01,1,136.633333333333,0,10,2,9,100,8e+05
"406",0.2,0.01,1,141.1,0,10,2,9,100,8e+05
"407",0.3,0.01,1,147.8,0,10,2,9,100,8e+05
"408",0.4,0.01,2,52.3333333333333,24,10,2,9,100,8e+05
"409",0.1,0.01,1,143.066666666667,0,10,2,9,100,8e+05
"410",0.2,0.01,2,102.533333333333,9.8,10,2,9,100,8e+05
"411",0.3,0.01,2,60.0333333333333,21.7333333333333,10,2,9,100,8e+05
"412",0.4,0.01,2,48.5,23.1,10,2,9,100,8e+05
"413",0.1,0.01,1,150.4,0,10,2,9,100,8e+05
"414",0.2,0.01,1,146,0,10,2,9,100,8e+05
"415",0.3,0.01,1,136.633333333333,0,10,2,9,100,8e+05
"416",0.4,0.01,1,150.033333333333,0,10,2,9,100,8e+05
"417",0.1,0.01,1,140.2,0,10,2,9,100,8e+05
"418",0.2,0.01,1,148.6,0,10,2,9,100,8e+05
"419",0.3,0.01,2,60.9333333333333,20.5666666666667,10,2,9,100,8e+05
"420",0.4,0.01,2,51.4,26.2,10,2,9,100,8e+05
"421",0.1,0.01,1,136.633333333333,0,10,2,9,100,8e+05
"422",0.2,0.01,1,141.7,0,10,2,9,100,8e+05
"423",0.3,0.01,2,61.1,21.2,10,2,9,100,8e+05
"424",0.4,0.01,2,50.6666666666667,23.5666666666667,10,2,9,100,8e+05
"425",0.1,0.01,1,134.933333333333,0,10,2,9,100,8e+05
"426",0.2,0.01,1,148.566666666667,0,10,2,9,100,8e+05
"427",0.3,0.01,2,58.3666666666667,18.9,10,2,9,100,8e+05
"428",0.4,0.01,2,49.5,25.8333333333333,10,2,9,100,8e+05
"429",0.1,0.01,1,137.9,0,10,2,9,100,8e+05
"430",0.2,0.01,2,114.033333333333,7.73333333333333,10,2,9,100,8e+05
"431",0.3,0.01,2,61.7333333333333,21.2333333333333,10,2,9,100,8e+05
"432",0.4,0.01,2,55.7333333333333,18.9666666666667,10,2,9,100,8e+05
"433",0.1,0.01,1,141.433333333333,0,10,2,9,100,8e+05
"434",0.2,0.01,1,146,0,10,2,9,100,8e+05
"435",0.3,0.01,2,60.3666666666667,19.7333333333333,10,2,9,100,8e+05
"436",0.4,0.01,2,52.4666666666667,24.1,10,2,9,100,8e+05
"437",0.1,0.01,1,139.366666666667,0,10,2,9,100,8e+05
"438",0.2,0.01,1,148.333333333333,0,10,2,9,100,8e+05
"439",0.3,0.01,2,62.9666666666667,20.1666666666667,10,2,9,100,8e+05
"440",0.4,0.01,2,51.8666666666667,25.4666666666667,10,2,9,100,8e+05
"441",0.1,0.01,1,146,0,10,2,9,100,8e+05
"442",0.2,0.01,2,108.5,9.9,10,2,9,100,8e+05
"443",0.3,0.01,2,58.4666666666667,21.8666666666667,10,2,9,100,8e+05
"444",0.4,0.01,2,49.2333333333333,25.8333333333333,10,2,9,100,8e+05
"445",0.1,0.01,1,138.7,0,10,2,9,100,8e+05
"446",0.2,0.01,1,146.2,0,10,2,9,100,8e+05
"447",0.3,0.01,2,63.2666666666667,18.1,10,2,9,100,8e+05
"448",0.4,0.01,2,53.9666666666667,23.4666666666667,10,2,9,100,8e+05
"449",0.1,0.01,1,142.7,0,10,2,9,100,8e+05
"450",0.2,0.01,1,139.966666666667,0,10,2,9,100,8e+05
"451",0.3,0.01,2,64.4333333333333,21.4,10,2,9,100,8e+05
"452",0.4,0.01,2,50.3333333333333,20.5333333333333,10,2,9,100,8e+05
"453",0.1,0.01,1,144.3,0,10,2,9,100,8e+05
"454",0.2,0.01,1,147.066666666667,0,10,2,9,100,8e+05
"455",0.3,0.01,2,58.4666666666667,24.1333333333333,10,2,9,100,8e+05
"456",0.4,0.01,2,51.5,22.5666666666667,10,2,9,100,8e+05
"457",0.1,0.01,1,151.633333333333,0,10,2,9,100,8e+05
"458",0.2,0.01,2,127.666666666667,2.03333333333333,10,2,9,100,8e+05
"459",0.3,0.01,2,64.7666666666667,19.0666666666667,10,2,9,100,8e+05
"460",0.4,0.01,2,49.8333333333333,24.6333333333333,10,2,9,100,8e+05
"461",0.1,0.01,1,140.266666666667,0,10,2,9,100,8e+05
"462",0.2,0.01,1,147.6,0,10,2,9,100,8e+05
"463",0.3,0.01,2,67.3333333333333,19.2666666666667,10,2,9,100,8e+05
"464",0.4,0.01,2,52.1,22.7333333333333,10,2,9,100,8e+05
"465",0.1,0.01,1,150,0,10,2,9,100,8e+05
"466",0.2,0.01,2,125.266666666667,5.86666666666667,10,2,9,100,8e+05
"467",0.3,0.01,2,61.9333333333333,23,10,2,9,100,8e+05
"468",0.4,0.01,2,50.3333333333333,20.5666666666667,10,2,9,100,8e+05
"469",0.1,0.01,1,144.966666666667,0,10,2,9,100,8e+05
"470",0.2,0.01,1,138.333333333333,0,10,2,9,100,8e+05
"471",0.3,0.01,2,60.4666666666667,23.4,10,2,9,100,8e+05
"472",0.4,0.01,2,54.6666666666667,21.8333333333333,10,2,9,100,8e+05
"473",0.1,0.01,1,143.666666666667,0,10,2,9,100,8e+05
"474",0.2,0.01,1,141.7,0,10,2,9,100,8e+05
"475",0.3,0.01,2,64.2333333333333,21.1,10,2,9,100,8e+05
"476",0.4,0.01,2,51.1,23.5666666666667,10,2,9,100,8e+05
"477",0.1,0.01,1,141.1,0,10,2,9,100,8e+05
"478",0.2,0.01,1,150.2,0,10,2,9,100,8e+05
"479",0.3,0.01,2,60.8333333333333,21.5666666666667,10,2,9,100,8e+05
"480",0.4,0.01,2,46.5333333333333,24.7666666666667,10,2,9,100,8e+05
"481",0.1,0.01,1,149.5,0,10,2,9,100,8e+05
"482",0.2,0.01,2,113.7,5.03333333333333,10,2,9,100,8e+05
"483",0.3,0.01,2,62.6333333333333,25.7666666666667,10,2,9,100,8e+05
"484",0.4,0.01,2,58.5333333333333,20.9,10,2,9,100,8e+05
"485",0.1,0.01,1,140.1,0,10,2,9,100,8e+05
"486",0.2,0.01,1,140.033333333333,0,10,2,9,100,8e+05
"487",0.3,0.01,2,64.5333333333333,21.3333333333333,10,2,9,100,8e+05
"488",0.4,0.01,2,49.9333333333333,24.2666666666667,10,2,9,100,8e+05
"489",0.1,0.01,1,144,0,10,2,9,100,8e+05
"490",0.2,0.01,1,147.066666666667,0,10,2,9,100,8e+05
"491",0.3,0.01,2,59.0333333333333,21.1333333333333,10,2,9,100,8e+05
"492",0.4,0.01,2,52.2,25.8666666666667,10,2,9,100,8e+05
"493",0.1,0.01,1,135.533333333333,0,10,2,9,100,8e+05
"494",0.2,0.01,1,148.533333333333,0,10,2,9,100,8e+05
"495",0.3,0.01,2,62.6333333333333,20.6666666666667,10,2,9,100,8e+05
"496",0.4,0.01,2,50.6,22.7333333333333,10,2,9,100,8e+05
"497",0.1,0.01,1,144.866666666667,0,10,2,9,100,8e+05
"498",0.2,0.01,1,141.566666666667,0,10,2,9,100,8e+05
"499",0.3,0.01,1,140.4,0,10,2,9,100,8e+05
"500",0.4,0.01,2,54.5,22.2666666666667,10,2,9,100,8e+05
"501",0.1,0.01,1,143.566666666667,0,10,2,9,100,8e+05
"502",0.2,0.01,2,81.5333333333333,12.9666666666667,10,2,9,100,8e+05
"503",0.3,0.01,2,61.2333333333333,20.8,10,2,9,100,8e+05
"504",0.4,0.01,2,52.6666666666667,21.6,10,2,9,100,8e+05
"505",0.1,0.01,1,139.1,0,10,2,9,100,8e+05
"506",0.2,0.01,2,103.1,10.1,10,2,9,100,8e+05
"507",0.3,0.01,2,59.6333333333333,21.9,10,2,9,100,8e+05
"508",0.4,0.01,2,53.3333333333333,23.8,10,2,9,100,8e+05
"509",0.1,0.01,1,141.666666666667,0,10,2,9,100,8e+05
"510",0.2,0.01,1,141.833333333333,0,10,2,9,100,8e+05
"511",0.3,0.01,2,86.2666666666667,13.5,10,2,9,100,8e+05
"512",0.4,0.01,2,51.9666666666667,23.9,10,2,9,100,8e+05
"513",0.1,0.01,1,143.8,0,10,2,9,100,8e+05
"514",0.2,0.01,1,132.2,0,10,2,9,100,8e+05
"515",0.3,0.01,2,65.2,19.6666666666667,10,2,9,100,8e+05
"516",0.4,0.01,2,52.0333333333333,23.5333333333333,10,2,9,100,8e+05
"517",0.1,0.01,1,140.433333333333,0,10,2,9,100,8e+05
"518",0.2,0.01,2,128.366666666667,5.6,10,2,9,100,8e+05
"519",0.3,0.01,2,62.4,19.8666666666667,10,2,9,100,8e+05
"520",0.4,0.01,2,53.2333333333333,24.1666666666667,10,2,9,100,8e+05
"521",0.1,0.01,1,136.933333333333,0,10,2,9,100,8e+05
"522",0.2,0.01,2,101.1,10.6333333333333,10,2,9,100,8e+05
"523",0.3,0.01,2,66,21.9666666666667,10,2,9,100,8e+05
"524",0.4,0.01,2,54.7,22.5333333333333,10,2,9,100,8e+05
"525",0.1,0.01,1,136.333333333333,0,10,2,9,100,8e+05
"526",0.2,0.01,1,143.666666666667,0,10,2,9,100,8e+05
"527",0.3,0.01,2,60.0666666666667,22.6,10,2,9,100,8e+05
"528",0.4,0.01,2,51.2,21.8,10,2,9,100,8e+05
"529",0.1,0.01,1,143.433333333333,0,10,2,9,100,8e+05
"530",0.2,0.01,1,142.433333333333,0,10,2,9,100,8e+05
"531",0.3,0.01,1,138.3,0,10,2,9,100,8e+05
"532",0.4,0.01,2,53.3,26.6333333333333,10,2,9,100,8e+05
"533",0.1,0.01,1,143.966666666667,0,10,2,9,100,8e+05
"534",0.2,0.01,2,98.4666666666667,11.9666666666667,10,2,9,100,8e+05
"535",0.3,0.01,2,61.2666666666667,22.2666666666667,10,2,9,100,8e+05
"536",0.4,0.01,2,47.9666666666667,23.2666666666667,10,2,9,100,8e+05
"537",0.1,0.01,1,145.433333333333,0,10,2,9,100,8e+05
"538",0.2,0.01,2,122.533333333333,5.53333333333333,10,2,9,100,8e+05
"539",0.3,0.01,2,64.8,20.3666666666667,10,2,9,100,8e+05
"540",0.4,0.01,2,52.6,21.4,10,2,9,100,8e+05
"541",0.1,0.01,1,138.233333333333,0,10,2,9,100,8e+05
"542",0.2,0.01,1,139.033333333333,0,10,2,9,100,8e+05
"543",0.3,0.01,2,61.7666666666667,21.2666666666667,10,2,9,100,8e+05
"544",0.4,0.01,2,49.7333333333333,26.2,10,2,9,100,8e+05
"545",0.1,0.01,1,151.133333333333,0,10,2,9,100,8e+05
"546",0.2,0.01,1,158.1,0,10,2,9,100,8e+05
"547",0.3,0.01,2,57.8,18.2333333333333,10,2,9,100,8e+05
"548",0.4,0.01,2,50.6,23.4666666666667,10,2,9,100,8e+05
"549",0.1,0.01,1,134.5,0,10,2,9,100,8e+05
"550",0.2,0.01,1,137.766666666667,0,10,2,9,100,8e+05
"551",0.3,0.01,2,62.7,20.2666666666667,10,2,9,100,8e+05
"552",0.4,0.01,2,52.8,25.3666666666667,10,2,9,100,8e+05
"553",0.1,0.01,1,136.3,0,10,2,9,100,8e+05
"554",0.2,0.01,1,132.2,0,10,2,9,100,8e+05
"555",0.3,0.01,2,61.7333333333333,20.1,10,2,9,100,8e+05
"556",0.4,0.01,2,51.2,23.0666666666667,10,2,9,100,8e+05
"557",0.1,0.01,1,141.1,0,10,2,9,100,8e+05
"558",0.2,0.01,2,80.5666666666667,18.9,10,2,9,100,8e+05
"559",0.3,0.01,2,61.5666666666667,22.4666666666667,10,2,9,100,8e+05
"560",0.4,0.01,2,52.8666666666667,21.2666666666667,10,2,9,100,8e+05
"561",0.1,0.01,1,137.166666666667,0,10,2,9,100,8e+05
"562",0.2,0.01,2,118,7.03333333333333,10,2,9,100,8e+05
"563",0.3,0.01,2,61.4333333333333,20.3666666666667,10,2,9,100,8e+05
"564",0.4,0.01,2,54.2333333333333,20.6,10,2,9,100,8e+05
"565",0.1,0.01,1,137.266666666667,0,10,2,9,100,8e+05
"566",0.2,0.01,1,146.8,0,10,2,9,100,8e+05
"567",0.3,0.01,2,64.3,21.9333333333333,10,2,9,100,8e+05
"568",0.4,0.01,2,51.1666666666667,25.8333333333333,10,2,9,100,8e+05
"569",0.1,0.01,1,140.5,0,10,2,9,100,8e+05
"570",0.2,0.01,1,151.133333333333,0,10,2,9,100,8e+05
"571",0.3,0.01,2,61.2333333333333,22.3333333333333,10,2,9,100,8e+05
"572",0.4,0.01,2,51.4333333333333,22.1,10,2,9,100,8e+05
"573",0.1,0.01,1,136.7,0,10,2,9,100,8e+05
"574",0.2,0.01,1,142.333333333333,0,10,2,9,100,8e+05
"575",0.3,0.01,2,61.8,21.2333333333333,10,2,9,100,8e+05
"576",0.4,0.01,2,51.2333333333333,20.3666666666667,10,2,9,100,8e+05
"577",0.1,0.01,1,138.933333333333,0,10,2,9,100,8e+05
"578",0.2,0.01,1,154.5,0,10,2,9,100,8e+05
"579",0.3,0.01,2,61.5,20.3666666666667,10,2,9,100,8e+05
"580",0.4,0.01,2,51.1666666666667,20,10,2,9,100,8e+05
"581",0.1,0.01,1,140.7,0,10,2,9,100,8e+05
"582",0.2,0.01,1,146.566666666667,0,10,2,9,100,8e+05
"583",0.3,0.01,2,60.5666666666667,22.2666666666667,10,2,9,100,8e+05
"584",0.4,0.01,2,48.6666666666667,23.1333333333333,10,2,9,100,8e+05
"585",0.1,0.01,1,135.866666666667,0,10,2,9,100,8e+05
"586",0.2,0.01,2,91.9666666666667,15.3666666666667,10,2,9,100,8e+05
"587",0.3,0.01,1,147.133333333333,0,10,2,9,100,8e+05
"588",0.4,0.01,2,53.3666666666667,25.4,10,2,9,100,8e+05
"589",0.1,0.01,1,140.133333333333,0,10,2,9,100,8e+05
"590",0.2,0.01,1,137,0,10,2,9,100,8e+05
"591",0.3,0.01,2,56.5666666666667,20.9333333333333,10,2,9,100,8e+05
"592",0.4,0.01,2,52.1,23.5333333333333,10,2,9,100,8e+05
"593",0.1,0.01,1,142.6,0,10,2,9,100,8e+05
"594",0.2,0.01,2,119.333333333333,6.23333333333333,10,2,9,100,8e+05
"595",0.3,0.01,2,63.1666666666667,20.8666666666667,10,2,9,100,8e+05
"596",0.4,0.01,2,48.6333333333333,27.1666666666667,10,2,9,100,8e+05
"597",0.1,0.01,1,139.366666666667,0,10,2,9,100,8e+05
"598",0.2,0.01,1,141.233333333333,0,10,2,9,100,8e+05
"599",0.3,0.01,2,65.7666666666667,19.6666666666667,10,2,9,100,8e+05
"600",0.4,0.01,2,54.7666666666667,24.7,10,2,9,100,8e+05
"601",0.1,0.01,1,135.666666666667,0,10,2,9,100,8e+05
"602",0.2,0.01,1,139.533333333333,0,10,2,9,100,8e+05
"603",0.3,0.01,2,69.4,17.5,10,2,9,100,8e+05
"604",0.4,0.01,2,54.1,26.3,10,2,9,100,8e+05
"605",0.1,0.01,1,138.066666666667,0,10,2,9,100,8e+05
"606",0.2,0.01,2,118.933333333333,5.9,10,2,9,100,8e+05
"607",0.3,0.01,1,145.6,0,10,2,9,100,8e+05
"608",0.4,0.01,2,46.9666666666667,22.9333333333333,10,2,9,100,8e+05
"609",0.1,0.01,1,143.966666666667,0,10,2,9,100,8e+05
"610",0.2,0.01,2,130.3,1.36666666666667,10,2,9,100,8e+05
"611",0.3,0.01,1,152.333333333333,0,10,2,9,100,8e+05
"612",0.4,0.01,2,53.6666666666667,24.9,10,2,9,100,8e+05
"613",0.1,0.01,1,142.433333333333,0,10,2,9,100,8e+05
"614",0.2,0.01,1,150.666666666667,0,10,2,9,100,8e+05
"615",0.3,0.01,2,59.0666666666667,19.9666666666667,10,2,9,100,8e+05
"616",0.4,0.01,2,55.4333333333333,22.5333333333333,10,2,9,100,8e+05
"617",0.1,0.01,1,137.433333333333,0,10,2,9,100,8e+05
"618",0.2,0.01,1,142.533333333333,0,10,2,9,100,8e+05
"619",0.3,0.01,2,58.0333333333333,22.6,10,2,9,100,8e+05
"620",0.4,0.01,2,54.1,21.5,10,2,9,100,8e+05
"621",0.1,0.01,1,141.933333333333,0,10,2,9,100,8e+05
"622",0.2,0.01,1,143.733333333333,0,10,2,9,100,8e+05
"623",0.3,0.01,2,63.1666666666667,20.5333333333333,10,2,9,100,8e+05
"624",0.4,0.01,2,51.1666666666667,26.2333333333333,10,2,9,100,8e+05
"625",0.1,0.01,1,137.3,0,10,2,9,100,8e+05
"626",0.2,0.01,2,139.766666666667,1.96666666666667,10,2,9,100,8e+05
"627",0.3,0.01,2,62.0333333333333,22.3,10,2,9,100,8e+05
"628",0.4,0.01,2,57.4333333333333,23.8,10,2,9,100,8e+05
"629",0.1,0.01,1,138.333333333333,0,10,2,9,100,8e+05
"630",0.2,0.01,1,142.8,0,10,2,9,100,8e+05
"631",0.3,0.01,2,58.5666666666667,18.5,10,2,9,100,8e+05
"632",0.4,0.01,2,54.4333333333333,20.7666666666667,10,2,9,100,8e+05
"633",0.1,0.01,1,140.166666666667,0,10,2,9,100,8e+05
"634",0.2,0.01,1,142.133333333333,0,10,2,9,100,8e+05
"635",0.3,0.01,2,61.4666666666667,20.9,10,2,9,100,8e+05
"636",0.4,0.01,2,50.8,26.2,10,2,9,100,8e+05
"637",0.1,0.01,1,143,0,10,2,9,100,8e+05
"638",0.2,0.01,2,142,1.1,10,2,9,100,8e+05
"639",0.3,0.01,2,61.8,20.4,10,2,9,100,8e+05
"640",0.4,0.01,2,48.6,25.1666666666667,10,2,9,100,8e+05
"641",0.1,0.01,1,148.833333333333,0,10,2,9,100,8e+05
"642",0.2,0.01,2,128.1,1.26666666666667,10,2,9,100,8e+05
"643",0.3,0.01,2,55.3666666666667,22.7333333333333,10,2,9,100,8e+05
"644",0.4,0.01,2,49.8333333333333,23.7,10,2,9,100,8e+05
"645",0.1,0.01,1,140.766666666667,0,10,2,9,100,8e+05
"646",0.2,0.01,1,139.766666666667,0,10,2,9,100,8e+05
"647",0.3,0.01,2,62.9333333333333,21.2333333333333,10,2,9,100,8e+05
"648",0.4,0.01,2,49.6333333333333,24.9,10,2,9,100,8e+05
"649",0.1,0.01,1,144.733333333333,0,10,2,9,100,8e+05
"650",0.2,0.01,1,142.133333333333,0,10,2,9,100,8e+05
"651",0.3,0.01,2,58.4666666666667,22.4666666666667,10,2,9,100,8e+05
"652",0.4,0.01,2,54.1,22.9,10,2,9,100,8e+05
"653",0.1,0.01,1,139.866666666667,0,10,2,9,100,8e+05
"654",0.2,0.01,2,145.2,0.7,10,2,9,100,8e+05
"655",0.3,0.01,2,64.0333333333333,20.4333333333333,10,2,9,100,8e+05
"656",0.4,0.01,2,49.7666666666667,21.9,10,2,9,100,8e+05
"657",0.1,0.01,1,142.266666666667,0,10,2,9,100,8e+05
"658",0.2,0.01,1,140.633333333333,0,10,2,9,100,8e+05
"659",0.3,0.01,2,63.2666666666667,21.8666666666667,10,2,9,100,8e+05
"660",0.4,0.01,2,53.4333333333333,25.8333333333333,10,2,9,100,8e+05
"661",0.1,0.01,1,143.933333333333,0,10,2,9,100,8e+05
"662",0.2,0.01,1,136.5,0,10,2,9,100,8e+05
"663",0.3,0.01,2,59.5,22.6333333333333,10,2,9,100,8e+05
"664",0.4,0.01,2,55.6333333333333,17.9333333333333,10,2,9,100,8e+05
"665",0.1,0.01,1,144.933333333333,0,10,2,9,100,8e+05
"666",0.2,0.01,2,131.633333333333,3.86666666666667,10,2,9,100,8e+05
"667",0.3,0.01,2,61.6333333333333,22.7333333333333,10,2,9,100,8e+05
"668",0.4,0.01,2,51.0333333333333,23.0666666666667,10,2,9,100,8e+05
"669",0.1,0.01,1,136.533333333333,0,10,2,9,100,8e+05
"670",0.2,0.01,1,141.466666666667,0,10,2,9,100,8e+05
"671",0.3,0.01,2,61.2,22.5,10,2,9,100,8e+05
"672",0.4,0.01,2,50.7666666666667,25.3666666666667,10,2,9,100,8e+05
"673",0.1,0.01,1,137.5,0,10,2,9,100,8e+05
"674",0.2,0.01,1,140.833333333333,0,10,2,9,100,8e+05
"675",0.3,0.01,2,61.3,21.8,10,2,9,100,8e+05
"676",0.4,0.01,2,52.9666666666667,21.7333333333333,10,2,9,100,8e+05
"677",0.1,0.01,1,142.533333333333,0,10,2,9,100,8e+05
"678",0.2,0.01,2,114.266666666667,5.46666666666667,10,2,9,100,8e+05
"679",0.3,0.01,1,142.633333333333,0,10,2,9,100,8e+05
"680",0.4,0.01,2,48.8333333333333,23.6666666666667,10,2,9,100,8e+05
"681",0.1,0.01,1,142.6,0,10,2,9,100,8e+05
"682",0.2,0.01,2,107.733333333333,10.4666666666667,10,2,9,100,8e+05
"683",0.3,0.01,2,60.7666666666667,17.5666666666667,10,2,9,100,8e+05
"684",0.4,0.01,2,52.1666666666667,20.3,10,2,9,100,8e+05
"685",0.1,0.01,1,136.933333333333,0,10,2,9,100,8e+05
"686",0.2,0.01,1,146.2,0,10,2,9,100,8e+05
"687",0.3,0.01,2,57.3666666666667,21.1666666666667,10,2,9,100,8e+05
"688",0.4,0.01,2,52.4333333333333,24.3333333333333,10,2,9,100,8e+05
"689",0.1,0.01,1,152.833333333333,0,10,2,9,100,8e+05
"690",0.2,0.01,2,130.466666666667,2.63333333333333,10,2,9,100,8e+05
"691",0.3,0.01,2,61.8,23.4,10,2,9,100,8e+05
"692",0.4,0.01,2,48.6666666666667,24.0666666666667,10,2,9,100,8e+05
"693",0.1,0.01,1,144.9,0,10,2,9,100,8e+05
"694",0.2,0.01,1,144.8,0,10,2,9,100,8e+05
"695",0.3,0.01,2,60.2,22.7666666666667,10,2,9,100,8e+05
"696",0.4,0.01,2,49.4333333333333,24.6666666666667,10,2,9,100,8e+05
"697",0.1,0.01,1,131.9,0,10,2,9,100,8e+05
"698",0.2,0.01,2,127.033333333333,1.03333333333333,10,2,9,100,8e+05
"699",0.3,0.01,2,60,22.3,10,2,9,100,8e+05
"700",0.4,0.01,2,54.0666666666667,26.9666666666667,10,2,9,100,8e+05
"701",0.1,0.01,1,136.633333333333,0,10,2,9,100,8e+05
"702",0.2,0.01,1,140.7,0,10,2,9,100,8e+05
"703",0.3,0.01,2,64.3,22.5666666666667,10,2,9,100,8e+05
"704",0.4,0.01,2,55.0666666666667,22.8666666666667,10,2,9,100,8e+05
"705",0.1,0.01,1,140.566666666667,0,10,2,9,100,8e+05
"706",0.2,0.01,1,140.1,0,10,2,9,100,8e+05
"707",0.3,0.01,2,61.3,19.3,10,2,9,100,8e+05
"708",0.4,0.01,2,54.6,21.4,10,2,9,100,8e+05
"709",0.1,0.01,1,144.466666666667,0,10,2,9,100,8e+05
"710",0.2,0.01,1,147.066666666667,0,10,2,9,100,8e+05
"711",0.3,0.01,2,60.7666666666667,17.9,10,2,9,100,8e+05
"712",0.4,0.01,2,53.6333333333333,24.7333333333333,10,2,9,100,8e+05
"713",0.1,0.01,1,136.8,0,10,2,9,100,8e+05
"714",0.2,0.01,1,140.233333333333,0,10,2,9,100,8e+05
"715",0.3,0.01,2,61.4,21.9,10,2,9,100,8e+05
"716",0.4,0.01,2,53.3666666666667,21.7666666666667,10,2,9,100,8e+05
"717",0.1,0.01,1,141.133333333333,0,10,2,9,100,8e+05
"718",0.2,0.01,1,139.233333333333,0,10,2,9,100,8e+05
"719",0.3,0.01,2,61.6666666666667,21.2666666666667,10,2,9,100,8e+05
"720",0.4,0.01,2,51.8,26.4333333333333,10,2,9,100,8e+05
"721",0.1,0.01,1,146.533333333333,0,10,2,9,100,8e+05
"722",0.2,0.01,1,142.233333333333,0,10,2,9,100,8e+05
"723",0.3,0.01,2,63.2333333333333,24.7666666666667,10,2,9,100,8e+05
"724",0.4,0.01,2,50.8333333333333,22.7,10,2,9,100,8e+05
"725",0.1,0.01,1,143.433333333333,0,10,2,9,100,8e+05
"726",0.2,0.01,2,114.666666666667,6.16666666666667,10,2,9,100,8e+05
"727",0.3,0.01,1,141.466666666667,0,10,2,9,100,8e+05
"728",0.4,0.01,2,52.8333333333333,22.6333333333333,10,2,9,100,8e+05
"729",0.1,0.01,1,146.5,0,10,2,9,100,8e+05
"730",0.2,0.01,1,143.966666666667,0,10,2,9,100,8e+05
"731",0.3,0.01,1,141.133333333333,0,10,2,9,100,8e+05
"732",0.4,0.01,2,51.3333333333333,22.5,10,2,9,100,8e+05
"733",0.1,0.01,1,152.266666666667,0,10,2,9,100,8e+05
"734",0.2,0.01,1,149.466666666667,0,10,2,9,100,8e+05
"735",0.3,0.01,2,61.3333333333333,22.6,10,2,9,100,8e+05
"736",0.4,0.01,2,56.3333333333333,22.5,10,2,9,100,8e+05
"737",0.1,0.01,1,139.566666666667,0,10,2,9,100,8e+05
"738",0.2,0.01,1,133.8,0,10,2,9,100,8e+05
"739",0.3,0.01,2,64.3,19,10,2,9,100,8e+05
"740",0.4,0.01,2,50.7,24.8666666666667,10,2,9,100,8e+05
"741",0.1,0.01,1,141.866666666667,0,10,2,9,100,8e+05
"742",0.2,0.01,2,109.633333333333,7.9,10,2,9,100,8e+05
"743",0.3,0.01,2,59.0666666666667,21.9333333333333,10,2,9,100,8e+05
"744",0.4,0.01,2,49.8,22.5666666666667,10,2,9,100,8e+05
"745",0.1,0.01,1,134.866666666667,0,10,2,9,100,8e+05
"746",0.2,0.01,1,147.2,0,10,2,9,100,8e+05
"747",0.3,0.01,2,62.7333333333333,20.9,10,2,9,100,8e+05
"748",0.4,0.01,2,50,23.6,10,2,9,100,8e+05
"749",0.1,0.01,1,147.866666666667,0,10,2,9,100,8e+05
"750",0.2,0.01,1,148.666666666667,0,10,2,9,100,8e+05
"751",0.3,0.01,2,60.7666666666667,21.2,10,2,9,100,8e+05
"752",0.4,0.01,2,56.5,19.8,10,2,9,100,8e+05
"753",0.1,0.01,1,138.466666666667,0,10,2,9,100,8e+05
"754",0.2,0.01,1,136.4,0,10,2,9,100,8e+05
"755",0.3,0.01,2,64.7333333333333,23.1333333333333,10,2,9,100,8e+05
"756",0.4,0.01,2,53.5333333333333,20.7,10,2,9,100,8e+05
"757",0.1,0.01,1,141.233333333333,0,10,2,9,100,8e+05
"758",0.2,0.01,2,101.633333333333,9.33333333333333,10,2,9,100,8e+05
"759",0.3,0.01,2,64.4666666666667,18.2333333333333,10,2,9,100,8e+05
"760",0.4,0.01,2,51.1666666666667,22.4333333333333,10,2,9,100,8e+05
"761",0.1,0.01,1,148,0,10,2,9,100,8e+05
"762",0.2,0.01,1,141.666666666667,0,10,2,9,100,8e+05
"763",0.3,0.01,2,66.0666666666667,21.5666666666667,10,2,9,100,8e+05
"764",0.4,0.01,1,143.533333333333,0,10,2,9,100,8e+05
"765",0.1,0.01,1,141.1,0,10,2,9,100,8e+05
"766",0.2,0.01,1,140.8,0,10,2,9,100,8e+05
"767",0.3,0.01,2,64.8,20.1,10,2,9,100,8e+05
"768",0.4,0.01,2,50.7333333333333,23.4,10,2,9,100,8e+05
"769",0.1,0.01,1,139.266666666667,0,10,2,9,100,8e+05
"770",0.2,0.01,1,152.8,0,10,2,9,100,8e+05
"771",0.3,0.01,2,61,23.0333333333333,10,2,9,100,8e+05
"772",0.4,0.01,2,53.3333333333333,26.7666666666667,10,2,9,100,8e+05
"773",0.1,0.01,1,139.5,0,10,2,9,100,8e+05
"774",0.2,0.01,1,146.3,0,10,2,9,100,8e+05
"775",0.3,0.01,2,65,22,10,2,9,100,8e+05
"776",0.4,0.01,2,52.5,27.7333333333333,10,2,9,100,8e+05
"777",0.1,0.01,1,144.766666666667,0,10,2,9,100,8e+05
"778",0.2,0.01,1,142.7,0,10,2,9,100,8e+05
"779",0.3,0.01,2,63.8666666666667,19.1333333333333,10,2,9,100,8e+05
"780",0.4,0.01,2,52.9333333333333,23.1333333333333,10,2,9,100,8e+05
"781",0.1,0.01,1,142.4,0,10,2,9,100,8e+05
"782",0.2,0.01,1,150.566666666667,0,10,2,9,100,8e+05
"783",0.3,0.01,2,64.2,19.1333333333333,10,2,9,100,8e+05
"784",0.4,0.01,2,53.7,28.1,10,2,9,100,8e+05
"785",0.1,0.01,1,140.1,0,10,2,9,100,8e+05
"786",0.2,0.01,2,121.266666666667,5.83333333333333,10,2,9,100,8e+05
"787",0.3,0.01,2,61.9333333333333,20.7333333333333,10,2,9,100,8e+05
"788",0.4,0.01,2,51.1666666666667,24.2666666666667,10,2,9,100,8e+05
"789",0.1,0.01,1,142.466666666667,0,10,2,9,100,8e+05
"790",0.2,0.01,1,133.3,0,10,2,9,100,8e+05
"791",0.3,0.01,2,60,18.1333333333333,10,2,9,100,8e+05
"792",0.4,0.01,2,50.8333333333333,23.5,10,2,9,100,8e+05
"793",0.1,0.01,1,131.5,0,10,2,9,100,8e+05
"794",0.2,0.01,1,141.533333333333,0,10,2,9,100,8e+05
"795",0.3,0.01,2,65.2333333333333,21.7,10,2,9,100,8e+05
"796",0.4,0.01,2,50.3,25.7333333333333,10,2,9,100,8e+05
"797",0.1,0.01,1,139.333333333333,0,10,2,9,100,8e+05
"798",0.2,0.01,2,114.533333333333,9.1,10,2,9,100,8e+05
"799",0.3,0.01,1,139.533333333333,0,10,2,9,100,8e+05
"800",0.4,0.01,2,51.8666666666667,25,10,2,9,100,8e+05
"801",0.1,0.01,1,146.7,0,10,2,9,100,8e+05
"802",0.2,0.01,1,142.933333333333,0,10,2,9,100,8e+05
"803",0.3,0.1,2,59.2333333333333,21,10,2,9,100,8e+05
"804",0.4,0.1,2,49.8333333333333,25.2,10,2,9,100,8e+05
"805",0.1,0.1,1,139.833333333333,0,10,2,9,100,8e+05
"806",0.2,0.1,1,141.933333333333,0,10,2,9,100,8e+05
"807",0.3,0.1,1,145.233333333333,0,10,2,9,100,8e+05
"808",0.4,0.1,2,50.2,24.3666666666667,10,2,9,100,8e+05
"809",0.1,0.1,1,140.733333333333,0,10,2,9,100,8e+05
"810",0.2,0.1,2,74.2,16.0666666666667,10,2,9,100,8e+05
"811",0.3,0.1,2,58.3666666666667,22.2666666666667,10,2,9,100,8e+05
"812",0.4,0.1,2,47.0666666666667,24.6,10,2,9,100,8e+05
"813",0.1,0.1,1,143.566666666667,0,10,2,9,100,8e+05
"814",0.2,0.1,2,73.6333333333333,16.7666666666667,10,2,9,100,8e+05
"815",0.3,0.1,2,64.0333333333333,21.3333333333333,10,2,9,100,8e+05
"816",0.4,0.1,2,54.4333333333333,22.7666666666667,10,2,9,100,8e+05
"817",0.1,0.1,1,141.133333333333,0,10,2,9,100,8e+05
"818",0.2,0.1,1,142.9,0,10,2,9,100,8e+05
"819",0.3,0.1,2,57.5666666666667,23.1666666666667,10,2,9,100,8e+05
"820",0.4,0.1,2,50,24.4,10,2,9,100,8e+05
"821",0.1,0.1,1,141.166666666667,0,10,2,9,100,8e+05
"822",0.2,0.1,2,74.9333333333333,14.9,10,2,9,100,8e+05
"823",0.3,0.1,2,60.5,22.1666666666667,10,2,9,100,8e+05
"824",0.4,0.1,2,51.6333333333333,25,10,2,9,100,8e+05
"825",0.1,0.1,1,144.933333333333,0,10,2,9,100,8e+05
"826",0.2,0.1,1,144.366666666667,0,10,2,9,100,8e+05
"827",0.3,0.1,2,56.8333333333333,23.8333333333333,10,2,9,100,8e+05
"828",0.4,0.1,2,50.1,20.9,10,2,9,100,8e+05
"829",0.1,0.1,1,153,0,10,2,9,100,8e+05
"830",0.2,0.1,2,80.2,12.5,10,2,9,100,8e+05
"831",0.3,0.1,2,57.3,19.5333333333333,10,2,9,100,8e+05
"832",0.4,0.1,2,50.7333333333333,25.6333333333333,10,2,9,100,8e+05
"833",0.1,0.1,1,134.9,0,10,2,9,100,8e+05
"834",0.2,0.1,2,71.2666666666667,17.4333333333333,10,2,9,100,8e+05
"835",0.3,0.1,2,61.6333333333333,16.7666666666667,10,2,9,100,8e+05
"836",0.4,0.1,2,47.7333333333333,22.0666666666667,10,2,9,100,8e+05
"837",0.1,0.1,1,144.033333333333,0,10,2,9,100,8e+05
"838",0.2,0.1,2,72.4666666666667,20.2666666666667,10,2,9,100,8e+05
"839",0.3,0.1,2,57,21.6333333333333,10,2,9,100,8e+05
"840",0.4,0.1,2,49.9,24.5333333333333,10,2,9,100,8e+05
"841",0.1,0.1,1,139.333333333333,0,10,2,9,100,8e+05
"842",0.2,0.1,2,78.1666666666667,17.8,10,2,9,100,8e+05
"843",0.3,0.1,2,61.7,24.9666666666667,10,2,9,100,8e+05
"844",0.4,0.1,2,51.6666666666667,21.6333333333333,10,2,9,100,8e+05
"845",0.1,0.1,1,137.4,0,10,2,9,100,8e+05
"846",0.2,0.1,2,80.6666666666667,16.5666666666667,10,2,9,100,8e+05
"847",0.3,0.1,2,62,21.3333333333333,10,2,9,100,8e+05
"848",0.4,0.1,2,52.6666666666667,24.5333333333333,10,2,9,100,8e+05
"849",0.1,0.1,1,134.233333333333,0,10,2,9,100,8e+05
"850",0.2,0.1,2,83.6666666666667,20.3,10,2,9,100,8e+05
"851",0.3,0.1,2,60.0666666666667,19.9333333333333,10,2,9,100,8e+05
"852",0.4,0.1,2,52.3,24.8666666666667,10,2,9,100,8e+05
"853",0.1,0.1,1,142.4,0,10,2,9,100,8e+05
"854",0.2,0.1,1,142.166666666667,0,10,2,9,100,8e+05
"855",0.3,0.1,2,59.8,22.1333333333333,10,2,9,100,8e+05
"856",0.4,0.1,2,54.5,22.8333333333333,10,2,9,100,8e+05
"857",0.1,0.1,1,141.7,0,10,2,9,100,8e+05
"858",0.2,0.1,2,85.4,15.4,10,2,9,100,8e+05
"859",0.3,0.1,2,61,19.9666666666667,10,2,9,100,8e+05
"860",0.4,0.1,2,53.0666666666667,23.3333333333333,10,2,9,100,8e+05
"861",0.1,0.1,1,147.8,0,10,2,9,100,8e+05
"862",0.2,0.1,1,137.633333333333,0,10,2,9,100,8e+05
"863",0.3,0.1,2,60.9333333333333,19.9333333333333,10,2,9,100,8e+05
"864",0.4,0.1,2,51.1666666666667,23.3333333333333,10,2,9,100,8e+05
"865",0.1,0.1,1,142.8,0,10,2,9,100,8e+05
"866",0.2,0.1,1,147.5,0,10,2,9,100,8e+05
"867",0.3,0.1,2,61.0333333333333,20.7666666666667,10,2,9,100,8e+05
"868",0.4,0.1,2,50.7666666666667,23.0333333333333,10,2,9,100,8e+05
"869",0.1,0.1,1,144.266666666667,0,10,2,9,100,8e+05
"870",0.2,0.1,1,142.166666666667,0,10,2,9,100,8e+05
"871",0.3,0.1,2,62.1333333333333,21.1333333333333,10,2,9,100,8e+05
"872",0.4,0.1,2,51.9,24.8333333333333,10,2,9,100,8e+05
"873",0.1,0.1,1,148.866666666667,0,10,2,9,100,8e+05
"874",0.2,0.1,2,79.6,19.8,10,2,9,100,8e+05
"875",0.3,0.1,2,55.1666666666667,21.8333333333333,10,2,9,100,8e+05
"876",0.4,0.1,2,50.3,22.8333333333333,10,2,9,100,8e+05
"877",0.1,0.1,1,145.366666666667,0,10,2,9,100,8e+05
"878",0.2,0.1,1,150.1,0,10,2,9,100,8e+05
"879",0.3,0.1,2,63.3,22.3666666666667,10,2,9,100,8e+05
"880",0.4,0.1,2,51.0666666666667,24.6333333333333,10,2,9,100,8e+05
"881",0.1,0.1,1,146.166666666667,0,10,2,9,100,8e+05
"882",0.2,0.1,1,140.533333333333,0,10,2,9,100,8e+05
"883",0.3,0.1,2,61.3333333333333,19.6,10,2,9,100,8e+05
"884",0.4,0.1,2,53.2,23.3666666666667,10,2,9,100,8e+05
"885",0.1,0.1,1,143.166666666667,0,10,2,9,100,8e+05
"886",0.2,0.1,1,144.166666666667,0,10,2,9,100,8e+05
"887",0.3,0.1,2,62.2333333333333,25.7333333333333,10,2,9,100,8e+05
"888",0.4,0.1,2,49.5333333333333,21.4333333333333,10,2,9,100,8e+05
"889",0.1,0.1,1,129.2,0,10,2,9,100,8e+05
"890",0.2,0.1,2,76.8666666666667,18.9,10,2,9,100,8e+05
"891",0.3,0.1,2,55.3333333333333,22.0333333333333,10,2,9,100,8e+05
"892",0.4,0.1,2,50.3,22.3666666666667,10,2,9,100,8e+05
"893",0.1,0.1,1,144.766666666667,0,10,2,9,100,8e+05
"894",0.2,0.1,2,102.9,12.0666666666667,10,2,9,100,8e+05
"895",0.3,0.1,2,60.2,20.5,10,2,9,100,8e+05
"896",0.4,0.1,2,51.8666666666667,22.2333333333333,10,2,9,100,8e+05
"897",0.1,0.1,1,147.766666666667,0,10,2,9,100,8e+05
"898",0.2,0.1,1,142.8,0,10,2,9,100,8e+05
"899",0.3,0.1,2,56.6666666666667,21.9333333333333,10,2,9,100,8e+05
"900",0.4,0.1,2,52.5666666666667,25.5333333333333,10,2,9,100,8e+05
"901",0.1,0.1,1,138.133333333333,0,10,2,9,100,8e+05
"902",0.2,0.1,1,139.533333333333,0,10,2,9,100,8e+05
"903",0.3,0.1,2,62.1666666666667,22.8,10,2,9,100,8e+05
"904",0.4,0.1,2,49.1333333333333,24.3333333333333,10,2,9,100,8e+05
"905",0.1,0.1,1,138.933333333333,0,10,2,9,100,8e+05
"906",0.2,0.1,2,95.8333333333333,12.6,10,2,9,100,8e+05
"907",0.3,0.1,2,54.4,20.2666666666667,10,2,9,100,8e+05
"908",0.4,0.1,1,137.133333333333,0,10,2,9,100,8e+05
"909",0.1,0.1,1,135.933333333333,0,10,2,9,100,8e+05
"910",0.2,0.1,1,144.566666666667,0,10,2,9,100,8e+05
"911",0.3,0.1,2,59.4333333333333,24.3333333333333,10,2,9,100,8e+05
"912",0.4,0.1,2,57.1666666666667,22.2666666666667,10,2,9,100,8e+05
"913",0.1,0.1,1,152.466666666667,0,10,2,9,100,8e+05
"914",0.2,0.1,1,136.866666666667,0,10,2,9,100,8e+05
"915",0.3,0.1,2,58.9333333333333,21.3666666666667,10,2,9,100,8e+05
"916",0.4,0.1,2,52.0666666666667,22.6666666666667,10,2,9,100,8e+05
"917",0.1,0.1,1,136.633333333333,0,10,2,9,100,8e+05
"918",0.2,0.1,1,135.633333333333,0,10,2,9,100,8e+05
"919",0.3,0.1,2,60.2333333333333,20.6666666666667,10,2,9,100,8e+05
"920",0.4,0.1,2,49.8,23.4333333333333,10,2,9,100,8e+05
"921",0.1,0.1,1,138.633333333333,0,10,2,9,100,8e+05
"922",0.2,0.1,1,147,0,10,2,9,100,8e+05
"923",0.3,0.1,2,59.3,23.4666666666667,10,2,9,100,8e+05
"924",0.4,0.1,1,137.6,0,10,2,9,100,8e+05
"925",0.1,0.1,1,135.433333333333,0,10,2,9,100,8e+05
"926",0.2,0.1,2,77.2666666666667,16,10,2,9,100,8e+05
"927",0.3,0.1,2,56.6333333333333,18.7333333333333,10,2,9,100,8e+05
"928",0.4,0.1,1,148.466666666667,0,10,2,9,100,8e+05
"929",0.1,0.1,1,142.133333333333,0,10,2,9,100,8e+05
"930",0.2,0.1,2,80.1,17.4,10,2,9,100,8e+05
"931",0.3,0.1,2,60.2,23.7,10,2,9,100,8e+05
"932",0.4,0.1,2,52.4666666666667,23.1,10,2,9,100,8e+05
"933",0.1,0.1,1,139,0,10,2,9,100,8e+05
"934",0.2,0.1,1,144.266666666667,0,10,2,9,100,8e+05
"935",0.3,0.1,2,58.5666666666667,22.9,10,2,9,100,8e+05
"936",0.4,0.1,2,52.1333333333333,23.5333333333333,10,2,9,100,8e+05
"937",0.1,0.1,1,143.733333333333,0,10,2,9,100,8e+05
"938",0.2,0.1,2,106.866666666667,9.06666666666667,10,2,9,100,8e+05
"939",0.3,0.1,2,63.0333333333333,21.4666666666667,10,2,9,100,8e+05
"940",0.4,0.1,2,54,22.9333333333333,10,2,9,100,8e+05
"941",0.1,0.1,1,142.333333333333,0,10,2,9,100,8e+05
"942",0.2,0.1,1,139.533333333333,0,10,2,9,100,8e+05
"943",0.3,0.1,2,58.9,21.6666666666667,10,2,9,100,8e+05
"944",0.4,0.1,2,51.4333333333333,20.0333333333333,10,2,9,100,8e+05
"945",0.1,0.1,1,141.966666666667,0,10,2,9,100,8e+05
"946",0.2,0.1,2,81.5666666666667,16.2666666666667,10,2,9,100,8e+05
"947",0.3,0.1,2,59.6333333333333,22.7333333333333,10,2,9,100,8e+05
"948",0.4,0.1,2,51.0333333333333,23.5333333333333,10,2,9,100,8e+05
"949",0.1,0.1,1,134.366666666667,0,10,2,9,100,8e+05
"950",0.2,0.1,1,138.666666666667,0,10,2,9,100,8e+05
"951",0.3,0.1,2,61.8333333333333,22.6666666666667,10,2,9,100,8e+05
"952",0.4,0.1,2,52.1666666666667,24.7,10,2,9,100,8e+05
"953",0.1,0.1,1,146.1,0,10,2,9,100,8e+05
"954",0.2,0.1,2,87.5666666666667,15.9,10,2,9,100,8e+05
"955",0.3,0.1,2,61.9,21.6666666666667,10,2,9,100,8e+05
"956",0.4,0.1,2,46.8666666666667,25.1666666666667,10,2,9,100,8e+05
"957",0.1,0.1,1,146.533333333333,0,10,2,9,100,8e+05
"958",0.2,0.1,1,150.533333333333,0,10,2,9,100,8e+05
"959",0.3,0.1,2,61.8333333333333,21.1,10,2,9,100,8e+05
"960",0.4,0.1,2,53,21.6333333333333,10,2,9,100,8e+05
"961",0.1,0.1,1,132.833333333333,0,10,2,9,100,8e+05
"962",0.2,0.1,2,73.2666666666667,15.6666666666667,10,2,9,100,8e+05
"963",0.3,0.1,2,59.9666666666667,20.4333333333333,10,2,9,100,8e+05
"964",0.4,0.1,2,50.6,21.0333333333333,10,2,9,100,8e+05
"965",0.1,0.1,1,141.566666666667,0,10,2,9,100,8e+05
"966",0.2,0.1,2,73.2,16.0666666666667,10,2,9,100,8e+05
"967",0.3,0.1,2,61.3333333333333,20.8666666666667,10,2,9,100,8e+05
"968",0.4,0.1,2,50.5666666666667,23.7666666666667,10,2,9,100,8e+05
"969",0.1,0.1,1,143.066666666667,0,10,2,9,100,8e+05
"970",0.2,0.1,2,71.8666666666667,17.8333333333333,10,2,9,100,8e+05
"971",0.3,0.1,2,59.1666666666667,19.7333333333333,10,2,9,100,8e+05
"972",0.4,0.1,2,50.2,21.3,10,2,9,100,8e+05
"973",0.1,0.1,1,142.666666666667,0,10,2,9,100,8e+05
"974",0.2,0.1,2,75.8,19.7333333333333,10,2,9,100,8e+05
"975",0.3,0.1,2,61.0333333333333,19.9,10,2,9,100,8e+05
"976",0.4,0.1,2,49.9666666666667,23.1,10,2,9,100,8e+05
"977",0.1,0.1,1,152.5,0,10,2,9,100,8e+05
"978",0.2,0.1,2,82.3666666666667,18.2,10,2,9,100,8e+05
"979",0.3,0.1,2,64.2333333333333,21.8,10,2,9,100,8e+05
"980",0.4,0.1,2,57.1,22.7333333333333,10,2,9,100,8e+05
"981",0.1,0.1,1,137.266666666667,0,10,2,9,100,8e+05
"982",0.2,0.1,2,74.5,17.8333333333333,10,2,9,100,8e+05
"983",0.3,0.1,2,58.3333333333333,18.7666666666667,10,2,9,100,8e+05
"984",0.4,0.1,2,50.7333333333333,20.7333333333333,10,2,9,100,8e+05
"985",0.1,0.1,1,139.833333333333,0,10,2,9,100,8e+05
"986",0.2,0.1,2,78.1333333333333,13.1666666666667,10,2,9,100,8e+05
"987",0.3,0.1,2,61.3,22.6666666666667,10,2,9,100,8e+05
"988",0.4,0.1,2,51.8,22.1666666666667,10,2,9,100,8e+05
"989",0.1,0.1,1,136.3,0,10,2,9,100,8e+05
"990",0.2,0.1,2,83.1666666666667,15.5,10,2,9,100,8e+05
"991",0.3,0.1,2,56.4666666666667,21.1,10,2,9,100,8e+05
"992",0.4,0.1,2,52.7,24.6333333333333,10,2,9,100,8e+05
"993",0.1,0.1,1,146.133333333333,0,10,2,9,100,8e+05
"994",0.2,0.1,1,139.8,0,10,2,9,100,8e+05
"995",0.3,0.1,1,140,0,10,2,9,100,8e+05
"996",0.4,0.1,2,52.8333333333333,25.2,10,2,9,100,8e+05
"997",0.1,0.1,1,141.8,0,10,2,9,100,8e+05
"998",0.2,0.1,2,84.8666666666667,15.4666666666667,10,2,9,100,8e+05
"999",0.3,0.1,2,59.6,22.5666666666667,10,2,9,100,8e+05
"1000",0.4,0.1,2,52.6,20.9,10,2,9,100,8e+05
"1001",0.1,0.1,1,140.266666666667,0,10,2,9,100,8e+05
"1002",0.2,0.1,2,75.8333333333333,18.8,10,2,9,100,8e+05
"1003",0.3,0.1,2,61.8333333333333,23.7,10,2,9,100,8e+05
"1004",0.4,0.1,2,51.4333333333333,23.2666666666667,10,2,9,100,8e+05
"1005",0.1,0.1,1,136.566666666667,0,10,2,9,100,8e+05
"1006",0.2,0.1,1,140.666666666667,0,10,2,9,100,8e+05
"1007",0.3,0.1,2,66.1666666666667,22.7,10,2,9,100,8e+05
"1008",0.4,0.1,2,51.8333333333333,25.6666666666667,10,2,9,100,8e+05
"1009",0.1,0.1,1,139.933333333333,0,10,2,9,100,8e+05
"1010",0.2,0.1,2,81.6333333333333,19.1333333333333,10,2,9,100,8e+05
"1011",0.3,0.1,2,61.1666666666667,21.8666666666667,10,2,9,100,8e+05
"1012",0.4,0.1,2,52.1666666666667,24.3,10,2,9,100,8e+05
"1013",0.1,0.1,1,135,0,10,2,9,100,8e+05
"1014",0.2,0.1,1,134.566666666667,0,10,2,9,100,8e+05
"1015",0.3,0.1,2,59.8,20,10,2,9,100,8e+05
"1016",0.4,0.1,2,48.3666666666667,24.0333333333333,10,2,9,100,8e+05
"1017",0.1,0.1,1,148.9,0,10,2,9,100,8e+05
"1018",0.2,0.1,1,143.6,0,10,2,9,100,8e+05
"1019",0.3,0.1,2,58.8666666666667,17.6,10,2,9,100,8e+05
"1020",0.4,0.1,2,48.4333333333333,22.7666666666667,10,2,9,100,8e+05
"1021",0.1,0.1,1,149.5,0,10,2,9,100,8e+05
"1022",0.2,0.1,1,140.733333333333,0,10,2,9,100,8e+05
"1023",0.3,0.1,1,141.133333333333,0,10,2,9,100,8e+05
"1024",0.4,0.1,2,56.8666666666667,22.5333333333333,10,2,9,100,8e+05
"1025",0.1,0.1,1,140.433333333333,0,10,2,9,100,8e+05
"1026",0.2,0.1,1,141.8,0,10,2,9,100,8e+05
"1027",0.3,0.1,2,60.1,21.1,10,2,9,100,8e+05
"1028",0.4,0.1,2,48.4666666666667,25.4333333333333,10,2,9,100,8e+05
"1029",0.1,0.1,1,139.2,0,10,2,9,100,8e+05
"1030",0.2,0.1,2,79.8333333333333,13.5666666666667,10,2,9,100,8e+05
"1031",0.3,0.1,2,62.7,23.4666666666667,10,2,9,100,8e+05
"1032",0.4,0.1,2,52.7333333333333,23.3333333333333,10,2,9,100,8e+05
"1033",0.1,0.1,1,135.633333333333,0,10,2,9,100,8e+05
"1034",0.2,0.1,1,141.933333333333,0,10,2,9,100,8e+05
"1035",0.3,0.1,1,136.4,0,10,2,9,100,8e+05
"1036",0.4,0.1,2,54.9333333333333,23.9333333333333,10,2,9,100,8e+05
"1037",0.1,0.1,1,129.933333333333,0,10,2,9,100,8e+05
"1038",0.2,0.1,2,78.1,15.6666666666667,10,2,9,100,8e+05
"1039",0.3,0.1,1,144.666666666667,0,10,2,9,100,8e+05
"1040",0.4,0.1,2,54,23.5666666666667,10,2,9,100,8e+05
"1041",0.1,0.1,1,144.6,0,10,2,9,100,8e+05
"1042",0.2,0.1,2,75.4666666666667,17.4333333333333,10,2,9,100,8e+05
"1043",0.3,0.1,2,54.7333333333333,22.0666666666667,10,2,9,100,8e+05
"1044",0.4,0.1,2,49.5333333333333,25.4666666666667,10,2,9,100,8e+05
"1045",0.1,0.1,1,145.033333333333,0,10,2,9,100,8e+05
"1046",0.2,0.1,2,76.9333333333333,17.5333333333333,10,2,9,100,8e+05
"1047",0.3,0.1,1,146.366666666667,0,10,2,9,100,8e+05
"1048",0.4,0.1,2,53.0333333333333,24.0333333333333,10,2,9,100,8e+05
"1049",0.1,0.1,1,153.733333333333,0,10,2,9,100,8e+05
"1050",0.2,0.1,1,141.2,0,10,2,9,100,8e+05
"1051",0.3,0.1,2,62.2666666666667,18.5666666666667,10,2,9,100,8e+05
"1052",0.4,0.1,2,51.6333333333333,17.5,10,2,9,100,8e+05
"1053",0.1,0.1,1,141.8,0,10,2,9,100,8e+05
"1054",0.2,0.1,2,76.8333333333333,19.3666666666667,10,2,9,100,8e+05
"1055",0.3,0.1,2,59.0666666666667,19.1666666666667,10,2,9,100,8e+05
"1056",0.4,0.1,2,50.0333333333333,25.1333333333333,10,2,9,100,8e+05
"1057",0.1,0.1,1,143.566666666667,0,10,2,9,100,8e+05
"1058",0.2,0.1,2,98.5,9.66666666666667,10,2,9,100,8e+05
"1059",0.3,0.1,1,142.966666666667,0,10,2,9,100,8e+05
"1060",0.4,0.1,2,51.8333333333333,26.3,10,2,9,100,8e+05
"1061",0.1,0.1,1,142.966666666667,0,10,2,9,100,8e+05
"1062",0.2,0.1,1,136.7,0,10,2,9,100,8e+05
"1063",0.3,0.1,2,60.8333333333333,22.4333333333333,10,2,9,100,8e+05
"1064",0.4,0.1,2,51.8,24.7333333333333,10,2,9,100,8e+05
"1065",0.1,0.1,1,148.2,0,10,2,9,100,8e+05
"1066",0.2,0.1,1,144.566666666667,0,10,2,9,100,8e+05
"1067",0.3,0.1,2,61.3,21.7333333333333,10,2,9,100,8e+05
"1068",0.4,0.1,2,50.9,24.4666666666667,10,2,9,100,8e+05
"1069",0.1,0.1,1,145.166666666667,0,10,2,9,100,8e+05
"1070",0.2,0.1,2,78.6,19.2666666666667,10,2,9,100,8e+05
"1071",0.3,0.1,2,59.2666666666667,23.2,10,2,9,100,8e+05
"1072",0.4,0.1,2,49.4,21.8666666666667,10,2,9,100,8e+05
"1073",0.1,0.1,1,141.3,0,10,2,9,100,8e+05
"1074",0.2,0.1,2,77.1333333333333,16.4,10,2,9,100,8e+05
"1075",0.3,0.1,2,64.4333333333333,19.5,10,2,9,100,8e+05
"1076",0.4,0.1,2,49.1666666666667,22.6,10,2,9,100,8e+05
"1077",0.1,0.1,1,147.133333333333,0,10,2,9,100,8e+05
"1078",0.2,0.1,1,142.833333333333,0,10,2,9,100,8e+05
"1079",0.3,0.1,2,60.3333333333333,21.9666666666667,10,2,9,100,8e+05
"1080",0.4,0.1,2,49.8333333333333,24.8333333333333,10,2,9,100,8e+05
"1081",0.1,0.1,1,148.166666666667,0,10,2,9,100,8e+05
"1082",0.2,0.1,1,137.166666666667,0,10,2,9,100,8e+05
"1083",0.3,0.1,2,61.0666666666667,25.6333333333333,10,2,9,100,8e+05
"1084",0.4,0.1,2,51.8666666666667,26.1,10,2,9,100,8e+05
"1085",0.1,0.1,1,139.533333333333,0,10,2,9,100,8e+05
"1086",0.2,0.1,2,80.6333333333333,15.8333333333333,10,2,9,100,8e+05
"1087",0.3,0.1,2,57.5,20.5,10,2,9,100,8e+05
"1088",0.4,0.1,2,49.3,27.8333333333333,10,2,9,100,8e+05
"1089",0.1,0.1,1,140.966666666667,0,10,2,9,100,8e+05
"1090",0.2,0.1,1,144.833333333333,0,10,2,9,100,8e+05
"1091",0.3,0.1,2,64.0333333333333,21.0666666666667,10,2,9,100,8e+05
"1092",0.4,0.1,2,51.5,23.9333333333333,10,2,9,100,8e+05
"1093",0.1,0.1,1,142.833333333333,0,10,2,9,100,8e+05
"1094",0.2,0.1,2,76.8666666666667,14.6666666666667,10,2,9,100,8e+05
"1095",0.3,0.1,2,59.1333333333333,19.7333333333333,10,2,9,100,8e+05
"1096",0.4,0.1,2,49.7666666666667,19.9333333333333,10,2,9,100,8e+05
"1097",0.1,0.1,1,148.833333333333,0,10,2,9,100,8e+05
"1098",0.2,0.1,2,74.8333333333333,17.8333333333333,10,2,9,100,8e+05
"1099",0.3,0.1,2,63.9666666666667,21.8,10,2,9,100,8e+05
"1100",0.4,0.1,2,53.7666666666667,20.1333333333333,10,2,9,100,8e+05
"1101",0.1,0.1,1,136.366666666667,0,10,2,9,100,8e+05
"1102",0.2,0.1,1,142.533333333333,0,10,2,9,100,8e+05
"1103",0.3,0.1,2,61.7333333333333,18.2,10,2,9,100,8e+05
"1104",0.4,0.1,2,52.4666666666667,22.8333333333333,10,2,9,100,8e+05
"1105",0.1,0.1,1,140.433333333333,0,10,2,9,100,8e+05
"1106",0.2,0.1,1,144.266666666667,0,10,2,9,100,8e+05
"1107",0.3,0.1,2,59.5666666666667,22.6,10,2,9,100,8e+05
"1108",0.4,0.1,2,51.4,28.7333333333333,10,2,9,100,8e+05
"1109",0.1,0.1,1,145.733333333333,0,10,2,9,100,8e+05
"1110",0.2,0.1,1,144.966666666667,0,10,2,9,100,8e+05
"1111",0.3,0.1,2,60.5,18.9,10,2,9,100,8e+05
"1112",0.4,0.1,2,50,23.3333333333333,10,2,9,100,8e+05
"1113",0.1,0.1,1,136.1,0,10,2,9,100,8e+05
"1114",0.2,0.1,1,147.033333333333,0,10,2,9,100,8e+05
"1115",0.3,0.1,2,59.0666666666667,22.5333333333333,10,2,9,100,8e+05
"1116",0.4,0.1,2,52.7666666666667,22.3666666666667,10,2,9,100,8e+05
"1117",0.1,0.1,1,145.433333333333,0,10,2,9,100,8e+05
"1118",0.2,0.1,1,141.166666666667,0,10,2,9,100,8e+05
"1119",0.3,0.1,2,59.0666666666667,21.8333333333333,10,2,9,100,8e+05
"1120",0.4,0.1,2,49.8666666666667,22.2666666666667,10,2,9,100,8e+05
"1121",0.1,0.1,1,146.933333333333,0,10,2,9,100,8e+05
"1122",0.2,0.1,2,82.5,16.5,10,2,9,100,8e+05
"1123",0.3,0.1,2,60.8333333333333,19.7,10,2,9,100,8e+05
"1124",0.4,0.1,2,49.0666666666667,25.3,10,2,9,100,8e+05
"1125",0.1,0.1,1,139.633333333333,0,10,2,9,100,8e+05
"1126",0.2,0.1,1,132.533333333333,0,10,2,9,100,8e+05
"1127",0.3,0.1,2,59.6666666666667,24.0333333333333,10,2,9,100,8e+05
"1128",0.4,0.1,2,49.9333333333333,23.0333333333333,10,2,9,100,8e+05
"1129",0.1,0.1,1,140.7,0,10,2,9,100,8e+05
"1130",0.2,0.1,2,90.7333333333333,14.9,10,2,9,100,8e+05
"1131",0.3,0.1,2,60.0666666666667,18.9333333333333,10,2,9,100,8e+05
"1132",0.4,0.1,2,54.3666666666667,25,10,2,9,100,8e+05
"1133",0.1,0.1,1,135.033333333333,0,10,2,9,100,8e+05
"1134",0.2,0.1,2,83.6666666666667,15.4666666666667,10,2,9,100,8e+05
"1135",0.3,0.1,2,61.8,19.4333333333333,10,2,9,100,8e+05
"1136",0.4,0.1,2,51.0333333333333,22.5333333333333,10,2,9,100,8e+05
"1137",0.1,0.1,1,138.366666666667,0,10,2,9,100,8e+05
"1138",0.2,0.1,2,76.8333333333333,16.3333333333333,10,2,9,100,8e+05
"1139",0.3,0.1,2,60.5333333333333,23.9666666666667,10,2,9,100,8e+05
"1140",0.4,0.1,2,50.6333333333333,23.6,10,2,9,100,8e+05
"1141",0.1,0.1,1,139.366666666667,0,10,2,9,100,8e+05
"1142",0.2,0.1,1,140.866666666667,0,10,2,9,100,8e+05
"1143",0.3,0.1,2,64.1,19.7333333333333,10,2,9,100,8e+05
"1144",0.4,0.1,2,52.6,20.8666666666667,10,2,9,100,8e+05
"1145",0.1,0.1,1,141.4,0,10,2,9,100,8e+05
"1146",0.2,0.1,1,136.7,0,10,2,9,100,8e+05
"1147",0.3,0.1,2,61.3,20.7,10,2,9,100,8e+05
"1148",0.4,0.1,2,51.3,23.2333333333333,10,2,9,100,8e+05
"1149",0.1,0.1,1,135.4,0,10,2,9,100,8e+05
"1150",0.2,0.1,2,79.8666666666667,16.9333333333333,10,2,9,100,8e+05
"1151",0.3,0.1,2,57.1333333333333,22,10,2,9,100,8e+05
"1152",0.4,0.1,2,47.8333333333333,23.7666666666667,10,2,9,100,8e+05
"1153",0.1,0.1,1,142.333333333333,0,10,2,9,100,8e+05
"1154",0.2,0.1,1,141.633333333333,0,10,2,9,100,8e+05
"1155",0.3,0.1,2,58.3333333333333,22.4333333333333,10,2,9,100,8e+05
"1156",0.4,0.1,1,142.633333333333,0,10,2,9,100,8e+05
"1157",0.1,0.1,1,142.933333333333,0,10,2,9,100,8e+05
"1158",0.2,0.1,2,75.2333333333333,18.5,10,2,9,100,8e+05
"1159",0.3,0.1,1,148.033333333333,0,10,2,9,100,8e+05
"1160",0.4,0.1,2,51.7,25.3333333333333,10,2,9,100,8e+05
"1161",0.1,0.1,1,141.166666666667,0,10,2,9,100,8e+05
"1162",0.2,0.1,2,84.1333333333333,16.2,10,2,9,100,8e+05
"1163",0.3,0.1,2,58.4,21.2333333333333,10,2,9,100,8e+05
"1164",0.4,0.1,2,46.3666666666667,23.6666666666667,10,2,9,100,8e+05
"1165",0.1,0.1,1,141.033333333333,0,10,2,9,100,8e+05
"1166",0.2,0.1,1,136.6,0,10,2,9,100,8e+05
"1167",0.3,0.1,2,60.4333333333333,21.1666666666667,10,2,9,100,8e+05
"1168",0.4,0.1,2,50,25.5,10,2,9,100,8e+05
"1169",0.1,0.1,1,141.4,0,10,2,9,100,8e+05
"1170",0.2,0.1,2,95.1,12.6333333333333,10,2,9,100,8e+05
"1171",0.3,0.1,1,140.333333333333,0,10,2,9,100,8e+05
"1172",0.4,0.1,2,56.1666666666667,21.4666666666667,10,2,9,100,8e+05
"1173",0.1,0.1,1,141.5,0,10,2,9,100,8e+05
"1174",0.2,0.1,2,82.8,14.6333333333333,10,2,9,100,8e+05
"1175",0.3,0.1,2,61.1333333333333,19.1666666666667,10,2,9,100,8e+05
"1176",0.4,0.1,2,52.1,23.8333333333333,10,2,9,100,8e+05
"1177",0.1,0.1,1,144.966666666667,0,10,2,9,100,8e+05
"1178",0.2,0.1,1,139.7,0,10,2,9,100,8e+05
"1179",0.3,0.1,2,62.8,24.2666666666667,10,2,9,100,8e+05
"1180",0.4,0.1,2,49.7,24.0333333333333,10,2,9,100,8e+05
"1181",0.1,0.1,1,137.8,0,10,2,9,100,8e+05
"1182",0.2,0.1,2,85.7333333333333,14.9666666666667,10,2,9,100,8e+05
"1183",0.3,0.1,2,62.0666666666667,21.6333333333333,10,2,9,100,8e+05
"1184",0.4,0.1,2,47.5333333333333,23.8666666666667,10,2,9,100,8e+05
"1185",0.1,0.1,1,141.833333333333,0,10,2,9,100,8e+05
"1186",0.2,0.1,1,137.633333333333,0,10,2,9,100,8e+05
"1187",0.3,0.1,2,59.8666666666667,22.1333333333333,10,2,9,100,8e+05
"1188",0.4,0.1,2,51.8666666666667,28.7666666666667,10,2,9,100,8e+05
"1189",0.1,0.1,1,148.866666666667,0,10,2,9,100,8e+05
"1190",0.2,0.1,1,139.5,0,10,2,9,100,8e+05
"1191",0.3,0.1,2,61.3333333333333,20.3,10,2,9,100,8e+05
"1192",0.4,0.1,2,50.7,24.6,10,2,9,100,8e+05
"1193",0.1,0.1,1,140.8,0,10,2,9,100,8e+05
"1194",0.2,0.1,2,78.1,14.1666666666667,10,2,9,100,8e+05
"1195",0.3,0.1,2,60.9333333333333,18.9,10,2,9,100,8e+05
"1196",0.4,0.1,2,52.7333333333333,22.7333333333333,10,2,9,100,8e+05
"1197",0.1,0.1,1,144.733333333333,0,10,2,9,100,8e+05
"1198",0.2,0.1,1,145.333333333333,0,10,2,9,100,8e+05
"1199",0.3,0.1,2,59.9666666666667,21.9,10,2,9,100,8e+05
"1200",0.4,0.1,2,49.7666666666667,25.2666666666667,10,2,9,100,8e+05
