"transmission","dispersal","singleInf","doubleInf","nExtantDis","nColonies","maxDistance","meanK","nPathogens","nEvents","file"
2,0.001,15.6272727272727,32.9545454545455,2,10,100,8.2,2,5e+05,"150527_100.RData"
5,0.001,7.10909090909091,36.7909090909091,2,10,100,8.8,2,5e+05,"150527_101.RData"
10,0.001,17.9909090909091,33.4909090909091,2,10,100,9,2,5e+05,"150527_102.RData"
2,0.001,16.1909090909091,34.3,2,10,100,9,2,5e+05,"150527_103.RData"
5,0.001,7.45454545454546,36.0181818181818,2,10,100,9,2,5e+05,"150527_104.RData"
10,0.001,3.82727272727273,38.6272727272727,2,10,100,9,2,5e+05,"150527_105.RData"
2,0.001,16.3545454545455,30.3818181818182,2,10,100,8.8,2,5e+05,"150527_106.RData"
5,0.001,7.49090909090909,36.0272727272727,2,10,100,9,2,5e+05,"150527_107.RData"
10,0.001,16.4909090909091,32.5909090909091,2,10,100,9,2,5e+05,"150527_108.RData"
2,0.001,17.3363636363636,33.1545454545455,2,10,100,9,2,5e+05,"150527_109.RData"
2,0.001,16.4727272727273,31.9363636363636,2,10,100,8.8,2,5e+05,"150527_10.RData"
5,0.001,8.05454545454545,34.9454545454545,2,10,100,7.6,2,5e+05,"150527_110.RData"
10,0.001,15.4181818181818,32.6545454545455,2,10,100,8.6,2,5e+05,"150527_111.RData"
2,0.001,17.4090909090909,33.3454545454545,2,10,100,9,2,5e+05,"150527_112.RData"
5,0.001,8,34.2545454545455,2,10,100,9,2,5e+05,"150527_113.RData"
10,0.001,4.12727272727273,37.4,2,10,100,8.6,2,5e+05,"150527_114.RData"
2,0.001,29.4272727272727,30.6818181818182,2,10,100,9,2,5e+05,"150527_115.RData"
5,0.001,21.0090909090909,32.1363636363636,2,10,100,8.6,2,5e+05,"150527_116.RData"
10,0.001,17.8727272727273,33.6636363636364,2,10,100,8.2,2,5e+05,"150527_117.RData"
2,0.001,15.7454545454545,34.3818181818182,2,10,100,8.4,2,5e+05,"150527_118.RData"
5,0.001,7.53636363636364,34.4272727272727,2,10,100,8.8,2,5e+05,"150527_119.RData"
5,0.001,7.65454545454545,35.6272727272727,2,10,100,9,2,5e+05,"150527_11.RData"
10,0.001,4.01818181818182,37.8454545454545,2,10,100,9,2,5e+05,"150527_120.RData"
2,0.001,16.5909090909091,33.4090909090909,2,10,100,8.4,2,5e+05,"150527_121.RData"
5,0.001,7.28181818181818,34.3909090909091,2,10,100,8.4,2,5e+05,"150527_122.RData"
10,0.001,18.7,31.9636363636364,2,10,100,8.8,2,5e+05,"150527_123.RData"
2,0.001,16.9818181818182,31.0090909090909,2,10,100,8.8,2,5e+05,"150527_124.RData"
5,0.001,7.38181818181818,34.6272727272727,2,10,100,9,2,5e+05,"150527_125.RData"
10,0.001,18.2090909090909,32.2363636363636,2,10,100,9,2,5e+05,"150527_126.RData"
2,0.001,16.3818181818182,31.4181818181818,2,10,100,9,2,5e+05,"150527_127.RData"
5,0.001,33.7181818181818,27.7454545454545,2,10,100,9,2,5e+05,"150527_128.RData"
10,0.001,31.6909090909091,30.1272727272727,2,10,100,8.8,2,5e+05,"150527_129.RData"
10,0.001,3.87272727272727,35.8454545454545,2,10,100,9,2,5e+05,"150527_12.RData"
2,0.001,29.8545454545455,28.8909090909091,2,10,100,9,2,5e+05,"150527_130.RData"
5,0.001,20.1090909090909,30.4727272727273,2,10,100,8.4,2,5e+05,"150527_131.RData"
10,0.001,4.03636363636364,36.9,2,10,100,8.4,2,5e+05,"150527_132.RData"
2,0.001,29.0363636363636,29.8363636363636,2,10,100,8.8,2,5e+05,"150527_133.RData"
5,0.001,7.44545454545455,36.5454545454545,2,10,100,7.8,2,5e+05,"150527_134.RData"
10,0.001,3.96363636363636,36.4636363636364,2,10,100,9,2,5e+05,"150527_135.RData"
2,0.001,16.5272727272727,31.9636363636364,2,10,100,8.6,2,5e+05,"150527_136.RData"
5,0.001,22.3,32.3454545454545,2,10,100,9,2,5e+05,"150527_137.RData"
10,0.001,3.92727272727273,35.8272727272727,2,10,100,8.8,2,5e+05,"150527_138.RData"
2,0.001,16.2545454545455,32.6,2,10,100,8.2,2,5e+05,"150527_139.RData"
2,0.001,27.2,29.6545454545455,2,10,100,8.8,2,5e+05,"150527_13.RData"
5,0.001,7.2,36.5727272727273,2,10,100,8.8,2,5e+05,"150527_140.RData"
10,0.001,3.8,34.8,2,10,100,8.6,2,5e+05,"150527_141.RData"
2,0.001,29.0363636363636,31.4181818181818,2,10,100,8.4,2,5e+05,"150527_142.RData"
5,0.001,21.6727272727273,31.9090909090909,2,10,100,8.8,2,5e+05,"150527_143.RData"
10,0.001,18.3272727272727,31.9727272727273,2,10,100,8.8,2,5e+05,"150527_144.RData"
2,0.001,16.5,32.5363636363636,2,10,100,8.8,2,5e+05,"150527_145.RData"
5,0.001,7.47272727272727,34.4636363636364,2,10,100,9,2,5e+05,"150527_146.RData"
10,0.001,3.87272727272727,37.0272727272727,2,10,100,9,2,5e+05,"150527_147.RData"
2,0.001,16.2909090909091,32.6454545454545,2,10,100,8.4,2,5e+05,"150527_148.RData"
5,0.001,7.64545454545455,32.6272727272727,2,10,100,9,2,5e+05,"150527_149.RData"
5,0.001,7.29090909090909,35.0545454545455,2,10,100,8.4,2,5e+05,"150527_14.RData"
10,0.001,4.28181818181818,35.1090909090909,2,10,100,8.2,2,5e+05,"150527_150.RData"
2,0.001,15.9272727272727,33.0090909090909,2,10,100,9,2,5e+05,"150527_151.RData"
5,0.001,7.51818181818182,34.5636363636364,2,10,100,9,2,5e+05,"150527_152.RData"
10,0.001,3.76363636363636,37.2090909090909,2,10,100,9,2,5e+05,"150527_153.RData"
2,0.001,17.0181818181818,30.7272727272727,2,10,100,9,2,5e+05,"150527_154.RData"
5,0.001,22.3636363636364,31.9363636363636,2,10,100,9,2,5e+05,"150527_155.RData"
10,0.001,16.9636363636364,32.7272727272727,2,10,100,8.6,2,5e+05,"150527_156.RData"
2,0.001,16.1363636363636,30.8090909090909,2,10,100,9,2,5e+05,"150527_157.RData"
5,0.001,23.1909090909091,31.6181818181818,2,10,100,8.6,2,5e+05,"150527_158.RData"
10,0.001,4.02727272727273,36.1727272727273,2,10,100,9,2,5e+05,"150527_159.RData"
10,0.001,3.84545454545455,36.4545454545455,2,10,100,8.8,2,5e+05,"150527_15.RData"
2,0.001,16.9,33.0818181818182,2,10,100,9,2,5e+05,"150527_160.RData"
5,0.001,20.2181818181818,33.4090909090909,2,10,100,9,2,5e+05,"150527_161.RData"
10,0.001,4.07272727272727,37.2090909090909,2,10,100,9,2,5e+05,"150527_162.RData"
2,0.001,45.9363636363636,26.2454545454545,2,10,100,9,2,5e+05,"150527_163.RData"
5,0.001,23.3,29.9363636363636,2,10,100,8.6,2,5e+05,"150527_164.RData"
10,0.001,3.60909090909091,34.9818181818182,2,10,100,9,2,5e+05,"150527_165.RData"
2,0.001,29.9454545454545,29.7818181818182,2,10,100,8.8,2,5e+05,"150527_166.RData"
5,0.001,7.38181818181818,36.5909090909091,2,10,100,9,2,5e+05,"150527_167.RData"
10,0.001,3.84545454545455,37.4,2,10,100,9,2,5e+05,"150527_168.RData"
2,0.001,29.6,30.4636363636364,2,10,100,9,2,5e+05,"150527_169.RData"
2,0.001,28.9363636363636,32.0727272727273,2,10,100,9,2,5e+05,"150527_16.RData"
5,0.001,7.2,36.0090909090909,2,10,100,9,2,5e+05,"150527_170.RData"
10,0.001,3.96363636363636,37.4545454545455,2,10,100,9,2,5e+05,"150527_171.RData"
2,0.001,16.4181818181818,35.2363636363636,2,10,100,9,2,5e+05,"150527_172.RData"
5,0.001,7.7,35.9181818181818,2,10,100,8.2,2,5e+05,"150527_173.RData"
10,0.001,4.01818181818182,36.2545454545455,2,10,100,9,2,5e+05,"150527_174.RData"
2,0.001,29.5636363636364,27.4636363636364,2,10,100,9,2,5e+05,"150527_175.RData"
5,0.001,7.44545454545455,36.6454545454545,2,10,100,9,2,5e+05,"150527_176.RData"
10,0.001,16.8727272727273,32.5818181818182,2,10,100,8.4,2,5e+05,"150527_177.RData"
2,0.001,16.7454545454545,31.7818181818182,2,10,100,8.2,2,5e+05,"150527_178.RData"
5,0.001,21.9,30.2636363636364,2,10,100,9,2,5e+05,"150527_179.RData"
5,0.001,7.7,36.0545454545455,2,10,100,8.8,2,5e+05,"150527_17.RData"
10,0.001,3.69090909090909,37.2545454545455,2,10,100,9,2,5e+05,"150527_180.RData"
2,0.001,28.5181818181818,29.5,2,10,100,8.8,2,5e+05,"150527_181.RData"
5,0.001,7.54545454545454,32.1727272727273,2,10,100,8.6,2,5e+05,"150527_182.RData"
10,0.001,3.89090909090909,36.8454545454545,2,10,100,8.4,2,5e+05,"150527_183.RData"
2,0.001,28.4909090909091,26.4272727272727,2,10,100,8.8,2,5e+05,"150527_184.RData"
5,0.001,7.24545454545455,35.5545454545455,2,10,100,8.2,2,5e+05,"150527_185.RData"
10,0.001,4.10909090909091,34.7818181818182,2,10,100,8.8,2,5e+05,"150527_186.RData"
2,0.001,15.8727272727273,33.6272727272727,2,10,100,9,2,5e+05,"150527_187.RData"
5,0.001,19.1454545454545,33.7272727272727,2,10,100,8.4,2,5e+05,"150527_188.RData"
10,0.001,4.46363636363636,36.0363636363636,2,10,100,9,2,5e+05,"150527_189.RData"
10,0.001,4.1,36.4454545454545,2,10,100,8.6,2,5e+05,"150527_18.RData"
2,0.001,16.3636363636364,33.7636363636364,2,10,100,9,2,5e+05,"150527_190.RData"
5,0.001,7.49090909090909,36.2,2,10,100,8.4,2,5e+05,"150527_191.RData"
10,0.001,4.18181818181818,33.8818181818182,2,10,100,9,2,5e+05,"150527_192.RData"
2,0.001,28.2090909090909,27.0454545454545,2,10,100,9,2,5e+05,"150527_193.RData"
5,0.001,21.5,31.1727272727273,2,10,100,9,2,5e+05,"150527_194.RData"
10,0.001,4.01818181818182,35.5818181818182,2,10,100,9,2,5e+05,"150527_195.RData"
2,0.001,16.2454545454545,33.2909090909091,2,10,100,9,2,5e+05,"150527_196.RData"
5,0.001,7.18181818181818,34.7272727272727,2,10,100,8.8,2,5e+05,"150527_197.RData"
10,0.001,3.8,38.0272727272727,2,10,100,9,2,5e+05,"150527_198.RData"
2,0.001,27.2727272727273,27.9454545454545,2,10,100,9,2,5e+05,"150527_199.RData"
2,0.001,29.5454545454545,30.2,2,10,100,9,2,5e+05,"150527_19.RData"
2,0.001,40.7272727272727,28.2,2,10,100,8.6,2,5e+05,"150527_1.RData"
5,0.001,7.36363636363636,34.4272727272727,2,10,100,8.6,2,5e+05,"150527_200.RData"
10,0.001,17.4909090909091,31.6,2,10,100,9,2,5e+05,"150527_201.RData"
2,0.001,28.0363636363636,31.2090909090909,2,10,100,8.8,2,5e+05,"150527_202.RData"
5,0.001,7.59090909090909,34.7454545454545,2,10,100,8.2,2,5e+05,"150527_203.RData"
10,0.001,31.4454545454545,30.9,2,10,100,9,2,5e+05,"150527_204.RData"
2,0.001,16.6636363636364,31.5818181818182,2,10,100,8.4,2,5e+05,"150527_205.RData"
5,0.001,8.1,34.9363636363636,2,10,100,9,2,5e+05,"150527_206.RData"
10,0.001,18.0363636363636,32.6272727272727,2,10,100,9,2,5e+05,"150527_207.RData"
2,0.001,16.8,33.1818181818182,2,10,100,8.4,2,5e+05,"150527_208.RData"
5,0.001,7.45454545454546,35.3181818181818,2,10,100,9,2,5e+05,"150527_209.RData"
5,0.001,21.0181818181818,31.9,2,10,100,8.6,2,5e+05,"150527_20.RData"
10,0.001,3.64545454545455,35.8636363636364,2,10,100,8.8,2,5e+05,"150527_210.RData"
2,0.001,17.1818181818182,34.1727272727273,2,10,100,9,2,5e+05,"150527_211.RData"
5,0.001,7.84545454545455,35.5090909090909,2,10,100,9,2,5e+05,"150527_212.RData"
10,0.001,3.93636363636364,37.3363636363636,2,10,100,9,2,5e+05,"150527_213.RData"
2,0.001,16.9636363636364,33.3,2,10,100,8.4,2,5e+05,"150527_214.RData"
5,0.001,7.45454545454546,33.5090909090909,2,10,100,9,2,5e+05,"150527_215.RData"
10,0.001,47.5727272727273,23.3636363636364,2,10,100,8.8,2,5e+05,"150527_216.RData"
2,0.001,16.8909090909091,33.8090909090909,2,10,100,8.8,2,5e+05,"150527_217.RData"
5,0.001,34.5454545454545,27,2,10,100,7.6,2,5e+05,"150527_218.RData"
10,0.001,3.87272727272727,36.5363636363636,2,10,100,8.8,2,5e+05,"150527_219.RData"
10,0.001,14.6636363636364,33.5363636363636,2,10,100,8.8,2,5e+05,"150527_21.RData"
2,0.001,16.6909090909091,32.3272727272727,2,10,100,9,2,5e+05,"150527_220.RData"
5,0.001,21.1090909090909,30.4636363636364,2,10,100,9,2,5e+05,"150527_221.RData"
10,0.001,17.0272727272727,33.1454545454545,2,10,100,9,2,5e+05,"150527_222.RData"
2,0.001,16.4,34.8090909090909,2,10,100,9,2,5e+05,"150527_223.RData"
5,0.001,13.7,34.3909090909091,2,10,100,9,2,5e+05,"150527_224.RData"
10,0.001,17.9818181818182,32.6090909090909,2,10,100,8.8,2,5e+05,"150527_225.RData"
2,0.001,16.1181818181818,33.3909090909091,2,10,100,8.6,2,5e+05,"150527_226.RData"
5,0.001,7.3,37.0727272727273,2,10,100,8.4,2,5e+05,"150527_227.RData"
10,0.001,19.1818181818182,33.2727272727273,2,10,100,8.6,2,5e+05,"150527_228.RData"
2,0.001,16.2636363636364,32.5545454545455,2,10,100,8.2,2,5e+05,"150527_229.RData"
2,0.001,31.5454545454545,28.6909090909091,2,10,100,8.2,2,5e+05,"150527_22.RData"
5,0.001,7.21818181818182,34.6454545454545,2,10,100,8.8,2,5e+05,"150527_230.RData"
10,0.001,3.9,34.5272727272727,2,10,100,8.6,2,5e+05,"150527_231.RData"
2,0.001,16.5363636363636,31.5545454545455,2,10,100,9,2,5e+05,"150527_232.RData"
5,0.001,19.1818181818182,29.1636363636364,2,10,100,9,2,5e+05,"150527_233.RData"
10,0.001,17.9,33.0909090909091,2,10,100,9,2,5e+05,"150527_234.RData"
2,0.001,15.7272727272727,36.4363636363636,2,10,100,9,2,5e+05,"150527_235.RData"
5,0.001,12.2909090909091,35.1,2,10,100,7.8,2,5e+05,"150527_236.RData"
10,0.001,17.2818181818182,31.9454545454545,2,10,100,9,2,5e+05,"150527_237.RData"
2,0.001,16.3363636363636,34.2909090909091,2,10,100,8.4,2,5e+05,"150527_238.RData"
5,0.001,7.39090909090909,34.9454545454545,2,10,100,8.8,2,5e+05,"150527_239.RData"
5,0.001,7.07272727272727,34.9545454545455,2,10,100,8.8,2,5e+05,"150527_23.RData"
10,0.001,4.00909090909091,36.1090909090909,2,10,100,8.6,2,5e+05,"150527_240.RData"
2,0.001,16.2454545454545,32.6363636363636,2,10,100,9,2,5e+05,"150527_241.RData"
5,0.001,7.24545454545455,34.1636363636364,2,10,100,8.8,2,5e+05,"150527_242.RData"
10,0.001,4.10909090909091,34.7090909090909,2,10,100,8.8,2,5e+05,"150527_243.RData"
2,0.001,16.1727272727273,33.4363636363636,2,10,100,8.8,2,5e+05,"150527_244.RData"
5,0.001,7.97272727272727,34.2545454545455,2,10,100,8.8,2,5e+05,"150527_245.RData"
10,0.001,4.14545454545455,34.3181818181818,2,10,100,9,2,5e+05,"150527_246.RData"
2,0.001,16.4454545454545,33.5818181818182,2,10,100,9,2,5e+05,"150527_247.RData"
5,0.001,7.89090909090909,33.4545454545455,2,10,100,8.4,2,5e+05,"150527_248.RData"
10,0.001,17.5454545454545,32.6545454545455,2,10,100,9,2,5e+05,"150527_249.RData"
10,0.001,3.55454545454545,35.1545454545455,2,10,100,8.6,2,5e+05,"150527_24.RData"
2,0.001,16.2636363636364,32.4818181818182,2,10,100,9,2,5e+05,"150527_250.RData"
5,0.001,7.51818181818182,36.1363636363636,2,10,100,9,2,5e+05,"150527_251.RData"
10,0.001,16.2454545454545,33.5545454545455,2,10,100,8.6,2,5e+05,"150527_252.RData"
2,0.001,29.6090909090909,28.7636363636364,2,10,100,8.4,2,5e+05,"150527_253.RData"
5,0.001,21.0090909090909,32.7818181818182,2,10,100,9,2,5e+05,"150527_254.RData"
10,0.001,16.1,32.4818181818182,2,10,100,9,2,5e+05,"150527_255.RData"
2,0.001,17.0818181818182,33.4545454545455,2,10,100,9,2,5e+05,"150527_256.RData"
5,0.001,7.37272727272727,34.5727272727273,2,10,100,9,2,5e+05,"150527_257.RData"
10,0.001,3.9,37.0727272727273,2,10,100,8.8,2,5e+05,"150527_258.RData"
2,0.001,30.9363636363636,28.9090909090909,2,10,100,9,2,5e+05,"150527_259.RData"
2,0.001,16.6454545454545,33.0181818181818,2,10,100,8,2,5e+05,"150527_25.RData"
5,0.001,20.1727272727273,32.1818181818182,2,10,100,8.4,2,5e+05,"150527_260.RData"
10,0.001,9.87272727272727,38.3727272727273,2,10,100,8,2,5e+05,"150527_261.RData"
2,0.001,17.3727272727273,32.3545454545455,2,10,100,9,2,5e+05,"150527_262.RData"
5,0.001,21.5909090909091,34.1727272727273,2,10,100,8.4,2,5e+05,"150527_263.RData"
10,0.001,3.83636363636364,36.1363636363636,2,10,100,9,2,5e+05,"150527_264.RData"
2,0.001,16.1454545454545,32.8727272727273,2,10,100,8.2,2,5e+05,"150527_265.RData"
5,0.001,7.26363636363636,36.4909090909091,2,10,100,8.6,2,5e+05,"150527_266.RData"
10,0.001,4.05454545454545,34.8818181818182,2,10,100,9,2,5e+05,"150527_267.RData"
2,0.001,16.5727272727273,33.4272727272727,2,10,100,9,2,5e+05,"150527_268.RData"
5,0.001,34.8727272727273,28,2,10,100,8.2,2,5e+05,"150527_269.RData"
5,0.001,7.29090909090909,37.2090909090909,2,10,100,8.2,2,5e+05,"150527_26.RData"
10,0.001,19.1909090909091,32.4454545454545,2,10,100,9,2,5e+05,"150527_270.RData"
2,0.001,18.2909090909091,31.1636363636364,2,10,100,9,2,5e+05,"150527_271.RData"
5,0.001,7.49090909090909,38.0909090909091,2,10,100,9,2,5e+05,"150527_272.RData"
10,0.001,4.13636363636364,34.7454545454545,2,10,100,8.8,2,5e+05,"150527_273.RData"
2,0.001,15.9,33.6636363636364,2,10,100,9,2,5e+05,"150527_274.RData"
5,0.001,21.5,30.9181818181818,2,10,100,9,2,5e+05,"150527_275.RData"
10,0.001,4.02727272727273,36.2,2,10,100,9,2,5e+05,"150527_276.RData"
2,0.001,17.0181818181818,30.9181818181818,2,10,100,8.8,2,5e+05,"150527_277.RData"
5,0.001,7.74545454545455,36.5272727272727,2,10,100,9,2,5e+05,"150527_278.RData"
10,0.001,4.23636363636364,34.4363636363636,2,10,100,9,2,5e+05,"150527_279.RData"
10,0.001,3.99090909090909,37.1454545454545,2,10,100,9,2,5e+05,"150527_27.RData"
2,0.001,17.0636363636364,33.8909090909091,2,10,100,8.8,2,5e+05,"150527_280.RData"
5,0.001,7.16363636363636,36.7090909090909,2,10,100,9,2,5e+05,"150527_281.RData"
10,0.001,4.4,34.7909090909091,2,10,100,9,2,5e+05,"150527_282.RData"
2,0.001,27.3272727272727,30.7909090909091,2,10,100,8.8,2,5e+05,"150527_283.RData"
5,0.001,7.02727272727273,37.2272727272727,2,10,100,8.4,2,5e+05,"150527_284.RData"
10,0.001,3.74545454545455,37.2,2,10,100,8.6,2,5e+05,"150527_285.RData"
2,0.001,16.5727272727273,33.8909090909091,2,10,100,8.8,2,5e+05,"150527_286.RData"
5,0.001,22.4818181818182,32.2909090909091,2,10,100,8.8,2,5e+05,"150527_287.RData"
10,0.001,4.18181818181818,34.5909090909091,2,10,100,8.8,2,5e+05,"150527_288.RData"
2,0.001,17.2363636363636,30.0363636363636,2,10,100,9,2,5e+05,"150527_289.RData"
2,0.001,16.5,32.9363636363636,2,10,100,8.4,2,5e+05,"150527_28.RData"
5,0.001,19.8090909090909,35.5181818181818,2,10,100,8.6,2,5e+05,"150527_290.RData"
10,0.001,3.77272727272727,36.0454545454545,2,10,100,8.6,2,5e+05,"150527_291.RData"
2,0.001,29.0090909090909,30.7909090909091,2,10,100,8.8,2,5e+05,"150527_292.RData"
5,0.001,7.8,33.9909090909091,2,10,100,8.2,2,5e+05,"150527_293.RData"
10,0.001,3.98181818181818,35.4818181818182,2,10,100,8.6,2,5e+05,"150527_294.RData"
2,0.001,41.4090909090909,27.2181818181818,2,10,100,8.8,2,5e+05,"150527_295.RData"
5,0.001,7.05454545454545,36.8454545454545,2,10,100,9,2,5e+05,"150527_296.RData"
10,0.001,19.7,32.0272727272727,2,10,100,9,2,5e+05,"150527_297.RData"
2,0.001,17.6909090909091,33.2,2,10,100,9,2,5e+05,"150527_298.RData"
5,0.001,20.7545454545455,33.2272727272727,2,10,100,8.6,2,5e+05,"150527_299.RData"
5,0.001,47.0090909090909,27.6181818181818,2,10,100,8.8,2,5e+05,"150527_29.RData"
5,0.001,7.3,35.0909090909091,2,10,100,9,2,5e+05,"150527_2.RData"
10,0.001,28.3363636363636,31.9181818181818,2,10,100,8.6,2,5e+05,"150527_300.RData"
2,0.001,28.7454545454545,28.3,2,10,100,7.8,2,5e+05,"150527_301.RData"
5,0.001,7.68181818181818,33.4272727272727,2,10,100,9,2,5e+05,"150527_302.RData"
10,0.001,3.90909090909091,36.9909090909091,2,10,100,9,2,5e+05,"150527_303.RData"
2,0.001,16.4363636363636,33.1818181818182,2,10,100,8.6,2,5e+05,"150527_304.RData"
5,0.001,6.93636363636364,34.3090909090909,2,10,100,9,2,5e+05,"150527_305.RData"
10,0.001,3.91818181818182,35.2363636363636,2,10,100,9,2,5e+05,"150527_306.RData"
2,0.001,17.0545454545455,32.5363636363636,2,10,100,9,2,5e+05,"150527_307.RData"
5,0.001,8.01818181818182,34.7727272727273,2,10,100,9,2,5e+05,"150527_308.RData"
10,0.001,4.12727272727273,34.2727272727273,2,10,100,8,2,5e+05,"150527_309.RData"
10,0.001,3.95454545454545,35.3909090909091,2,10,100,9,2,5e+05,"150527_30.RData"
2,0.001,29.7636363636364,31.5727272727273,2,10,100,9,2,5e+05,"150527_310.RData"
5,0.001,7.65454545454545,35.2181818181818,2,10,100,9,2,5e+05,"150527_311.RData"
10,0.001,4.13636363636364,37.1545454545455,2,10,100,9,2,5e+05,"150527_312.RData"
2,0.001,16.5363636363636,30.8545454545455,2,10,100,8.6,2,5e+05,"150527_313.RData"
5,0.001,7.26363636363636,37.5454545454545,2,10,100,9,2,5e+05,"150527_314.RData"
10,0.001,19.3636363636364,28.7636363636364,2,10,100,8.6,2,5e+05,"150527_315.RData"
2,0.001,16.5909090909091,32.5363636363636,2,10,100,8.8,2,5e+05,"150527_316.RData"
5,0.001,7.73636363636364,34.2818181818182,2,10,100,8.6,2,5e+05,"150527_317.RData"
10,0.001,4.03636363636364,35.1090909090909,2,10,100,9,2,5e+05,"150527_318.RData"
2,0.001,16.8636363636364,32.1909090909091,2,10,100,8.8,2,5e+05,"150527_319.RData"
2,0.001,16.9818181818182,31.2636363636364,2,10,100,9,2,5e+05,"150527_31.RData"
5,0.001,7.75454545454545,39.5363636363636,2,10,100,8.8,2,5e+05,"150527_320.RData"
10,0.001,17.1818181818182,33.1727272727273,2,10,100,9,2,5e+05,"150527_321.RData"
2,0.001,16.1181818181818,35.8181818181818,2,10,100,8.4,2,5e+05,"150527_322.RData"
5,0.001,7.64545454545455,33.8909090909091,2,10,100,9,2,5e+05,"150527_323.RData"
10,0.001,3.94545454545455,38.0181818181818,2,10,100,9,2,5e+05,"150527_324.RData"
2,0.001,16.5818181818182,33.8272727272727,2,10,100,8.8,2,5e+05,"150527_325.RData"
5,0.001,8.1,34.2545454545455,2,10,100,9,2,5e+05,"150527_326.RData"
10,0.001,4.06363636363636,35.2454545454545,2,10,100,8.4,2,5e+05,"150527_327.RData"
2,0.001,31.2,27.2818181818182,2,10,100,9,2,5e+05,"150527_328.RData"
5,0.001,7.65454545454545,37.8454545454545,2,10,100,8.8,2,5e+05,"150527_329.RData"
5,0.001,7.45454545454546,35.5181818181818,2,10,100,9,2,5e+05,"150527_32.RData"
10,0.001,3.70909090909091,37.3272727272727,2,10,100,8.8,2,5e+05,"150527_330.RData"
2,0.001,15.7545454545455,32.2727272727273,2,10,100,8.8,2,5e+05,"150527_331.RData"
5,0.001,20.3272727272727,33.4909090909091,2,10,100,8,2,5e+05,"150527_332.RData"
10,0.001,4.34545454545455,35.8181818181818,2,10,100,8.6,2,5e+05,"150527_333.RData"
2,0.01,16.7,31.8454545454545,2,10,100,8.6,2,5e+05,"150527_334.RData"
5,0.01,7.3,35.2181818181818,2,10,100,9,2,5e+05,"150527_335.RData"
10,0.01,4.19090909090909,37.1090909090909,2,10,100,8.2,2,5e+05,"150527_336.RData"
2,0.01,15.9545454545455,35.0545454545455,2,10,100,9,2,5e+05,"150527_337.RData"
5,0.01,7.65454545454545,36.2181818181818,2,10,100,9,2,5e+05,"150527_338.RData"
10,0.01,4.18181818181818,36.5818181818182,2,10,100,8.8,2,5e+05,"150527_339.RData"
10,0.001,3.87272727272727,36.2,2,10,100,8.6,2,5e+05,"150527_33.RData"
2,0.01,16.9545454545455,32.2363636363636,2,10,100,8.8,2,5e+05,"150527_340.RData"
5,0.01,7.43636363636364,36.0727272727273,2,10,100,9,2,5e+05,"150527_341.RData"
10,0.01,4.1,35.0454545454545,2,10,100,8.8,2,5e+05,"150527_342.RData"
2,0.01,16.5818181818182,33.9,2,10,100,9,2,5e+05,"150527_343.RData"
5,0.01,7.56363636363636,34.4,2,10,100,8.6,2,5e+05,"150527_344.RData"
10,0.01,3.86363636363636,37.1,2,10,100,9,2,5e+05,"150527_345.RData"
2,0.01,16.5636363636364,32.6545454545455,2,10,100,8.8,2,5e+05,"150527_346.RData"
5,0.01,7.52727272727273,34.9363636363636,2,10,100,8.4,2,5e+05,"150527_347.RData"
10,0.01,4.3,34.6818181818182,2,10,100,8.8,2,5e+05,"150527_348.RData"
2,0.01,16.5454545454545,33.8363636363636,2,10,100,8.6,2,5e+05,"150527_349.RData"
2,0.001,16.4545454545455,33.1727272727273,2,10,100,9,2,5e+05,"150527_34.RData"
5,0.01,7.67272727272727,34.2545454545455,2,10,100,8.2,2,5e+05,"150527_350.RData"
10,0.01,4.01818181818182,36.3727272727273,2,10,100,8.8,2,5e+05,"150527_351.RData"
2,0.01,16.6909090909091,31.4636363636364,2,10,100,8.6,2,5e+05,"150527_352.RData"
5,0.01,6.83636363636364,36.0636363636364,2,10,100,8.2,2,5e+05,"150527_353.RData"
10,0.01,4.14545454545455,35,2,10,100,9,2,5e+05,"150527_354.RData"
2,0.01,16.8090909090909,32.3545454545455,2,10,100,9,2,5e+05,"150527_355.RData"
5,0.01,7.53636363636364,35.2181818181818,2,10,100,9,2,5e+05,"150527_356.RData"
10,0.01,3.96363636363636,36.0454545454545,2,10,100,9,2,5e+05,"150527_357.RData"
2,0.01,16.3454545454545,33.5181818181818,2,10,100,9,2,5e+05,"150527_358.RData"
5,0.01,7.9,34.1818181818182,2,10,100,8.6,2,5e+05,"150527_359.RData"
5,0.001,7.87272727272727,34.5090909090909,2,10,100,9,2,5e+05,"150527_35.RData"
10,0.01,3.92727272727273,36.7,2,10,100,9,2,5e+05,"150527_360.RData"
2,0.01,16.3545454545455,31.6909090909091,2,10,100,9,2,5e+05,"150527_361.RData"
5,0.01,7.11818181818182,37.0636363636364,2,10,100,9,2,5e+05,"150527_362.RData"
10,0.01,3.84545454545455,35.6818181818182,2,10,100,8.6,2,5e+05,"150527_363.RData"
2,0.01,16.5181818181818,32.4545454545455,2,10,100,9,2,5e+05,"150527_364.RData"
5,0.01,7.52727272727273,34.1727272727273,2,10,100,9,2,5e+05,"150527_365.RData"
10,0.01,3.93636363636364,35,2,10,100,8.6,2,5e+05,"150527_366.RData"
2,0.01,15.9545454545455,32.9818181818182,2,10,100,9,2,5e+05,"150527_367.RData"
5,0.01,7.07272727272727,35.2636363636364,2,10,100,8.4,2,5e+05,"150527_368.RData"
10,0.01,3.94545454545455,35.3545454545455,2,10,100,8.8,2,5e+05,"150527_369.RData"
10,0.001,29.3181818181818,31.3909090909091,2,10,100,8.8,2,5e+05,"150527_36.RData"
2,0.01,17.1272727272727,31.6818181818182,2,10,100,8.6,2,5e+05,"150527_370.RData"
5,0.01,7.11818181818182,35.2909090909091,2,10,100,9,2,5e+05,"150527_371.RData"
10,0.01,3.85454545454545,37.2636363636364,2,10,100,9,2,5e+05,"150527_372.RData"
2,0.01,16.7818181818182,33.4,2,10,100,8.8,2,5e+05,"150527_373.RData"
5,0.01,7.24545454545455,33.5,2,10,100,9,2,5e+05,"150527_374.RData"
10,0.01,3.72727272727273,37.6636363636364,2,10,100,9,2,5e+05,"150527_375.RData"
2,0.01,15.9818181818182,34.9909090909091,2,10,100,9,2,5e+05,"150527_376.RData"
5,0.01,7.7,33.4181818181818,2,10,100,8.8,2,5e+05,"150527_377.RData"
10,0.01,3.83636363636364,35.8545454545455,2,10,100,9,2,5e+05,"150527_378.RData"
2,0.01,17.5181818181818,29.8272727272727,2,10,100,8.8,2,5e+05,"150527_379.RData"
2,0.001,31.3,31.4909090909091,2,10,100,9,2,5e+05,"150527_37.RData"
5,0.01,7.59090909090909,33.5545454545455,2,10,100,9,2,5e+05,"150527_380.RData"
10,0.01,3.94545454545455,34.3363636363636,2,10,100,9,2,5e+05,"150527_381.RData"
2,0.01,16.5545454545455,32.2727272727273,2,10,100,9,2,5e+05,"150527_382.RData"
5,0.01,7.03636363636364,36.7818181818182,2,10,100,8,2,5e+05,"150527_383.RData"
10,0.01,3.99090909090909,37.3454545454545,2,10,100,9,2,5e+05,"150527_384.RData"
2,0.01,16.6727272727273,32.4545454545455,2,10,100,9,2,5e+05,"150527_385.RData"
5,0.01,7.65454545454545,33.6545454545455,2,10,100,8.6,2,5e+05,"150527_386.RData"
10,0.01,4.15454545454545,35.5363636363636,2,10,100,8.8,2,5e+05,"150527_387.RData"
2,0.01,16.6272727272727,31.0818181818182,2,10,100,8.8,2,5e+05,"150527_388.RData"
5,0.01,7.26363636363636,33.8636363636364,2,10,100,8.8,2,5e+05,"150527_389.RData"
5,0.001,23.2090909090909,30.4363636363636,2,10,100,8.8,2,5e+05,"150527_38.RData"
10,0.01,4.04545454545455,34.6727272727273,2,10,100,8,2,5e+05,"150527_390.RData"
2,0.01,16.8818181818182,32.9818181818182,2,10,100,9,2,5e+05,"150527_391.RData"
5,0.01,7.94545454545455,34.9363636363636,2,10,100,8.6,2,5e+05,"150527_392.RData"
10,0.01,3.98181818181818,34.1909090909091,2,10,100,9,2,5e+05,"150527_393.RData"
2,0.01,16.4636363636364,32.6,2,10,100,8.4,2,5e+05,"150527_394.RData"
5,0.01,7.45454545454546,35,2,10,100,8.6,2,5e+05,"150527_395.RData"
10,0.01,4.08181818181818,35.2636363636364,2,10,100,9,2,5e+05,"150527_396.RData"
2,0.01,16.2545454545455,33.5727272727273,2,10,100,9,2,5e+05,"150527_397.RData"
5,0.01,7.50909090909091,37.1727272727273,2,10,100,9,2,5e+05,"150527_398.RData"
10,0.01,3.90909090909091,37.2363636363636,2,10,100,8.8,2,5e+05,"150527_399.RData"
10,0.001,3.88181818181818,35.6454545454545,2,10,100,8.8,2,5e+05,"150527_39.RData"
10,0.001,4.16363636363636,34.9181818181818,2,10,100,9,2,5e+05,"150527_3.RData"
2,0.01,16.8090909090909,31.4,2,10,100,9,2,5e+05,"150527_400.RData"
5,0.01,7.90909090909091,34.0090909090909,2,10,100,8.6,2,5e+05,"150527_401.RData"
10,0.01,4.07272727272727,35.1545454545455,2,10,100,9,2,5e+05,"150527_402.RData"
2,0.01,15.6636363636364,34.0818181818182,2,10,100,9,2,5e+05,"150527_403.RData"
5,0.01,7.84545454545455,36.3,2,10,100,9,2,5e+05,"150527_404.RData"
10,0.01,4.02727272727273,35.6636363636364,2,10,100,8.6,2,5e+05,"150527_405.RData"
2,0.01,16.4909090909091,30.2181818181818,2,10,100,9,2,5e+05,"150527_406.RData"
5,0.01,7.3,37.7272727272727,2,10,100,9,2,5e+05,"150527_407.RData"
10,0.01,3.79090909090909,34.9181818181818,2,10,100,8.8,2,5e+05,"150527_408.RData"
2,0.01,17.0363636363636,33.6454545454545,2,10,100,8.8,2,5e+05,"150527_409.RData"
2,0.001,28.3545454545455,28.8363636363636,2,10,100,9,2,5e+05,"150527_40.RData"
5,0.01,7.63636363636364,34.4636363636364,2,10,100,8.2,2,5e+05,"150527_410.RData"
10,0.01,3.69090909090909,34.8909090909091,2,10,100,8.8,2,5e+05,"150527_411.RData"
2,0.01,16.6818181818182,31.3727272727273,2,10,100,9,2,5e+05,"150527_412.RData"
5,0.01,7.7,34.7454545454545,2,10,100,8.8,2,5e+05,"150527_413.RData"
10,0.01,3.97272727272727,36.3909090909091,2,10,100,9,2,5e+05,"150527_414.RData"
2,0.01,16.3363636363636,33.3727272727273,2,10,100,9,2,5e+05,"150527_415.RData"
5,0.01,7.40909090909091,36.5545454545455,2,10,100,8.8,2,5e+05,"150527_416.RData"
10,0.01,3.86363636363636,39.4727272727273,2,10,100,8.8,2,5e+05,"150527_417.RData"
2,0.01,16.2363636363636,34.4,2,10,100,8.6,2,5e+05,"150527_418.RData"
5,0.01,7,34.3545454545455,2,10,100,8.8,2,5e+05,"150527_419.RData"
5,0.001,7.86363636363636,34.0727272727273,2,10,100,8.8,2,5e+05,"150527_41.RData"
10,0.01,3.91818181818182,35.1181818181818,2,10,100,9,2,5e+05,"150527_420.RData"
2,0.01,16.3181818181818,30.9363636363636,2,10,100,8.4,2,5e+05,"150527_421.RData"
5,0.01,7.65454545454545,34.8363636363636,2,10,100,9,2,5e+05,"150527_422.RData"
10,0.01,3.82727272727273,35.8909090909091,2,10,100,9,2,5e+05,"150527_423.RData"
2,0.01,16.1909090909091,33.8636363636364,2,10,100,8.6,2,5e+05,"150527_424.RData"
5,0.01,7.71818181818182,34.9272727272727,2,10,100,9,2,5e+05,"150527_425.RData"
10,0.01,4.08181818181818,36.5090909090909,2,10,100,9,2,5e+05,"150527_426.RData"
2,0.01,16.8363636363636,32.5272727272727,2,10,100,8.6,2,5e+05,"150527_427.RData"
5,0.01,7.34545454545455,35.3909090909091,2,10,100,8.8,2,5e+05,"150527_428.RData"
10,0.01,4.00909090909091,35.6454545454545,2,10,100,8.8,2,5e+05,"150527_429.RData"
10,0.001,3.84545454545455,36.2818181818182,2,10,100,9,2,5e+05,"150527_42.RData"
2,0.01,17.2818181818182,31.1090909090909,2,10,100,9,2,5e+05,"150527_430.RData"
5,0.01,7.49090909090909,33.7818181818182,2,10,100,8.2,2,5e+05,"150527_431.RData"
10,0.01,3.63636363636364,35.4818181818182,2,10,100,8.8,2,5e+05,"150527_432.RData"
2,0.01,16.8272727272727,33.4181818181818,2,10,100,9,2,5e+05,"150527_433.RData"
5,0.01,7.37272727272727,34.5090909090909,2,10,100,8.8,2,5e+05,"150527_434.RData"
10,0.01,4.09090909090909,35.9363636363636,2,10,100,9,2,5e+05,"150527_435.RData"
2,0.01,14.8818181818182,31.9909090909091,2,10,100,8.2,2,5e+05,"150527_436.RData"
5,0.01,7.12727272727273,35.6818181818182,2,10,100,9,2,5e+05,"150527_437.RData"
10,0.01,3.60909090909091,36.4,2,10,100,8.8,2,5e+05,"150527_438.RData"
2,0.01,16.9454545454545,33.3090909090909,2,10,100,8.6,2,5e+05,"150527_439.RData"
2,0.001,16.5545454545455,32.3090909090909,2,10,100,8.8,2,5e+05,"150527_43.RData"
5,0.01,7.9,33.3181818181818,2,10,100,8.8,2,5e+05,"150527_440.RData"
10,0.01,4.00909090909091,35.7727272727273,2,10,100,8.4,2,5e+05,"150527_441.RData"
2,0.01,15.9909090909091,32.6363636363636,2,10,100,8.4,2,5e+05,"150527_442.RData"
5,0.01,7.39090909090909,36.5636363636364,2,10,100,8.8,2,5e+05,"150527_443.RData"
10,0.01,3.86363636363636,34.7363636363636,2,10,100,8.8,2,5e+05,"150527_444.RData"
2,0.01,16.6636363636364,32.4090909090909,2,10,100,9,2,5e+05,"150527_445.RData"
5,0.01,7.63636363636364,36.1727272727273,2,10,100,8.8,2,5e+05,"150527_446.RData"
10,0.01,3.92727272727273,35.8454545454545,2,10,100,9,2,5e+05,"150527_447.RData"
2,0.01,16.6,31.6181818181818,2,10,100,8.8,2,5e+05,"150527_448.RData"
5,0.01,7.52727272727273,34.5454545454545,2,10,100,8.8,2,5e+05,"150527_449.RData"
5,0.001,19.5090909090909,32.2818181818182,2,10,100,8.6,2,5e+05,"150527_44.RData"
10,0.01,3.57272727272727,36.9818181818182,2,10,100,9,2,5e+05,"150527_450.RData"
2,0.01,16.8272727272727,33.6636363636364,2,10,100,8.8,2,5e+05,"150527_451.RData"
5,0.01,7.04545454545454,36.2454545454545,2,10,100,8.2,2,5e+05,"150527_452.RData"
10,0.01,3.97272727272727,37.4363636363636,2,10,100,8.6,2,5e+05,"150527_453.RData"
2,0.01,16.2272727272727,33.5818181818182,2,10,100,9,2,5e+05,"150527_454.RData"
5,0.01,7.60909090909091,34.4272727272727,2,10,100,9,2,5e+05,"150527_455.RData"
10,0.01,4.00909090909091,34.6454545454545,2,10,100,8.8,2,5e+05,"150527_456.RData"
2,0.01,16.6727272727273,32.1818181818182,2,10,100,9,2,5e+05,"150527_457.RData"
5,0.01,7.48181818181818,36.9909090909091,2,10,100,9,2,5e+05,"150527_458.RData"
10,0.01,4.22727272727273,34.7636363636364,2,10,100,9,2,5e+05,"150527_459.RData"
10,0.001,18.8272727272727,32.5636363636364,2,10,100,8.4,2,5e+05,"150527_45.RData"
2,0.01,17.2727272727273,30.8727272727273,2,10,100,8.8,2,5e+05,"150527_460.RData"
5,0.01,7.4,34.4090909090909,2,10,100,9,2,5e+05,"150527_461.RData"
10,0.01,4.20909090909091,35.0727272727273,2,10,100,8.6,2,5e+05,"150527_462.RData"
2,0.01,16.1272727272727,34.0818181818182,2,10,100,9,2,5e+05,"150527_463.RData"
5,0.01,7.08181818181818,34.2272727272727,2,10,100,8.2,2,5e+05,"150527_464.RData"
10,0.01,3.72727272727273,38.2909090909091,2,10,100,9,2,5e+05,"150527_465.RData"
2,0.01,16.4,32.1272727272727,2,10,100,8.8,2,5e+05,"150527_466.RData"
5,0.01,7.31818181818182,35.2636363636364,2,10,100,9,2,5e+05,"150527_467.RData"
10,0.01,3.96363636363636,36.9636363636364,2,10,100,8.6,2,5e+05,"150527_468.RData"
2,0.01,16.1,33.4272727272727,2,10,100,8.4,2,5e+05,"150527_469.RData"
2,0.001,16.8909090909091,32.8272727272727,2,10,100,9,2,5e+05,"150527_46.RData"
5,0.01,7.08181818181818,34.8272727272727,2,10,100,9,2,5e+05,"150527_470.RData"
10,0.01,3.75454545454545,35.9909090909091,2,10,100,9,2,5e+05,"150527_471.RData"
2,0.01,16.8818181818182,33.0636363636364,2,10,100,8.6,2,5e+05,"150527_472.RData"
5,0.01,7.15454545454545,33.9,2,10,100,9,2,5e+05,"150527_473.RData"
10,0.01,4.1,36.1272727272727,2,10,100,8.2,2,5e+05,"150527_474.RData"
2,0.01,16.8454545454545,33.2818181818182,2,10,100,9,2,5e+05,"150527_475.RData"
5,0.01,7.73636363636364,34.4909090909091,2,10,100,8.8,2,5e+05,"150527_476.RData"
10,0.01,3.65454545454545,34.9727272727273,2,10,100,9,2,5e+05,"150527_477.RData"
2,0.01,16.3636363636364,34.2545454545455,2,10,100,8.4,2,5e+05,"150527_478.RData"
5,0.01,7.19090909090909,36.1363636363636,2,10,100,8.6,2,5e+05,"150527_479.RData"
5,0.001,7.79090909090909,34.2,2,10,100,9,2,5e+05,"150527_47.RData"
10,0.01,3.65454545454545,34.7909090909091,2,10,100,9,2,5e+05,"150527_480.RData"
2,0.01,16.9454545454545,31.4909090909091,2,10,100,8.4,2,5e+05,"150527_481.RData"
5,0.01,7.51818181818182,35.5636363636364,2,10,100,9,2,5e+05,"150527_482.RData"
10,0.01,4.03636363636364,35.8,2,10,100,8.6,2,5e+05,"150527_483.RData"
2,0.01,17.1090909090909,30.5545454545455,2,10,100,8.6,2,5e+05,"150527_484.RData"
5,0.01,7.07272727272727,34.9636363636364,2,10,100,9,2,5e+05,"150527_485.RData"
10,0.01,3.74545454545455,35.9272727272727,2,10,100,9,2,5e+05,"150527_486.RData"
2,0.01,16.7818181818182,33.6090909090909,2,10,100,8.6,2,5e+05,"150527_487.RData"
5,0.01,7.47272727272727,33.8818181818182,2,10,100,9,2,5e+05,"150527_488.RData"
10,0.01,3.88181818181818,35.9272727272727,2,10,100,9,2,5e+05,"150527_489.RData"
10,0.001,4.19090909090909,35.0363636363636,2,10,100,8,2,5e+05,"150527_48.RData"
2,0.01,16.1818181818182,33.9181818181818,2,10,100,8.4,2,5e+05,"150527_490.RData"
5,0.01,7.63636363636364,36.9818181818182,2,10,100,9,2,5e+05,"150527_491.RData"
10,0.01,4.19090909090909,34.6818181818182,2,10,100,9,2,5e+05,"150527_492.RData"
2,0.01,16.5181818181818,33.9454545454545,2,10,100,8.6,2,5e+05,"150527_493.RData"
5,0.01,7.64545454545455,34.3,2,10,100,9,2,5e+05,"150527_494.RData"
10,0.01,3.9,38.3272727272727,2,10,100,8.4,2,5e+05,"150527_495.RData"
2,0.01,16.6181818181818,31.3181818181818,2,10,100,9,2,5e+05,"150527_496.RData"
5,0.01,6.9,34.2727272727273,2,10,100,8.2,2,5e+05,"150527_497.RData"
10,0.01,3.84545454545455,37.0454545454545,2,10,100,9,2,5e+05,"150527_498.RData"
2,0.01,16.3909090909091,32.5363636363636,2,10,100,9,2,5e+05,"150527_499.RData"
2,0.001,40.5818181818182,26.7181818181818,2,10,100,9,2,5e+05,"150527_49.RData"
2,0.001,16.4636363636364,35.1181818181818,2,10,100,9,2,5e+05,"150527_4.RData"
5,0.01,7.83636363636364,33.7272727272727,2,10,100,9,2,5e+05,"150527_500.RData"
10,0.01,4.16363636363636,34.8636363636364,2,10,100,9,2,5e+05,"150527_501.RData"
2,0.01,16.7909090909091,32.8272727272727,2,10,100,9,2,5e+05,"150527_502.RData"
5,0.01,7.45454545454546,34.5818181818182,2,10,100,9,2,5e+05,"150527_503.RData"
10,0.01,4.19090909090909,35.2909090909091,2,10,100,8.6,2,5e+05,"150527_504.RData"
2,0.01,17.1454545454545,32.6545454545455,2,10,100,8.8,2,5e+05,"150527_505.RData"
5,0.01,7.79090909090909,35.5,2,10,100,8.8,2,5e+05,"150527_506.RData"
10,0.01,3.99090909090909,35.4272727272727,2,10,100,8.4,2,5e+05,"150527_507.RData"
2,0.01,15.6181818181818,34.9909090909091,2,10,100,9,2,5e+05,"150527_508.RData"
5,0.01,7.87272727272727,32.5727272727273,2,10,100,9,2,5e+05,"150527_509.RData"
5,0.001,22.2636363636364,36.1636363636364,2,10,100,9,2,5e+05,"150527_50.RData"
10,0.01,3.77272727272727,36.1909090909091,2,10,100,8.8,2,5e+05,"150527_510.RData"
2,0.01,17.9272727272727,30.0272727272727,2,10,100,8.6,2,5e+05,"150527_511.RData"
5,0.01,7.81818181818182,34.1090909090909,2,10,100,8,2,5e+05,"150527_512.RData"
10,0.01,3.86363636363636,36.1636363636364,2,10,100,9,2,5e+05,"150527_513.RData"
2,0.01,16.7545454545455,32.7909090909091,2,10,100,8.2,2,5e+05,"150527_514.RData"
5,0.01,7.64545454545455,37.1181818181818,2,10,100,9,2,5e+05,"150527_515.RData"
10,0.01,3.91818181818182,37.6272727272727,2,10,100,8.8,2,5e+05,"150527_516.RData"
2,0.01,16.5,34.5454545454545,2,10,100,8.2,2,5e+05,"150527_517.RData"
5,0.01,7.3,33.6454545454545,2,10,100,9,2,5e+05,"150527_518.RData"
10,0.01,3.95454545454545,36.7818181818182,2,10,100,9,2,5e+05,"150527_519.RData"
10,0.001,3.99090909090909,36.2454545454545,2,10,100,8.6,2,5e+05,"150527_51.RData"
2,0.01,17,33.3727272727273,2,10,100,9,2,5e+05,"150527_520.RData"
5,0.01,7.50909090909091,34.4636363636364,2,10,100,8.8,2,5e+05,"150527_521.RData"
10,0.01,3.88181818181818,34.6454545454545,2,10,100,8.4,2,5e+05,"150527_522.RData"
2,0.01,17.7272727272727,31.1363636363636,2,10,100,8.6,2,5e+05,"150527_523.RData"
5,0.01,7.14545454545455,36.7181818181818,2,10,100,8.4,2,5e+05,"150527_524.RData"
10,0.01,4.19090909090909,36.3181818181818,2,10,100,9,2,5e+05,"150527_525.RData"
2,0.01,16.6,35.2909090909091,2,10,100,8.4,2,5e+05,"150527_526.RData"
5,0.01,7.24545454545455,35.2,2,10,100,8.8,2,5e+05,"150527_527.RData"
10,0.01,3.75454545454545,37.4727272727273,2,10,100,8.8,2,5e+05,"150527_528.RData"
2,0.01,16.4181818181818,33.1363636363636,2,10,100,8.8,2,5e+05,"150527_529.RData"
2,0.001,16.8727272727273,31.8818181818182,2,10,100,9,2,5e+05,"150527_52.RData"
5,0.01,7.17272727272727,35.4909090909091,2,10,100,9,2,5e+05,"150527_530.RData"
10,0.01,4.00909090909091,36.3272727272727,2,10,100,9,2,5e+05,"150527_531.RData"
2,0.01,17.0181818181818,32.9363636363636,2,10,100,9,2,5e+05,"150527_532.RData"
5,0.01,7.3,37.1545454545455,2,10,100,8.8,2,5e+05,"150527_533.RData"
10,0.01,3.95454545454545,37.1545454545455,2,10,100,9,2,5e+05,"150527_534.RData"
2,0.01,16.2181818181818,33.9818181818182,2,10,100,9,2,5e+05,"150527_535.RData"
5,0.01,7.55454545454545,35.4363636363636,2,10,100,8.8,2,5e+05,"150527_536.RData"
10,0.01,3.88181818181818,36.5636363636364,2,10,100,8.8,2,5e+05,"150527_537.RData"
2,0.01,16.4909090909091,33.5636363636364,2,10,100,8.6,2,5e+05,"150527_538.RData"
5,0.01,7.19090909090909,37.4090909090909,2,10,100,8.4,2,5e+05,"150527_539.RData"
5,0.001,7.22727272727273,35.9090909090909,2,10,100,8.8,2,5e+05,"150527_53.RData"
10,0.01,3.99090909090909,37.5727272727273,2,10,100,9,2,5e+05,"150527_540.RData"
2,0.01,17.2363636363636,31.0090909090909,2,10,100,8.6,2,5e+05,"150527_541.RData"
5,0.01,7.35454545454545,34.4090909090909,2,10,100,8.8,2,5e+05,"150527_542.RData"
10,0.01,4.22727272727273,35.1636363636364,2,10,100,8.6,2,5e+05,"150527_543.RData"
2,0.01,16.8909090909091,30.8636363636364,2,10,100,8.8,2,5e+05,"150527_544.RData"
5,0.01,7.16363636363636,34.7818181818182,2,10,100,9,2,5e+05,"150527_545.RData"
10,0.01,3.99090909090909,36.0727272727273,2,10,100,8.8,2,5e+05,"150527_546.RData"
2,0.01,16.1272727272727,32.1090909090909,2,10,100,8.8,2,5e+05,"150527_547.RData"
5,0.01,7.26363636363636,35.5454545454545,2,10,100,8.2,2,5e+05,"150527_548.RData"
10,0.01,3.76363636363636,34.0818181818182,2,10,100,8.8,2,5e+05,"150527_549.RData"
10,0.001,4.11818181818182,36.8272727272727,2,10,100,9,2,5e+05,"150527_54.RData"
2,0.01,16.6090909090909,29.4181818181818,2,10,100,9,2,5e+05,"150527_550.RData"
5,0.01,7.09090909090909,35.6727272727273,2,10,100,9,2,5e+05,"150527_551.RData"
10,0.01,3.90909090909091,35.4454545454545,2,10,100,9,2,5e+05,"150527_552.RData"
2,0.01,16.6727272727273,32.0363636363636,2,10,100,9,2,5e+05,"150527_553.RData"
5,0.01,7.74545454545455,35.8181818181818,2,10,100,7.2,2,5e+05,"150527_554.RData"
10,0.01,4.41818181818182,34.5,2,10,100,8.8,2,5e+05,"150527_555.RData"
2,0.01,16.2181818181818,30.8727272727273,2,10,100,8.8,2,5e+05,"150527_556.RData"
5,0.01,7.43636363636364,34.8090909090909,2,10,100,8.6,2,5e+05,"150527_557.RData"
10,0.01,3.82727272727273,35.0545454545455,2,10,100,8.8,2,5e+05,"150527_558.RData"
2,0.01,16.8,32.2545454545455,2,10,100,9,2,5e+05,"150527_559.RData"
2,0.001,16.6545454545455,32.2545454545455,2,10,100,9,2,5e+05,"150527_55.RData"
5,0.01,7.30909090909091,34.6363636363636,2,10,100,8.8,2,5e+05,"150527_560.RData"
10,0.01,3.75454545454545,36.5545454545455,2,10,100,8.4,2,5e+05,"150527_561.RData"
2,0.01,16.8454545454545,32.1272727272727,2,10,100,8.8,2,5e+05,"150527_562.RData"
5,0.01,7.32727272727273,35.4272727272727,2,10,100,9,2,5e+05,"150527_563.RData"
10,0.01,3.97272727272727,38.3363636363636,2,10,100,8.8,2,5e+05,"150527_564.RData"
2,0.01,16.5090909090909,30.9909090909091,2,10,100,9,2,5e+05,"150527_565.RData"
5,0.01,7.40909090909091,36.5545454545455,2,10,100,8.8,2,5e+05,"150527_566.RData"
10,0.01,4.20909090909091,38.2545454545455,2,10,100,9,2,5e+05,"150527_567.RData"
2,0.01,17.1454545454545,31.7909090909091,2,10,100,8.8,2,5e+05,"150527_568.RData"
5,0.01,7.25454545454545,36.8636363636364,2,10,100,9,2,5e+05,"150527_569.RData"
5,0.001,7.62727272727273,34.9,2,10,100,8.2,2,5e+05,"150527_56.RData"
10,0.01,4.37272727272727,35.5818181818182,2,10,100,8.8,2,5e+05,"150527_570.RData"
2,0.01,17.4727272727273,32.0909090909091,2,10,100,9,2,5e+05,"150527_571.RData"
5,0.01,7.9,38.3272727272727,2,10,100,9,2,5e+05,"150527_572.RData"
10,0.01,4.16363636363636,34.5727272727273,2,10,100,9,2,5e+05,"150527_573.RData"
2,0.01,16.1545454545455,32.3,2,10,100,8.8,2,5e+05,"150527_574.RData"
5,0.01,7.16363636363636,39.1363636363636,2,10,100,8.4,2,5e+05,"150527_575.RData"
10,0.01,3.36363636363636,36.6090909090909,2,10,100,9,2,5e+05,"150527_576.RData"
2,0.01,16.3454545454545,35.1727272727273,2,10,100,8.8,2,5e+05,"150527_577.RData"
5,0.01,7.73636363636364,34.0818181818182,2,10,100,8.6,2,5e+05,"150527_578.RData"
10,0.01,3.92727272727273,34.5,2,10,100,9,2,5e+05,"150527_579.RData"
10,0.001,28.3545454545455,26.9545454545455,2,10,100,9,2,5e+05,"150527_57.RData"
2,0.01,16.9363636363636,32.0727272727273,2,10,100,8.8,2,5e+05,"150527_580.RData"
5,0.01,7.54545454545454,33.1181818181818,2,10,100,8.6,2,5e+05,"150527_581.RData"
10,0.01,3.80909090909091,34.7818181818182,2,10,100,8.8,2,5e+05,"150527_582.RData"
2,0.01,16.8818181818182,31.0363636363636,2,10,100,8.6,2,5e+05,"150527_583.RData"
5,0.01,7.8,35.6909090909091,2,10,100,8.6,2,5e+05,"150527_584.RData"
10,0.01,3.76363636363636,34.7272727272727,2,10,100,8.4,2,5e+05,"150527_585.RData"
2,0.01,16.3909090909091,32.3090909090909,2,10,100,7.8,2,5e+05,"150527_586.RData"
5,0.01,7.78181818181818,34.7545454545455,2,10,100,8.6,2,5e+05,"150527_587.RData"
10,0.01,4.20909090909091,35.7454545454545,2,10,100,8.4,2,5e+05,"150527_588.RData"
2,0.01,16.2272727272727,31.7454545454545,2,10,100,8.6,2,5e+05,"150527_589.RData"
2,0.001,28.3636363636364,29.5090909090909,2,10,100,9,2,5e+05,"150527_58.RData"
5,0.01,7.19090909090909,36.3363636363636,2,10,100,8.2,2,5e+05,"150527_590.RData"
10,0.01,3.88181818181818,36.2727272727273,2,10,100,8.2,2,5e+05,"150527_591.RData"
2,0.01,17.6545454545455,32.7818181818182,2,10,100,7.4,2,5e+05,"150527_592.RData"
5,0.01,7.68181818181818,35.2363636363636,2,10,100,8.6,2,5e+05,"150527_593.RData"
10,0.01,3.98181818181818,36,2,10,100,8.6,2,5e+05,"150527_594.RData"
2,0.01,16.6,32.0272727272727,2,10,100,9,2,5e+05,"150527_595.RData"
5,0.01,7.82727272727273,33.7909090909091,2,10,100,9,2,5e+05,"150527_596.RData"
10,0.01,4.1,34.8090909090909,2,10,100,8.2,2,5e+05,"150527_597.RData"
2,0.01,15.4818181818182,34.9,2,10,100,8.8,2,5e+05,"150527_598.RData"
5,0.01,7.6,35.3363636363636,2,10,100,8.2,2,5e+05,"150527_599.RData"
5,0.001,8.02727272727273,35.2,2,10,100,9,2,5e+05,"150527_59.RData"
5,0.001,20.3363636363636,32.5545454545455,2,10,100,8.2,2,5e+05,"150527_5.RData"
10,0.01,3.60909090909091,34.2272727272727,2,10,100,8.4,2,5e+05,"150527_600.RData"
2,0.01,16.7363636363636,33.9181818181818,2,10,100,8.8,2,5e+05,"150527_601.RData"
5,0.01,7.7,35.0090909090909,2,10,100,9,2,5e+05,"150527_602.RData"
10,0.01,4.19090909090909,36.6363636363636,2,10,100,8.8,2,5e+05,"150527_603.RData"
2,0.01,16.6909090909091,34.3,2,10,100,9,2,5e+05,"150527_604.RData"
5,0.01,7.72727272727273,34.5090909090909,2,10,100,8.6,2,5e+05,"150527_605.RData"
10,0.01,3.98181818181818,36.5,2,10,100,8.8,2,5e+05,"150527_606.RData"
2,0.01,16.0363636363636,34.4181818181818,2,10,100,8.6,2,5e+05,"150527_607.RData"
5,0.01,7.98181818181818,34.4636363636364,2,10,100,9,2,5e+05,"150527_608.RData"
10,0.01,3.91818181818182,36.8454545454545,2,10,100,8.6,2,5e+05,"150527_609.RData"
10,0.001,3.97272727272727,36.8090909090909,2,10,100,9,2,5e+05,"150527_60.RData"
2,0.01,16.5545454545455,34.5454545454545,2,10,100,8.8,2,5e+05,"150527_610.RData"
5,0.01,7.12727272727273,34.5454545454545,2,10,100,8.8,2,5e+05,"150527_611.RData"
10,0.01,4.07272727272727,34.1636363636364,2,10,100,9,2,5e+05,"150527_612.RData"
2,0.01,16.1818181818182,31.6090909090909,2,10,100,9,2,5e+05,"150527_613.RData"
5,0.01,7.72727272727273,33.7454545454545,2,10,100,8.6,2,5e+05,"150527_614.RData"
10,0.01,4.30909090909091,33.9727272727273,2,10,100,8.8,2,5e+05,"150527_615.RData"
2,0.01,16.6181818181818,31.7727272727273,2,10,100,9,2,5e+05,"150527_616.RData"
5,0.01,7.16363636363636,36.0727272727273,2,10,100,9,2,5e+05,"150527_617.RData"
10,0.01,3.91818181818182,35.9818181818182,2,10,100,8,2,5e+05,"150527_618.RData"
2,0.01,16.8090909090909,31.5363636363636,2,10,100,8.8,2,5e+05,"150527_619.RData"
2,0.001,28.1363636363636,30.2454545454545,2,10,100,8.4,2,5e+05,"150527_61.RData"
5,0.01,7.13636363636364,34.3545454545455,2,10,100,8.4,2,5e+05,"150527_620.RData"
10,0.01,4.22727272727273,36.7818181818182,2,10,100,9,2,5e+05,"150527_621.RData"
2,0.01,16.6272727272727,34.1090909090909,2,10,100,9,2,5e+05,"150527_622.RData"
5,0.01,7.26363636363636,35.0090909090909,2,10,100,8.6,2,5e+05,"150527_623.RData"
10,0.01,4.18181818181818,33.9909090909091,2,10,100,8.2,2,5e+05,"150527_624.RData"
2,0.01,16.8727272727273,34.0363636363636,2,10,100,8.8,2,5e+05,"150527_625.RData"
5,0.01,7.34545454545455,34.8636363636364,2,10,100,9,2,5e+05,"150527_626.RData"
10,0.01,3.97272727272727,36.0272727272727,2,10,100,9,2,5e+05,"150527_627.RData"
2,0.01,17.3181818181818,32.8727272727273,2,10,100,8.4,2,5e+05,"150527_628.RData"
5,0.01,7.5,34.3090909090909,2,10,100,9,2,5e+05,"150527_629.RData"
5,0.001,7.24545454545455,34.6727272727273,2,10,100,9,2,5e+05,"150527_62.RData"
10,0.01,3.93636363636364,37.4818181818182,2,10,100,9,2,5e+05,"150527_630.RData"
2,0.01,17.3909090909091,31.0363636363636,2,10,100,9,2,5e+05,"150527_631.RData"
5,0.01,7.61818181818182,33.6545454545455,2,10,100,8.6,2,5e+05,"150527_632.RData"
10,0.01,4.1,36.1,2,10,100,8.6,2,5e+05,"150527_633.RData"
2,0.01,16.7272727272727,30.2363636363636,2,10,100,9,2,5e+05,"150527_634.RData"
5,0.01,7.39090909090909,34.7272727272727,2,10,100,8.4,2,5e+05,"150527_635.RData"
10,0.01,4.10909090909091,34.4909090909091,2,10,100,9,2,5e+05,"150527_636.RData"
2,0.01,16.4454545454545,32.8909090909091,2,10,100,9,2,5e+05,"150527_637.RData"
5,0.01,7.46363636363636,34.6272727272727,2,10,100,9,2,5e+05,"150527_638.RData"
10,0.01,4.19090909090909,34.3363636363636,2,10,100,9,2,5e+05,"150527_639.RData"
10,0.001,20.6454545454545,34.3181818181818,2,10,100,9,2,5e+05,"150527_63.RData"
2,0.01,16.0636363636364,33.3454545454545,2,10,100,8.8,2,5e+05,"150527_640.RData"
5,0.01,7.86363636363636,36.2272727272727,2,10,100,9,2,5e+05,"150527_641.RData"
10,0.01,4,34.9454545454545,2,10,100,9,2,5e+05,"150527_642.RData"
2,0.01,16.6636363636364,31.9636363636364,2,10,100,8.6,2,5e+05,"150527_643.RData"
5,0.01,7.16363636363636,32.7181818181818,2,10,100,8.4,2,5e+05,"150527_644.RData"
10,0.01,4.01818181818182,36.3909090909091,2,10,100,9,2,5e+05,"150527_645.RData"
2,0.01,16.8727272727273,32.2909090909091,2,10,100,8.8,2,5e+05,"150527_646.RData"
5,0.01,7.64545454545454,34.2272727272727,2,10,100,8.8,2,5e+05,"150527_647.RData"
10,0.01,4.22727272727273,35.5090909090909,2,10,100,9,2,5e+05,"150527_648.RData"
2,0.01,16.6090909090909,32.4818181818182,2,10,100,8.6,2,5e+05,"150527_649.RData"
2,0.001,30.9181818181818,29.3181818181818,2,10,100,9,2,5e+05,"150527_64.RData"
5,0.01,7.5,33.3909090909091,2,10,100,8.6,2,5e+05,"150527_650.RData"
10,0.01,4.09090909090909,36.3636363636364,2,10,100,7.8,2,5e+05,"150527_651.RData"
2,0.01,16.8545454545455,32.1818181818182,2,10,100,9,2,5e+05,"150527_652.RData"
5,0.01,6.91818181818182,37.8272727272727,2,10,100,7.8,2,5e+05,"150527_653.RData"
10,0.01,4.17272727272727,34.7090909090909,2,10,100,9,2,5e+05,"150527_654.RData"
2,0.01,16.3909090909091,31.7090909090909,2,10,100,9,2,5e+05,"150527_655.RData"
5,0.01,7.20909090909091,35.9909090909091,2,10,100,8.8,2,5e+05,"150527_656.RData"
10,0.01,4.21818181818182,35.0636363636364,2,10,100,9,2,5e+05,"150527_657.RData"
2,0.01,16.8,34.6636363636364,2,10,100,9,2,5e+05,"150527_658.RData"
5,0.01,7.44545454545455,34.5909090909091,2,10,100,8.6,2,5e+05,"150527_659.RData"
5,0.001,7.60909090909091,33.9090909090909,2,10,100,9,2,5e+05,"150527_65.RData"
10,0.01,3.58181818181818,37.2545454545455,2,10,100,8.8,2,5e+05,"150527_660.RData"
2,0.01,16.9272727272727,31.7272727272727,2,10,100,8.6,2,5e+05,"150527_661.RData"
5,0.01,7.49090909090909,33.6727272727273,2,10,100,9,2,5e+05,"150527_662.RData"
10,0.01,3.91818181818182,38.3818181818182,2,10,100,9,2,5e+05,"150527_663.RData"
2,0.01,16.2636363636364,32.7454545454545,2,10,100,8.6,2,5e+05,"150527_664.RData"
5,0.01,7.44545454545455,34.3181818181818,2,10,100,8.8,2,5e+05,"150527_665.RData"
10,0.01,3.92727272727273,37.5818181818182,2,10,100,9,2,5e+05,"150527_666.RData"
2,0.1,16.8454545454545,33.2909090909091,2,10,100,9,2,5e+05,"150527_667.RData"
5,0.1,7.74545454545455,33.1636363636364,2,10,100,8,2,5e+05,"150527_668.RData"
10,0.1,4.02727272727273,36.0727272727273,2,10,100,8.6,2,5e+05,"150527_669.RData"
10,0.001,3.89090909090909,36.1818181818182,2,10,100,8.6,2,5e+05,"150527_66.RData"
2,0.1,16.6090909090909,33.0090909090909,2,10,100,9,2,5e+05,"150527_670.RData"
5,0.1,7.89090909090909,36.0636363636364,2,10,100,9,2,5e+05,"150527_671.RData"
10,0.1,3.73636363636364,36.7545454545455,2,10,100,8.4,2,5e+05,"150527_672.RData"
2,0.1,16.6545454545455,33.8,2,10,100,8.2,2,5e+05,"150527_673.RData"
5,0.1,6.91818181818182,36.7545454545455,2,10,100,8.2,2,5e+05,"150527_674.RData"
10,0.1,3.63636363636364,38.5181818181818,2,10,100,9,2,5e+05,"150527_675.RData"
2,0.1,17.5636363636364,31.9909090909091,2,10,100,8.8,2,5e+05,"150527_676.RData"
5,0.1,7.32727272727273,35.9909090909091,2,10,100,8.6,2,5e+05,"150527_677.RData"
10,0.1,3.7,41.4818181818182,2,10,100,8.8,2,5e+05,"150527_678.RData"
2,0.1,16.6636363636364,32.4454545454545,2,10,100,8.8,2,5e+05,"150527_679.RData"
2,0.001,28,29.0363636363636,2,10,100,8.8,2,5e+05,"150527_67.RData"
5,0.1,8.02727272727273,36.6181818181818,2,10,100,9,2,5e+05,"150527_680.RData"
10,0.1,3.82727272727273,36.3818181818182,2,10,100,9,2,5e+05,"150527_681.RData"
2,0.1,16.7909090909091,32.2272727272727,2,10,100,9,2,5e+05,"150527_682.RData"
5,0.1,7.58181818181818,35.9636363636364,2,10,100,8.6,2,5e+05,"150527_683.RData"
10,0.1,4.22727272727273,36.5090909090909,2,10,100,9,2,5e+05,"150527_684.RData"
2,0.1,15.9090909090909,32.5909090909091,2,10,100,9,2,5e+05,"150527_685.RData"
5,0.1,7.89090909090909,35.3181818181818,2,10,100,8.4,2,5e+05,"150527_686.RData"
10,0.1,3.94545454545455,35.0909090909091,2,10,100,9,2,5e+05,"150527_687.RData"
2,0.1,16,32.9090909090909,2,10,100,8.6,2,5e+05,"150527_688.RData"
5,0.1,7.24545454545455,32.5363636363636,2,10,100,9,2,5e+05,"150527_689.RData"
5,0.001,7.52727272727273,37.1454545454545,2,10,100,8.6,2,5e+05,"150527_68.RData"
10,0.1,3.98181818181818,36.8272727272727,2,10,100,8.6,2,5e+05,"150527_690.RData"
2,0.1,16.7090909090909,31.5272727272727,2,10,100,8.4,2,5e+05,"150527_691.RData"
5,0.1,7.74545454545455,35.6727272727273,2,10,100,9,2,5e+05,"150527_692.RData"
10,0.1,3.8,35.8,2,10,100,8.6,2,5e+05,"150527_693.RData"
2,0.1,16.3363636363636,32.4909090909091,2,10,100,8.8,2,5e+05,"150527_694.RData"
5,0.1,7.11818181818182,35.5636363636364,2,10,100,8.2,2,5e+05,"150527_695.RData"
10,0.1,3.99090909090909,35.0636363636364,2,10,100,8.6,2,5e+05,"150527_696.RData"
2,0.1,16.3090909090909,33.2818181818182,2,10,100,9,2,5e+05,"150527_697.RData"
5,0.1,7.58181818181818,33.3545454545455,2,10,100,9,2,5e+05,"150527_698.RData"
10,0.1,4.16363636363636,35.3545454545455,2,10,100,8.2,2,5e+05,"150527_699.RData"
10,0.001,18.4818181818182,31.9,2,10,100,8.6,2,5e+05,"150527_69.RData"
10,0.001,17.1818181818182,32.0727272727273,2,10,100,9,2,5e+05,"150527_6.RData"
2,0.1,17.0818181818182,33.2727272727273,2,10,100,9,2,5e+05,"150527_700.RData"
5,0.1,7.58181818181818,34.7,2,10,100,9,2,5e+05,"150527_701.RData"
10,0.1,3.84545454545455,36.8818181818182,2,10,100,8.8,2,5e+05,"150527_702.RData"
2,0.1,16.0090909090909,32.4,2,10,100,9,2,5e+05,"150527_703.RData"
5,0.1,7.58181818181818,33.7727272727273,2,10,100,8.8,2,5e+05,"150527_704.RData"
10,0.1,4,36.2545454545455,2,10,100,8.8,2,5e+05,"150527_705.RData"
2,0.1,15.7909090909091,32.7545454545455,2,10,100,9,2,5e+05,"150527_706.RData"
5,0.1,7.65454545454545,33.8909090909091,2,10,100,7.4,2,5e+05,"150527_707.RData"
10,0.1,3.81818181818182,38.8090909090909,2,10,100,9,2,5e+05,"150527_708.RData"
2,0.1,16.1181818181818,31.7909090909091,2,10,100,9,2,5e+05,"150527_709.RData"
2,0.001,16.4727272727273,32.8,2,10,100,8.6,2,5e+05,"150527_70.RData"
5,0.1,7.67272727272727,33.6545454545455,2,10,100,8.8,2,5e+05,"150527_710.RData"
10,0.1,4.13636363636364,35.7909090909091,2,10,100,9,2,5e+05,"150527_711.RData"
2,0.1,16.0545454545455,32.7454545454545,2,10,100,8.2,2,5e+05,"150527_712.RData"
5,0.1,7.18181818181818,35.6545454545455,2,10,100,8.8,2,5e+05,"150527_713.RData"
10,0.1,3.97272727272727,34.8,2,10,100,9,2,5e+05,"150527_714.RData"
2,0.1,16.1545454545455,32.2454545454545,2,10,100,8.2,2,5e+05,"150527_715.RData"
5,0.1,7.89090909090909,34.4545454545455,2,10,100,8.8,2,5e+05,"150527_716.RData"
10,0.1,3.79090909090909,35.8181818181818,2,10,100,9,2,5e+05,"150527_717.RData"
2,0.1,16.6727272727273,31.1636363636364,2,10,100,8.6,2,5e+05,"150527_718.RData"
5,0.1,7.54545454545454,34.5090909090909,2,10,100,9,2,5e+05,"150527_719.RData"
5,0.001,18.5454545454545,33.0545454545455,2,10,100,8.4,2,5e+05,"150527_71.RData"
10,0.1,4.21818181818182,35.9636363636364,2,10,100,9,2,5e+05,"150527_720.RData"
2,0.1,16.3727272727273,34.3818181818182,2,10,100,9,2,5e+05,"150527_721.RData"
5,0.1,7.66363636363636,37.0454545454545,2,10,100,8.6,2,5e+05,"150527_722.RData"
10,0.1,4.11818181818182,34.7272727272727,2,10,100,8.6,2,5e+05,"150527_723.RData"
2,0.1,17.0363636363636,37.2272727272727,2,10,100,9,2,5e+05,"150527_724.RData"
5,0.1,7.58181818181818,36.3181818181818,2,10,100,9,2,5e+05,"150527_725.RData"
10,0.1,3.86363636363636,34.5636363636364,2,10,100,8.6,2,5e+05,"150527_726.RData"
2,0.1,16.5090909090909,34.4,2,10,100,9,2,5e+05,"150527_727.RData"
5,0.1,7.44545454545455,35.2818181818182,2,10,100,8.8,2,5e+05,"150527_728.RData"
10,0.1,3.69090909090909,37.9272727272727,2,10,100,9,2,5e+05,"150527_729.RData"
10,0.001,3.90909090909091,37.8363636363636,2,10,100,8.8,2,5e+05,"150527_72.RData"
2,0.1,16.9909090909091,29.8272727272727,2,10,100,8.2,2,5e+05,"150527_730.RData"
5,0.1,6.71818181818182,37.5636363636364,2,10,100,8.6,2,5e+05,"150527_731.RData"
10,0.1,3.72727272727273,35.4181818181818,2,10,100,9,2,5e+05,"150527_732.RData"
2,0.1,16.1090909090909,32.5545454545455,2,10,100,9,2,5e+05,"150527_733.RData"
5,0.1,7.54545454545454,35.9636363636364,2,10,100,9,2,5e+05,"150527_734.RData"
10,0.1,3.82727272727273,35.6,2,10,100,8.6,2,5e+05,"150527_735.RData"
2,0.1,16.1,36.2909090909091,2,10,100,8.8,2,5e+05,"150527_736.RData"
5,0.1,7.7,36.4181818181818,2,10,100,8.4,2,5e+05,"150527_737.RData"
10,0.1,3.69090909090909,35.3909090909091,2,10,100,9,2,5e+05,"150527_738.RData"
2,0.1,16.5818181818182,34.3727272727273,2,10,100,9,2,5e+05,"150527_739.RData"
2,0.001,26.8454545454545,30.8454545454545,2,10,100,8.2,2,5e+05,"150527_73.RData"
5,0.1,7.38181818181818,36.2,2,10,100,9,2,5e+05,"150527_740.RData"
10,0.1,3.72727272727273,38.3818181818182,2,10,100,9,2,5e+05,"150527_741.RData"
2,0.1,16.6636363636364,35.1454545454545,2,10,100,9,2,5e+05,"150527_742.RData"
5,0.1,7.62727272727273,31.8727272727273,2,10,100,8.8,2,5e+05,"150527_743.RData"
10,0.1,3.72727272727273,33.8909090909091,2,10,100,9,2,5e+05,"150527_744.RData"
2,0.1,16.0818181818182,35.8272727272727,2,10,100,9,2,5e+05,"150527_745.RData"
5,0.1,7.59090909090909,34.5181818181818,2,10,100,9,2,5e+05,"150527_746.RData"
10,0.1,3.77272727272727,40.4363636363636,2,10,100,9,2,5e+05,"150527_747.RData"
2,0.1,17.2727272727273,32.1636363636364,2,10,100,8.4,2,5e+05,"150527_748.RData"
5,0.1,7.98181818181818,33.6727272727273,2,10,100,8.8,2,5e+05,"150527_749.RData"
5,0.001,20.2090909090909,31.4454545454545,2,10,100,8.4,2,5e+05,"150527_74.RData"
10,0.1,3.99090909090909,34.4727272727273,2,10,100,9,2,5e+05,"150527_750.RData"
2,0.1,16.4636363636364,34.3545454545455,2,10,100,9,2,5e+05,"150527_751.RData"
5,0.1,8.17272727272727,35.2363636363636,2,10,100,9,2,5e+05,"150527_752.RData"
10,0.1,4.11818181818182,33.5272727272727,2,10,100,9,2,5e+05,"150527_753.RData"
2,0.1,17.8727272727273,31.6636363636364,2,10,100,8.6,2,5e+05,"150527_754.RData"
5,0.1,7.8,32.1909090909091,2,10,100,8.2,2,5e+05,"150527_755.RData"
10,0.1,4.10909090909091,37.4272727272727,2,10,100,8.4,2,5e+05,"150527_756.RData"
2,0.1,16.7,32.3363636363636,2,10,100,8.4,2,5e+05,"150527_757.RData"
5,0.1,7.79090909090909,35.4,2,10,100,9,2,5e+05,"150527_758.RData"
10,0.1,3.7,35.6545454545455,2,10,100,9,2,5e+05,"150527_759.RData"
10,0.001,3.72727272727273,36.3818181818182,2,10,100,8.8,2,5e+05,"150527_75.RData"
2,0.1,16.4272727272727,33.5363636363636,2,10,100,9,2,5e+05,"150527_760.RData"
5,0.1,7.75454545454545,34.7,2,10,100,9,2,5e+05,"150527_761.RData"
10,0.1,3.54545454545455,35.9,2,10,100,9,2,5e+05,"150527_762.RData"
2,0.1,16.9363636363636,31.1454545454545,2,10,100,9,2,5e+05,"150527_763.RData"
5,0.1,7.83636363636364,32.6909090909091,2,10,100,8.6,2,5e+05,"150527_764.RData"
10,0.1,3.8,38.0272727272727,2,10,100,9,2,5e+05,"150527_765.RData"
2,0.1,18.0454545454545,32.4545454545455,2,10,100,9,2,5e+05,"150527_766.RData"
5,0.1,7.68181818181818,33.3545454545455,2,10,100,9,2,5e+05,"150527_767.RData"
10,0.1,4.14545454545455,35.3363636363636,2,10,100,9,2,5e+05,"150527_768.RData"
2,0.1,16.1,34.1272727272727,2,10,100,8.8,2,5e+05,"150527_769.RData"
2,0.001,16.4454545454545,33.4090909090909,2,10,100,9,2,5e+05,"150527_76.RData"
5,0.1,7.55454545454545,37.4272727272727,2,10,100,8.6,2,5e+05,"150527_770.RData"
10,0.1,3.75454545454545,34.4272727272727,2,10,100,9,2,5e+05,"150527_771.RData"
2,0.1,17.2909090909091,31.0181818181818,2,10,100,8.8,2,5e+05,"150527_772.RData"
5,0.1,6.87272727272727,36.2454545454545,2,10,100,8.4,2,5e+05,"150527_773.RData"
10,0.1,3.72727272727273,37.3636363636364,2,10,100,9,2,5e+05,"150527_774.RData"
2,0.1,16.5545454545455,32.9727272727273,2,10,100,8.6,2,5e+05,"150527_775.RData"
5,0.1,7.42727272727273,34.4090909090909,2,10,100,9,2,5e+05,"150527_776.RData"
10,0.1,3.90909090909091,34.2545454545455,2,10,100,8.2,2,5e+05,"150527_777.RData"
2,0.1,16.5818181818182,35.8363636363636,2,10,100,8.4,2,5e+05,"150527_778.RData"
5,0.1,7.29090909090909,37.0272727272727,2,10,100,9,2,5e+05,"150527_779.RData"
5,0.001,7.36363636363636,34.2909090909091,2,10,100,9,2,5e+05,"150527_77.RData"
10,0.1,3.7,36.5,2,10,100,8.8,2,5e+05,"150527_780.RData"
2,0.1,17.3545454545455,30.8545454545455,2,10,100,8.6,2,5e+05,"150527_781.RData"
5,0.1,7.61818181818182,34.8545454545455,2,10,100,8,2,5e+05,"150527_782.RData"
10,0.1,4.35454545454545,35.9636363636364,2,10,100,8.6,2,5e+05,"150527_783.RData"
2,0.1,17,32.3090909090909,2,10,100,9,2,5e+05,"150527_784.RData"
5,0.1,7.73636363636364,35.2090909090909,2,10,100,8.6,2,5e+05,"150527_785.RData"
10,0.1,3.72727272727273,34.7909090909091,2,10,100,9,2,5e+05,"150527_786.RData"
2,0.1,16.7090909090909,32.7181818181818,2,10,100,8.6,2,5e+05,"150527_787.RData"
5,0.1,7.35454545454545,35.8818181818182,2,10,100,9,2,5e+05,"150527_788.RData"
10,0.1,3.64545454545455,37.8090909090909,2,10,100,9,2,5e+05,"150527_789.RData"
10,0.001,4.19090909090909,36.5272727272727,2,10,100,8.4,2,5e+05,"150527_78.RData"
2,0.1,16.6,33.3909090909091,2,10,100,8.8,2,5e+05,"150527_790.RData"
5,0.1,7.6,32.4909090909091,2,10,100,9,2,5e+05,"150527_791.RData"
10,0.1,3.71818181818182,35.4545454545455,2,10,100,8.8,2,5e+05,"150527_792.RData"
2,0.1,16.1181818181818,33.5545454545455,2,10,100,9,2,5e+05,"150527_793.RData"
5,0.1,7.79090909090909,34.4,2,10,100,8.6,2,5e+05,"150527_794.RData"
10,0.1,4.5,33.3181818181818,2,10,100,9,2,5e+05,"150527_795.RData"
2,0.1,16.6090909090909,33.5181818181818,2,10,100,9,2,5e+05,"150527_796.RData"
5,0.1,7.71818181818182,33.8363636363636,2,10,100,9,2,5e+05,"150527_797.RData"
10,0.1,3.86363636363636,35.8,2,10,100,8.6,2,5e+05,"150527_798.RData"
2,0.1,16.8363636363636,31.8090909090909,2,10,100,9,2,5e+05,"150527_799.RData"
2,0.001,29.8636363636364,29.8090909090909,2,10,100,9,2,5e+05,"150527_79.RData"
2,0.001,16.6272727272727,32.4909090909091,2,10,100,9,2,5e+05,"150527_7.RData"
5,0.1,7.24545454545455,34.9636363636364,2,10,100,8.2,2,5e+05,"150527_800.RData"
10,0.1,3.83636363636364,36.5272727272727,2,10,100,8.4,2,5e+05,"150527_801.RData"
2,0.1,16.4272727272727,33.8090909090909,2,10,100,8.2,2,5e+05,"150527_802.RData"
5,0.1,7.27272727272727,35.3272727272727,2,10,100,9,2,5e+05,"150527_803.RData"
10,0.1,3.93636363636364,36.7545454545455,2,10,100,9,2,5e+05,"150527_804.RData"
2,0.1,17.3909090909091,30.9363636363636,2,10,100,8.8,2,5e+05,"150527_805.RData"
5,0.1,7.28181818181818,37.2636363636364,2,10,100,9,2,5e+05,"150527_806.RData"
10,0.1,3.83636363636364,34.5363636363636,2,10,100,8.6,2,5e+05,"150527_807.RData"
2,0.1,16.8181818181818,32.1454545454545,2,10,100,9,2,5e+05,"150527_808.RData"
5,0.1,7.55454545454545,36.1818181818182,2,10,100,8.2,2,5e+05,"150527_809.RData"
5,0.001,7.91818181818182,34.7363636363636,2,10,100,9,2,5e+05,"150527_80.RData"
10,0.1,4,36.9545454545455,2,10,100,8.6,2,5e+05,"150527_810.RData"
2,0.1,15.8545454545455,34.0545454545455,2,10,100,9,2,5e+05,"150527_811.RData"
5,0.1,7.47272727272727,35.1636363636364,2,10,100,9,2,5e+05,"150527_812.RData"
10,0.1,4.2,35.3,2,10,100,9,2,5e+05,"150527_813.RData"
2,0.1,16.9454545454545,32.5,2,10,100,9,2,5e+05,"150527_814.RData"
5,0.1,7.92727272727273,36.1363636363636,2,10,100,9,2,5e+05,"150527_815.RData"
10,0.1,3.99090909090909,36.5727272727273,2,10,100,9,2,5e+05,"150527_816.RData"
2,0.1,16.7454545454545,33.7636363636364,2,10,100,8.8,2,5e+05,"150527_817.RData"
5,0.1,7.17272727272727,36.0090909090909,2,10,100,9,2,5e+05,"150527_818.RData"
10,0.1,3.90909090909091,37.6636363636364,2,10,100,9,2,5e+05,"150527_819.RData"
10,0.001,3.77272727272727,36.5363636363636,2,10,100,9,2,5e+05,"150527_81.RData"
2,0.1,16.6818181818182,32.0818181818182,2,10,100,8.2,2,5e+05,"150527_820.RData"
5,0.1,7.18181818181818,34.2363636363636,2,10,100,8.8,2,5e+05,"150527_821.RData"
10,0.1,3.86363636363636,35.4454545454545,2,10,100,8.8,2,5e+05,"150527_822.RData"
2,0.1,15.9272727272727,32.5545454545455,2,10,100,8.6,2,5e+05,"150527_823.RData"
5,0.1,7.39090909090909,33.9272727272727,2,10,100,8.8,2,5e+05,"150527_824.RData"
10,0.1,3.82727272727273,36.5181818181818,2,10,100,9,2,5e+05,"150527_825.RData"
2,0.1,17.2636363636364,33.1272727272727,2,10,100,9,2,5e+05,"150527_826.RData"
5,0.1,7.25454545454545,34.5181818181818,2,10,100,9,2,5e+05,"150527_827.RData"
10,0.1,4.25454545454545,34.1090909090909,2,10,100,9,2,5e+05,"150527_828.RData"
2,0.1,16.3454545454545,31.6181818181818,2,10,100,9,2,5e+05,"150527_829.RData"
2,0.001,16.5181818181818,31.6636363636364,2,10,100,9,2,5e+05,"150527_82.RData"
5,0.1,7.86363636363636,34.1636363636364,2,10,100,8.6,2,5e+05,"150527_830.RData"
10,0.1,4.16363636363636,34.1363636363636,2,10,100,8.2,2,5e+05,"150527_831.RData"
2,0.1,17,33.6454545454545,2,10,100,9,2,5e+05,"150527_832.RData"
5,0.1,7.31818181818182,32.1818181818182,2,10,100,8.4,2,5e+05,"150527_833.RData"
10,0.1,3.89090909090909,36.7636363636364,2,10,100,9,2,5e+05,"150527_834.RData"
2,0.1,16.6,32.5818181818182,2,10,100,8.8,2,5e+05,"150527_835.RData"
5,0.1,7.53636363636364,34.7545454545455,2,10,100,9,2,5e+05,"150527_836.RData"
10,0.1,4.09090909090909,35.8,2,10,100,8.8,2,5e+05,"150527_837.RData"
2,0.1,16.3545454545455,32.5090909090909,2,10,100,9,2,5e+05,"150527_838.RData"
5,0.1,7.46363636363636,35.1,2,10,100,9,2,5e+05,"150527_839.RData"
5,0.001,21.5,30.3818181818182,2,10,100,9,2,5e+05,"150527_83.RData"
10,0.1,4.18181818181818,34.6727272727273,2,10,100,9,2,5e+05,"150527_840.RData"
2,0.1,17.3818181818182,30.6727272727273,2,10,100,9,2,5e+05,"150527_841.RData"
5,0.1,7.56363636363636,35.1454545454545,2,10,100,9,2,5e+05,"150527_842.RData"
10,0.1,4.23636363636364,35.7818181818182,2,10,100,9,2,5e+05,"150527_843.RData"
2,0.1,17.5909090909091,32.1727272727273,2,10,100,8.6,2,5e+05,"150527_844.RData"
5,0.1,7.6,35.2272727272727,2,10,100,9,2,5e+05,"150527_845.RData"
10,0.1,3.91818181818182,37.1363636363636,2,10,100,8.6,2,5e+05,"150527_846.RData"
2,0.1,16.5363636363636,33.5545454545455,2,10,100,9,2,5e+05,"150527_847.RData"
5,0.1,7.55454545454545,34.8,2,10,100,8.6,2,5e+05,"150527_848.RData"
10,0.1,3.88181818181818,38.0545454545455,2,10,100,8.6,2,5e+05,"150527_849.RData"
10,0.001,3.66363636363636,33.5454545454545,2,10,100,9,2,5e+05,"150527_84.RData"
2,0.1,16.0181818181818,34.1909090909091,2,10,100,9,2,5e+05,"150527_850.RData"
5,0.1,7.26363636363636,36.0545454545455,2,10,100,8.8,2,5e+05,"150527_851.RData"
10,0.1,3.96363636363636,35.4818181818182,2,10,100,9,2,5e+05,"150527_852.RData"
2,0.1,17.2363636363636,33.4545454545455,2,10,100,8.8,2,5e+05,"150527_853.RData"
5,0.1,7.60909090909091,36.1181818181818,2,10,100,9,2,5e+05,"150527_854.RData"
10,0.1,3.65454545454545,38.2,2,10,100,8.8,2,5e+05,"150527_855.RData"
2,0.1,16.1909090909091,36.5,2,10,100,9,2,5e+05,"150527_856.RData"
5,0.1,7.75454545454545,32.3090909090909,2,10,100,8.6,2,5e+05,"150527_857.RData"
10,0.1,3.9,36.9181818181818,2,10,100,9,2,5e+05,"150527_858.RData"
2,0.1,16.9727272727273,32.4636363636364,2,10,100,8.8,2,5e+05,"150527_859.RData"
2,0.001,16.3727272727273,32.8909090909091,2,10,100,8.8,2,5e+05,"150527_85.RData"
5,0.1,7.71818181818182,34.2181818181818,2,10,100,9,2,5e+05,"150527_860.RData"
10,0.1,4.2,34.9181818181818,2,10,100,9,2,5e+05,"150527_861.RData"
2,0.1,17.0545454545455,32.2,2,10,100,9,2,5e+05,"150527_862.RData"
5,0.1,7.50909090909091,34.3363636363636,2,10,100,8.8,2,5e+05,"150527_863.RData"
10,0.1,3.84545454545455,36.9,2,10,100,9,2,5e+05,"150527_864.RData"
2,0.1,16.7545454545455,29.9,2,10,100,9,2,5e+05,"150527_865.RData"
5,0.1,7.6,34.8636363636364,2,10,100,8.4,2,5e+05,"150527_866.RData"
10,0.1,4.57272727272727,33.9454545454545,2,10,100,9,2,5e+05,"150527_867.RData"
2,0.1,16.3909090909091,33.7,2,10,100,9,2,5e+05,"150527_868.RData"
5,0.1,7.67272727272727,36.6363636363636,2,10,100,9,2,5e+05,"150527_869.RData"
5,0.001,19.8636363636364,33.3,2,10,100,8.8,2,5e+05,"150527_86.RData"
10,0.1,4.15454545454545,35.7181818181818,2,10,100,9,2,5e+05,"150527_870.RData"
2,0.1,17.3181818181818,31.5727272727273,2,10,100,9,2,5e+05,"150527_871.RData"
5,0.1,7.5,35.6636363636364,2,10,100,9,2,5e+05,"150527_872.RData"
10,0.1,4.11818181818182,36.2272727272727,2,10,100,8.8,2,5e+05,"150527_873.RData"
2,0.1,17.0181818181818,34.7909090909091,2,10,100,9,2,5e+05,"150527_874.RData"
5,0.1,7.58181818181818,34.1272727272727,2,10,100,8.8,2,5e+05,"150527_875.RData"
10,0.1,3.77272727272727,36.4818181818182,2,10,100,9,2,5e+05,"150527_876.RData"
2,0.1,16.1727272727273,31.8727272727273,2,10,100,8.4,2,5e+05,"150527_877.RData"
5,0.1,7.74545454545455,34.7363636363636,2,10,100,7.8,2,5e+05,"150527_878.RData"
10,0.1,3.83636363636364,36.4363636363636,2,10,100,9,2,5e+05,"150527_879.RData"
10,0.001,3.93636363636364,35.0636363636364,2,10,100,8.4,2,5e+05,"150527_87.RData"
2,0.1,16.6818181818182,33.4363636363636,2,10,100,8.6,2,5e+05,"150527_880.RData"
5,0.1,7.84545454545455,35.3,2,10,100,9,2,5e+05,"150527_881.RData"
10,0.1,4.04545454545454,33.0909090909091,2,10,100,8.8,2,5e+05,"150527_882.RData"
2,0.1,16.1545454545455,33.8636363636364,2,10,100,8.6,2,5e+05,"150527_883.RData"
5,0.1,7.47272727272727,32.9363636363636,2,10,100,9,2,5e+05,"150527_884.RData"
10,0.1,4.01818181818182,37.5545454545455,2,10,100,8.8,2,5e+05,"150527_885.RData"
2,0.1,17.1818181818182,31.8,2,10,100,9,2,5e+05,"150527_886.RData"
5,0.1,7.79090909090909,36.1363636363636,2,10,100,9,2,5e+05,"150527_887.RData"
10,0.1,4.07272727272727,37.2181818181818,2,10,100,8.8,2,5e+05,"150527_888.RData"
2,0.1,16.2181818181818,33.0272727272727,2,10,100,9,2,5e+05,"150527_889.RData"
2,0.001,16.0363636363636,33.8636363636364,2,10,100,9,2,5e+05,"150527_88.RData"
5,0.1,7.57272727272727,33.5909090909091,2,10,100,8.4,2,5e+05,"150527_890.RData"
10,0.1,3.87272727272727,35.9636363636364,2,10,100,9,2,5e+05,"150527_891.RData"
2,0.1,16.1727272727273,33.0272727272727,2,10,100,9,2,5e+05,"150527_892.RData"
5,0.1,7.08181818181818,35.3,2,10,100,8.8,2,5e+05,"150527_893.RData"
10,0.1,4.14545454545455,35.3545454545455,2,10,100,8.8,2,5e+05,"150527_894.RData"
2,0.1,17.4909090909091,31.4090909090909,2,10,100,8.4,2,5e+05,"150527_895.RData"
5,0.1,7.81818181818182,36.5636363636364,2,10,100,8.2,2,5e+05,"150527_896.RData"
10,0.1,4.18181818181818,35.0818181818182,2,10,100,9,2,5e+05,"150527_897.RData"
2,0.1,16.4818181818182,34.2545454545455,2,10,100,8.6,2,5e+05,"150527_898.RData"
5,0.1,7.69090909090909,36.3545454545455,2,10,100,8.8,2,5e+05,"150527_899.RData"
5,0.001,14.8727272727273,36.7818181818182,2,10,100,8.6,2,5e+05,"150527_89.RData"
5,0.001,7.46363636363636,35.8272727272727,2,10,100,8.8,2,5e+05,"150527_8.RData"
10,0.1,3.9,36.3636363636364,2,10,100,8.6,2,5e+05,"150527_900.RData"
2,0.1,17.6454545454545,31.5090909090909,2,10,100,9,2,5e+05,"150527_901.RData"
5,0.1,7.00909090909091,36.3545454545455,2,10,100,8.2,2,5e+05,"150527_902.RData"
10,0.1,4,37.9545454545455,2,10,100,9,2,5e+05,"150527_903.RData"
2,0.1,16.2181818181818,32.7727272727273,2,10,100,8.6,2,5e+05,"150527_904.RData"
5,0.1,7.65454545454545,35.0545454545455,2,10,100,8.6,2,5e+05,"150527_905.RData"
10,0.1,3.93636363636364,36.3181818181818,2,10,100,8.4,2,5e+05,"150527_906.RData"
2,0.1,16.4,33.5272727272727,2,10,100,8.6,2,5e+05,"150527_907.RData"
5,0.1,7.38181818181818,34.5545454545455,2,10,100,8.8,2,5e+05,"150527_908.RData"
10,0.1,3.92727272727273,33.0272727272727,2,10,100,8.6,2,5e+05,"150527_909.RData"
10,0.001,3.71818181818182,38.7545454545455,2,10,100,8.6,2,5e+05,"150527_90.RData"
2,0.1,16.4181818181818,33.5090909090909,2,10,100,9,2,5e+05,"150527_910.RData"
5,0.1,7.67272727272727,35.3272727272727,2,10,100,9,2,5e+05,"150527_911.RData"
10,0.1,4.09090909090909,36.8818181818182,2,10,100,9,2,5e+05,"150527_912.RData"
2,0.1,16.5636363636364,33.9181818181818,2,10,100,9,2,5e+05,"150527_913.RData"
5,0.1,6.64545454545455,36.3818181818182,2,10,100,9,2,5e+05,"150527_914.RData"
10,0.1,3.76363636363636,37.8636363636364,2,10,100,8.8,2,5e+05,"150527_915.RData"
2,0.1,17.1090909090909,34.1636363636364,2,10,100,8.6,2,5e+05,"150527_916.RData"
5,0.1,7.4,35.4181818181818,2,10,100,9,2,5e+05,"150527_917.RData"
10,0.1,4.19090909090909,35.7363636363636,2,10,100,9,2,5e+05,"150527_918.RData"
2,0.1,15.2727272727273,33.6818181818182,2,10,100,8.8,2,5e+05,"150527_919.RData"
2,0.001,28.0909090909091,28.8909090909091,2,10,100,8.4,2,5e+05,"150527_91.RData"
5,0.1,7.71818181818182,33.8818181818182,2,10,100,8.8,2,5e+05,"150527_920.RData"
10,0.1,4.23636363636364,36.9363636363636,2,10,100,9,2,5e+05,"150527_921.RData"
2,0.1,16.8818181818182,30.8909090909091,2,10,100,8.4,2,5e+05,"150527_922.RData"
5,0.1,7.61818181818182,34.7,2,10,100,8.8,2,5e+05,"150527_923.RData"
10,0.1,4.21818181818182,35.9363636363636,2,10,100,9,2,5e+05,"150527_924.RData"
2,0.1,17.0727272727273,33.8545454545455,2,10,100,9,2,5e+05,"150527_925.RData"
5,0.1,7.55454545454545,34.5363636363636,2,10,100,9,2,5e+05,"150527_926.RData"
10,0.1,3.71818181818182,35.8727272727273,2,10,100,7.8,2,5e+05,"150527_927.RData"
2,0.1,17.0636363636364,33.2272727272727,2,10,100,9,2,5e+05,"150527_928.RData"
5,0.1,7.47272727272727,34.6636363636364,2,10,100,8.8,2,5e+05,"150527_929.RData"
5,0.001,19.4363636363636,31.7727272727273,2,10,100,8.6,2,5e+05,"150527_92.RData"
10,0.1,3.98181818181818,34.1636363636364,2,10,100,9,2,5e+05,"150527_930.RData"
2,0.1,17.1181818181818,32.6181818181818,2,10,100,9,2,5e+05,"150527_931.RData"
5,0.1,7.8,34.0545454545455,2,10,100,9,2,5e+05,"150527_932.RData"
10,0.1,3.98181818181818,33.2363636363636,2,10,100,9,2,5e+05,"150527_933.RData"
2,0.1,16.8363636363636,34.6818181818182,2,10,100,8.6,2,5e+05,"150527_934.RData"
5,0.1,6.91818181818182,35.6090909090909,2,10,100,9,2,5e+05,"150527_935.RData"
10,0.1,3.88181818181818,36.0636363636364,2,10,100,8.2,2,5e+05,"150527_936.RData"
2,0.1,16.8818181818182,32.2818181818182,2,10,100,8.8,2,5e+05,"150527_937.RData"
5,0.1,7.2,34.5818181818182,2,10,100,8.8,2,5e+05,"150527_938.RData"
10,0.1,3.92727272727273,35.0545454545455,2,10,100,8.6,2,5e+05,"150527_939.RData"
10,0.001,3.99090909090909,36.2727272727273,2,10,100,9,2,5e+05,"150527_93.RData"
2,0.1,16.6,35.2545454545455,2,10,100,9,2,5e+05,"150527_940.RData"
5,0.1,7.83636363636364,35.9909090909091,2,10,100,7.2,2,5e+05,"150527_941.RData"
10,0.1,3.93636363636364,37.8181818181818,2,10,100,8.4,2,5e+05,"150527_942.RData"
2,0.1,16.8454545454545,32.5909090909091,2,10,100,9,2,5e+05,"150527_943.RData"
5,0.1,7.55454545454545,37.2727272727273,2,10,100,8.4,2,5e+05,"150527_944.RData"
10,0.1,3.92727272727273,37.7363636363636,2,10,100,8.6,2,5e+05,"150527_945.RData"
2,0.1,16.6545454545455,33.7181818181818,2,10,100,9,2,5e+05,"150527_946.RData"
5,0.1,7.43636363636364,35.1909090909091,2,10,100,9,2,5e+05,"150527_947.RData"
10,0.1,3.7,37.0272727272727,2,10,100,8.6,2,5e+05,"150527_948.RData"
2,0.1,15.1909090909091,34.1181818181818,2,10,100,8.8,2,5e+05,"150527_949.RData"
2,0.001,15.9818181818182,32.4818181818182,2,10,100,8.4,2,5e+05,"150527_94.RData"
5,0.1,7.55454545454545,34.5090909090909,2,10,100,9,2,5e+05,"150527_950.RData"
10,0.1,4.28181818181818,36.9363636363636,2,10,100,9,2,5e+05,"150527_951.RData"
2,0.1,15.9818181818182,33.5545454545455,2,10,100,8.8,2,5e+05,"150527_952.RData"
5,0.1,7.2,34.6545454545455,2,10,100,8.8,2,5e+05,"150527_953.RData"
10,0.1,3.64545454545455,37.5363636363636,2,10,100,9,2,5e+05,"150527_954.RData"
2,0.1,16.5272727272727,30.9272727272727,2,10,100,8.2,2,5e+05,"150527_955.RData"
5,0.1,7.95454545454546,32.9636363636364,2,10,100,9,2,5e+05,"150527_956.RData"
10,0.1,4.19090909090909,36.3454545454545,2,10,100,8.8,2,5e+05,"150527_957.RData"
2,0.1,16.4545454545455,31.4818181818182,2,10,100,9,2,5e+05,"150527_958.RData"
5,0.1,7.54545454545454,35.0818181818182,2,10,100,8.8,2,5e+05,"150527_959.RData"
5,0.001,7.8,33.8909090909091,2,10,100,9,2,5e+05,"150527_95.RData"
10,0.1,3.95454545454545,35.6636363636364,2,10,100,9,2,5e+05,"150527_960.RData"
2,0.1,15.9909090909091,31.8181818181818,2,10,100,8.2,2,5e+05,"150527_961.RData"
5,0.1,7.21818181818182,36.5818181818182,2,10,100,8.8,2,5e+05,"150527_962.RData"
10,0.1,4.04545454545455,37.6090909090909,2,10,100,8.4,2,5e+05,"150527_963.RData"
2,0.1,17.1818181818182,32.7181818181818,2,10,100,8.6,2,5e+05,"150527_964.RData"
5,0.1,7.05454545454545,33.7363636363636,2,10,100,9,2,5e+05,"150527_965.RData"
10,0.1,3.81818181818182,34.8909090909091,2,10,100,8.8,2,5e+05,"150527_966.RData"
2,0.1,17.3818181818182,30.7272727272727,2,10,100,9,2,5e+05,"150527_967.RData"
5,0.1,7.71818181818182,35.2090909090909,2,10,100,9,2,5e+05,"150527_968.RData"
10,0.1,3.89090909090909,36.3727272727273,2,10,100,8.6,2,5e+05,"150527_969.RData"
10,0.001,4.13636363636364,32.6727272727273,2,10,100,8.8,2,5e+05,"150527_96.RData"
2,0.1,17.2818181818182,32.3636363636364,2,10,100,9,2,5e+05,"150527_970.RData"
5,0.1,7.41818181818182,33.8363636363636,2,10,100,9,2,5e+05,"150527_971.RData"
10,0.1,4.10909090909091,35.8363636363636,2,10,100,8.8,2,5e+05,"150527_972.RData"
2,0.1,16.6909090909091,31.6545454545455,2,10,100,8.4,2,5e+05,"150527_973.RData"
5,0.1,7.08181818181818,35.2090909090909,2,10,100,9,2,5e+05,"150527_974.RData"
10,0.1,3.86363636363636,35.5545454545455,2,10,100,9,2,5e+05,"150527_975.RData"
2,0.1,17.2272727272727,33.2454545454545,2,10,100,8.6,2,5e+05,"150527_976.RData"
5,0.1,7.28181818181818,36.3545454545455,2,10,100,9,2,5e+05,"150527_977.RData"
10,0.1,4,37.1181818181818,2,10,100,9,2,5e+05,"150527_978.RData"
2,0.1,16.1,34.4090909090909,2,10,100,9,2,5e+05,"150527_979.RData"
2,0.001,17.0636363636364,33.8272727272727,2,10,100,9,2,5e+05,"150527_97.RData"
5,0.1,7.21818181818182,35.9272727272727,2,10,100,8.8,2,5e+05,"150527_980.RData"
10,0.1,3.92727272727273,37.4454545454545,2,10,100,8.2,2,5e+05,"150527_981.RData"
2,0.1,16.5181818181818,31.9090909090909,2,10,100,9,2,5e+05,"150527_982.RData"
5,0.1,7.76363636363636,36.0090909090909,2,10,100,9,2,5e+05,"150527_983.RData"
10,0.1,4.28181818181818,35.8454545454545,2,10,100,9,2,5e+05,"150527_984.RData"
2,0.1,16.9363636363636,31.9909090909091,2,10,100,9,2,5e+05,"150527_985.RData"
5,0.1,7.4,34.4818181818182,2,10,100,8.6,2,5e+05,"150527_986.RData"
10,0.1,4.14545454545455,34.1909090909091,2,10,100,9,2,5e+05,"150527_987.RData"
2,0.1,15.9818181818182,35.5454545454545,2,10,100,9,2,5e+05,"150527_988.RData"
5,0.1,7.7,37.0272727272727,2,10,100,8.6,2,5e+05,"150527_989.RData"
5,0.001,7.7,34.8909090909091,2,10,100,8.6,2,5e+05,"150527_98.RData"
10,0.1,4.07272727272727,34.7181818181818,2,10,100,8.8,2,5e+05,"150527_990.RData"
2,0.1,16.1454545454545,34.4454545454545,2,10,100,8.6,2,5e+05,"150527_991.RData"
5,0.1,7.5,33.8454545454545,2,10,100,9,2,5e+05,"150527_992.RData"
10,0.1,3.56363636363636,40.3363636363636,2,10,100,8.4,2,5e+05,"150527_993.RData"
2,0.1,15.1818181818182,35.0636363636364,2,10,100,9,2,5e+05,"150527_994.RData"
5,0.1,7.58181818181818,34.5090909090909,2,10,100,9,2,5e+05,"150527_995.RData"
10,0.1,3.99090909090909,35.6818181818182,2,10,100,8.6,2,5e+05,"150527_996.RData"
2,0.1,17.2545454545455,34.5636363636364,2,10,100,9,2,5e+05,"150527_997.RData"
5,0.1,7.75454545454545,33.7363636363636,2,10,100,8.8,2,5e+05,"150527_998.RData"
10,0.1,3.76363636363636,36.3727272727273,2,10,100,8.8,2,5e+05,"150527_999.RData"
10,0.001,4.07272727272727,35.8545454545455,2,10,100,8.8,2,5e+05,"150527_99.RData"
10,0.001,18.3909090909091,31.3727272727273,2,10,100,8.2,2,5e+05,"150527_9.RData"
